order_id,customer_id,order_date,order_status,sales_channel,location_id,payment_method,shipping_address_city,shipping_fee,discount_amount,expected_delivery_date
O0000001,C000144,2023-04-06 05:46:00,Cancelled,Marketplace,L00223,Cash on Delivery,Chicago,0,91.88,2023-04-13
O0000002,C000224,2025-05-18 06:46:00,Packed,Website,L00001,Credit Card,Manchester,99,0.0,2025-05-21
O0000003,C000233,2024-01-16 09:32:00,Delivered,Call Center,L00116,Cash on Delivery,London,49,226.19,2024-01-17
O0000004,C000397,2025-02-11 17:36:00,Created,Call Center,L00495,Wallet,Ahmedabad,0,0.0,2025-02-15
O0000005,C000233,2024-04-11 12:46:00,Returned,Mobile App,L00081,Cash on Delivery,Chennai,199,0.0,2024-04-14
O0000006,C000287,2024-11-06 19:14:00,Created,Website,L00066,Net Banking,Chennai,149,0.0,2024-11-14
O0000007,C000532,2024-07-29 15:07:00,Created,Website,L00198,Net Banking,Dubai,99,0.0,2024-08-06
O0000008,C000853,2025-12-02 20:16:00,Packed,Retail Store,L00489,Wallet,Berlin,0,129.67,2025-12-05
O0000009,C000420,2024-07-25 17:54:00,Shipped,Website,L00344,Wallet,Berlin,149,0.0,2024-07-26
O0000010,C000250,2024-10-03 13:55:00,Shipped,Website,L00097,Debit Card,Berlin,99,169.97,2024-10-11
O0000011,C000612,2025-04-28 03:26:00,Delivered,Retail Store,L00313,Wallet,Sydney,0,0.0,2025-05-02
O0000012,C000402,2026-04-04 18:03:00,Cancelled,Mobile App,L00171,Cash on Delivery,Bangalore,99,0.0,2026-04-12
O0000013,C000228,2023-12-18 03:24:00,Shipped,Mobile App,L00200,Credit Card,Toronto,149,136.07,2023-12-19
O0000014,C000689,2023-04-26 07:30:00,Delivered,Marketplace,L00168,UPI,Sydney,79,46.83,2023-05-03
O0000015,C000940,2024-04-25 21:38:00,Paid,Marketplace,L00127,Cash on Delivery,Kolkata,149,0.0,2024-05-01
O0000016,C000279,2023-08-05 14:51:00,Returned,Mobile App,L00072,UPI,Singapore,0,113.28,2023-08-12
O0000017,C000724,2023-08-06 22:11:00,Shipped,Website,L00193,Cash on Delivery,Singapore,99,51.43,2023-08-11
O0000018,C000569,2024-03-01 23:49:00,Packed,Marketplace,L00258,Net Banking,Kolkata,0,40.17,2024-03-09
O0000019,C000667,2024-11-22 19:02:00,Cancelled,Marketplace,L00439,Wallet,Singapore,99,0.0,2024-11-23
O0000020,C000472,2023-12-27 22:06:00,Cancelled,Mobile App,L00496,UPI,Delhi,99,250.82,2023-12-29
O0000021,C000440,2025-08-21 06:59:00,Created,Mobile App,L00464,Credit Card,Toronto,199,54.13,2025-08-22
O0000022,C000662,2023-09-29 20:10:00,Cancelled,Marketplace,L00175,Credit Card,Berlin,149,56.22,2023-09-30
O0000023,C000445,2024-01-14 23:15:00,Packed,Website,L00321,Wallet,Hyderabad,199,91.61,2024-01-17
O0000024,C000685,2024-07-08 04:42:00,Paid,Mobile App,L00032,UPI,Bangalore,199,97.57,2024-07-14
O0000025,C000528,2023-08-30 21:47:00,Cancelled,Marketplace,L00437,Net Banking,Jaipur,0,84.12,2023-09-07
O0000026,C000040,2023-05-14 06:29:00,Packed,Mobile App,L00328,UPI,New York,0,0.0,2023-05-17
O0000027,C000205,2023-05-25 00:41:00,Shipped,Marketplace,L00326,Debit Card,Dubai,149,0.0,2023-05-28
O0000028,C000680,2025-02-20 13:37:00,Delivered,Mobile App,L00434,Wallet,Los Angeles,49,50.75,2025-02-22
O0000029,C000555,2023-05-14 20:52:00,Delivered,Call Center,L00197,Debit Card,Lucknow,49,106.15,2023-05-17
O0000030,C000193,2023-12-30 16:47:00,Shipped,Marketplace,L00277,Cash on Delivery,Sydney,149,59.05,2024-01-04
O0000031,C000925,2025-12-14 12:27:00,Cancelled,Retail Store,L00261,UPI,Lucknow,49,89.96,2025-12-17
O0000032,C000352,2023-10-01 17:21:00,Shipped,Marketplace,L00022,Credit Card,Dubai,79,0.0,2023-10-07
O0000033,C000009,2025-09-09 20:55:00,Delivered,Call Center,L00255,Net Banking,Lucknow,79,46.45,2025-09-11
O0000034,C000469,2024-11-03 01:16:00,Returned,Mobile App,L00128,Credit Card,Mumbai,149,136.44,2024-11-11
O0000035,C000626,2024-08-06 23:46:00,Cancelled,Retail Store,L00412,Net Banking,Manchester,149,98.28,2024-08-13
O0000036,C000053,2023-02-15 13:37:00,Returned,Retail Store,L00088,Credit Card,Delhi,0,55.97,2023-02-20
O0000037,C000402,2025-07-06 03:21:00,Returned,Retail Store,L00492,Cash on Delivery,New York,0,124.59,2025-07-13
O0000038,C000300,2025-02-26 15:42:00,Delivered,Mobile App,L00268,Debit Card,Lucknow,199,59.39,2025-03-04
O0000039,C000336,2025-06-09 18:33:00,Packed,Website,L00020,Cash on Delivery,New York,99,285.69,2025-06-13
O0000040,C000923,2023-10-05 22:47:00,Paid,Retail Store,L00271,Credit Card,Toronto,199,0.0,2023-10-13
O0000041,C000883,2023-09-24 10:03:00,Delivered,Retail Store,L00247,Net Banking,Pune,99,100.57,2023-09-26
O0000042,C000295,2024-05-25 16:41:00,Returned,Call Center,L00251,Credit Card,Chicago,49,150.73,2024-05-29
O0000043,C000783,2023-02-14 02:54:00,Shipped,Retail Store,L00145,Wallet,New York,0,40.03,2023-02-19
O0000044,C000890,2025-01-25 04:58:00,Shipped,Retail Store,L00502,Net Banking,Mumbai,49,232.75,2025-01-28
O0000045,C000312,2025-05-15 06:16:00,Paid,Marketplace,L00289,Net Banking,Sydney,149,274.72,2025-05-19
O0000046,C000380,2023-11-05 06:14:00,Cancelled,Retail Store,L00451,Cash on Delivery,Mumbai,99,56.76,2023-11-13
O0000047,C000439,2025-08-02 14:56:00,Cancelled,Mobile App,L00178,Net Banking,Ahmedabad,99,507.64,2025-08-03
O0000048,C000834,2026-02-09 19:31:00,Packed,Marketplace,L00508,Wallet,Jaipur,199,106.0,2026-02-14
O0000049,C000869,2023-10-11 18:22:00,Shipped,Marketplace,L00195,Credit Card,Ahmedabad,99,246.57,2023-10-19
O0000050,C000492,2023-11-04 00:55:00,Shipped,Marketplace,L00432,Wallet,Manchester,79,45.96,2023-11-06
O0000051,C000213,2024-03-01 20:49:00,Delivered,Website,L00061,Cash on Delivery,Mumbai,149,109.54,2024-03-08
O0000052,C000763,2025-11-02 04:15:00,Cancelled,Mobile App,L00298,Wallet,New York,199,236.55,2025-11-08
O0000053,C000033,2023-09-24 13:27:00,Returned,Marketplace,L00014,Net Banking,Bangalore,149,0.0,2023-09-28
O0000054,C000081,2025-01-10 13:04:00,Delivered,Retail Store,L00514,UPI,Delhi,0,0.0,2025-01-16
O0000055,C000437,2025-07-06 08:25:00,Packed,Retail Store,L00079,Net Banking,London,0,251.11,2025-07-07
O0000056,C000688,2026-04-10 13:25:00,Delivered,Call Center,L00393,Credit Card,Los Angeles,199,0.0,2026-04-16
O0000057,C000634,2023-02-04 16:41:00,Packed,Mobile App,L00070,Cash on Delivery,Ahmedabad,0,0.0,2023-02-07
O0000058,C000859,2023-02-05 10:17:00,Cancelled,Call Center,L00493,Net Banking,Pune,49,0.0,2023-02-11
O0000059,C000034,2025-12-25 12:24:00,Shipped,Mobile App,L00316,Debit Card,Singapore,149,0.0,2025-12-31
O0000060,C000193,2024-09-11 04:00:00,Delivered,Website,L00336,Credit Card,Pune,199,55.66,2024-09-19
O0000061,C000766,2023-06-18 17:58:00,Shipped,Retail Store,L00417,Net Banking,Lucknow,0,41.8,2023-06-22
O0000062,C000364,2024-01-20 00:09:00,Paid,Retail Store,L00383,UPI,Singapore,0,132.6,2024-01-26
O0000063,C000336,2025-09-28 17:38:00,Delivered,Website,L00352,Wallet,Sydney,79,0.0,2025-10-05
O0000064,C000354,2023-08-15 12:29:00,Paid,Website,L00183,Wallet,Ahmedabad,79,0.0,2023-08-16
O0000065,C000265,2025-12-27 02:52:00,Paid,Call Center,L00395,Debit Card,Lucknow,49,0.0,2026-01-02
O0000066,C000602,2024-05-10 01:53:00,Paid,Marketplace,L00105,Debit Card,Toronto,49,83.63,2024-05-12
O0000067,C000341,2024-02-07 07:05:00,Packed,Website,L00365,Credit Card,New York,49,0.0,2024-02-12
O0000068,C000730,2025-12-27 02:42:00,Created,Retail Store,L00103,UPI,Berlin,149,106.55,2026-01-02
O0000069,C000820,2025-06-04 07:47:00,Packed,Marketplace,L00313,Credit Card,Singapore,199,0.0,2025-06-06
O0000070,C000057,2024-06-30 10:09:00,Packed,Call Center,L00427,Cash on Delivery,Hyderabad,0,297.17,2024-07-07
O0000071,C000917,2023-07-11 00:03:00,Paid,Mobile App,L00136,Cash on Delivery,Hyderabad,99,0.0,2023-07-14
O0000072,C000654,2025-10-19 11:59:00,Paid,Retail Store,L00412,Wallet,Dubai,99,0.0,2025-10-23
O0000073,C000012,2023-06-26 23:00:00,Delivered,Marketplace,L00354,Net Banking,Chennai,49,409.83,2023-06-30
O0000074,C000348,2025-08-06 08:35:00,Cancelled,Mobile App,L00506,Wallet,Manchester,0,0.0,2025-08-08
O0000075,C000525,2023-04-02 10:43:00,Cancelled,Call Center,L00024,Net Banking,Bangalore,99,0.0,2023-04-03
O0000076,C000429,2024-01-08 08:00:00,Returned,Retail Store,L00368,UPI,Manchester,99,122.5,2024-01-09
O0000077,C000518,2025-10-26 23:37:00,Shipped,Marketplace,L00339,Debit Card,Mumbai,0,232.92,2025-11-01
O0000078,C000544,2025-11-20 17:31:00,Cancelled,Marketplace,L00454,Net Banking,Berlin,149,41.48,2025-11-27
O0000079,C000606,2023-09-20 04:53:00,Created,Mobile App,L00024,Wallet,Chicago,0,99.28,2023-09-25
O0000080,C000016,2023-06-13 18:39:00,Delivered,Marketplace,L00220,Credit Card,Jaipur,149,163.79,2023-06-16
O0000081,C000729,2024-09-22 02:37:00,Packed,Call Center,L00125,Cash on Delivery,Mumbai,79,46.15,2024-09-25
O0000082,C000486,2023-07-10 23:26:00,Cancelled,Call Center,L00221,UPI,Ahmedabad,49,249.34,2023-07-15
O0000083,C000767,2025-04-07 20:33:00,Returned,Retail Store,L00424,Cash on Delivery,Chennai,149,0.0,2025-04-10
O0000084,C000923,2023-12-04 22:34:00,Returned,Call Center,L00002,Debit Card,Chennai,49,132.58,2023-12-11
O0000085,C000306,2025-05-24 17:46:00,Shipped,Retail Store,L00433,Wallet,Bangalore,149,227.85,2025-05-28
O0000086,C000851,2024-07-28 18:20:00,Packed,Mobile App,L00487,UPI,Kolkata,0,464.48,2024-08-03
O0000087,C000638,2023-11-21 16:44:00,Packed,Retail Store,L00501,UPI,Delhi,199,0.0,2023-11-26
O0000088,C000331,2023-11-17 13:28:00,Returned,Website,L00124,Wallet,Berlin,99,225.72,2023-11-21
O0000089,C000367,2024-10-13 02:49:00,Packed,Call Center,L00447,Net Banking,Manchester,149,223.76,2024-10-14
O0000090,C000517,2024-02-28 11:47:00,Created,Retail Store,L00189,Debit Card,Mumbai,0,154.54,2024-03-02
O0000091,C000778,2023-09-16 16:17:00,Packed,Call Center,L00221,Debit Card,Toronto,99,255.33,2023-09-21
O0000092,C999999,2023-06-19 20:55:00,Packed,Mobile App,L00035,Debit Card,Lucknow,149,0.0,2023-06-25
O0000093,C000903,2024-05-10 11:50:00,Shipped,Retail Store,L00409,Credit Card,Los Angeles,79,90.9,2024-05-11
O0000094,C000912,2025-03-15 01:39:00,Shipped,Retail Store,L00448,Cash on Delivery,Chennai,99,0.0,2025-03-21
O0000095,C000065,2024-09-04 19:36:00,Delivered,Call Center,L00110,UPI,London,99,0.0,2024-09-10
O0000096,C000740,2023-06-25 11:20:00,Delivered,Website,L00223,Cash on Delivery,Toronto,99,172.49,2023-06-28
O0000097,C000223,2024-01-09 13:16:00,Shipped,Call Center,L00380,UPI,Lucknow,199,200.25,2024-01-10
O0000098,C000916,2023-06-18 21:50:00,Delivered,Retail Store,L00103,Net Banking,Los Angeles,79,0.0,2023-06-23
O0000099,C000689,2023-12-05 10:13:00,Shipped,Call Center,L00103,Wallet,Pune,149,50.35,2023-12-11
O0000100,C000359,2025-06-20 14:27:00,Returned,Website,L00389,Net Banking,Bangalore,79,138.18,2025-06-25
O0000101,C000443,2024-09-18 07:49:00,Cancelled,Marketplace,L00483,Net Banking,Dubai,49,0.0,2024-09-23
O0000102,C000970,2023-04-21 15:25:00,Packed,Marketplace,L00247,Debit Card,Los Angeles,149,493.32,2023-04-22
O0000103,C000474,2024-11-13 20:16:00,Returned,Marketplace,L00466,Wallet,Jaipur,49,0.0,2024-11-18
O0000104,C000480,2023-12-21 11:23:00,Packed,Website,L00513,Debit Card,New York,79,461.8,2023-12-28
O0000105,C000635,2025-02-05 14:13:00,Paid,Mobile App,L00322,Wallet,Los Angeles,79,153.16,2025-02-11
O0000106,C000514,2025-09-26 11:59:00,Cancelled,Website,L00101,Debit Card,Sydney,79,0.0,2025-10-03
O0000107,C000308,2024-09-10 14:00:00,Shipped,Retail Store,L00019,Wallet,Manchester,199,0.0,2024-09-18
O0000108,C000570,2024-05-17 09:07:00,Cancelled,Marketplace,L00358,Credit Card,Sydney,199,49.99,2024-05-22
O0000109,C000027,2023-03-17 03:29:00,Delivered,Website,L00196,Credit Card,Delhi,99,156.95,2023-03-18
O0000110,C000037,2023-08-03 14:47:00,Shipped,Marketplace,L00393,Wallet,Mumbai,99,270.07,2023-08-06
O0000111,C000721,2023-07-20 12:57:00,Created,Marketplace,L00160,Wallet,Ahmedabad,199,244.52,2023-07-24
O0000112,C000377,2025-05-27 15:15:00,Cancelled,Retail Store,L00365,Credit Card,Toronto,0,425.62,2025-05-31
O0000113,C000354,2024-03-13 07:51:00,Returned,Website,L00110,Credit Card,Jaipur,49,0.0,2024-03-18
O0000114,C000872,2024-04-09 13:25:00,Packed,Call Center,L00231,Net Banking,Manchester,0,100.81,2024-04-10
O0000115,C000937,2023-01-23 21:03:00,Cancelled,Marketplace,L00468,Cash on Delivery,London,79,0.0,2023-01-24
O0000116,C000426,2024-12-02 05:42:00,Cancelled,Call Center,L00243,UPI,Delhi,49,242.92,2024-12-04
O0000117,C000822,2023-09-21 06:50:00,Created,Mobile App,L00171,UPI,Pune,99,0.0,2023-09-29
O0000118,C000634,2023-10-28 10:51:00,Shipped,Marketplace,L00314,Net Banking,Jaipur,199,95.1,2023-11-03
O0000119,C000947,2024-10-11 08:18:00,Created,Call Center,L00079,Cash on Delivery,New York,0,47.64,2024-10-19
O0000120,C000212,2024-11-23 04:03:00,Cancelled,Retail Store,L00103,Cash on Delivery,London,149,111.21,2024-11-28
O0000121,C000138,2024-06-16 12:42:00,Created,Marketplace,L00170,Cash on Delivery,Sydney,49,44.86,2024-06-21
O0000122,C999999,2023-08-16 05:28:00,Shipped,Website,L00213,Wallet,Toronto,99,98.75,2023-08-24
O0000123,C000495,2025-05-13 21:42:00,Created,Mobile App,L00446,Net Banking,Chicago,49,120.16,2025-05-20
O0000124,C000190,2023-05-15 20:26:00,Shipped,Marketplace,L00097,Wallet,Sydney,149,256.09,2023-05-20
O0000125,C000232,2026-03-22 07:02:00,Shipped,Marketplace,L00166,Net Banking,Jaipur,149,246.73,2026-03-24
O0000126,C000928,2023-03-17 10:45:00,Delivered,Retail Store,L00237,UPI,Dubai,0,529.03,2023-03-21
O0000127,C000462,2023-08-23 22:38:00,Created,Marketplace,L00055,Wallet,Dubai,0,47.94,2023-08-26
O0000128,C000180,2023-01-23 14:17:00,Packed,Website,L00121,Wallet,Ahmedabad,199,272.86,2023-01-29
O0000129,C000116,2023-01-08 04:11:00,Delivered,Website,L00434,Wallet,Sydney,99,167.56,2023-01-09
O0000130,C000377,2024-04-19 06:49:00,Returned,Marketplace,L00237,Debit Card,Berlin,199,0.0,2024-04-25
O0000131,C000319,2024-10-30 02:30:00,Packed,Mobile App,L00347,Cash on Delivery,Los Angeles,0,0.0,2024-11-01
O0000132,C000557,2023-07-01 04:58:00,Paid,Marketplace,L00251,UPI,Sydney,199,513.25,2023-07-02
O0000133,C000952,2025-07-18 03:31:00,Created,Website,L00505,Debit Card,Mumbai,79,250.03,2025-07-19
O0000134,C000956,2023-09-23 08:58:00,Created,Retail Store,L00392,UPI,Singapore,49,132.53,2023-10-01
O0000135,C000853,2026-02-15 14:48:00,Shipped,Retail Store,L00414,Credit Card,Bangalore,99,88.98,2026-02-21
O0000136,C000685,2025-07-20 21:40:00,Returned,Retail Store,L00239,Debit Card,Mumbai,49,43.54,2025-07-27
O0000137,C000774,2025-07-13 10:58:00,Packed,Marketplace,L00512,Credit Card,Bangalore,79,115.88,2025-07-14
O0000138,C000223,2025-06-17 23:51:00,Delivered,Marketplace,L00120,Net Banking,Bangalore,79,86.49,2025-06-18
O0000139,C000594,2026-04-10 11:52:00,Returned,Website,L00307,Credit Card,Hyderabad,0,590.67,2026-04-18
O0000140,C000762,2025-01-11 09:43:00,Shipped,Mobile App,L00360,Wallet,Dubai,99,0.0,2025-01-15
O0000141,C000011,2023-02-20 06:37:00,Packed,Retail Store,L00520,Wallet,Los Angeles,199,201.14,2023-02-27
O0000142,C000884,2024-01-08 20:45:00,Created,Mobile App,L00418,Net Banking,Singapore,99,0.0,2024-01-16
O0000143,C000480,2025-06-18 19:23:00,Returned,Call Center,L00042,Wallet,London,49,222.28,2025-06-26
O0000144,C000805,2025-06-28 02:42:00,Created,Mobile App,L00088,UPI,Hyderabad,49,217.24,2025-06-29
O0000145,C000168,2023-12-10 09:12:00,Paid,Mobile App,L00238,Credit Card,Chennai,49,45.04,2023-12-17
O0000146,C000998,2023-02-26 12:36:00,Cancelled,Website,L00265,Net Banking,Berlin,79,0.0,2023-03-06
O0000147,C000093,2023-10-15 19:19:00,Delivered,Retail Store,L00140,Cash on Delivery,Mumbai,0,286.15,2023-10-20
O0000148,C000545,2026-02-12 10:18:00,Returned,Mobile App,L00491,Credit Card,Hyderabad,149,0.0,2026-02-18
O0000149,C000007,2023-10-21 16:51:00,Paid,Retail Store,L00332,UPI,Chennai,79,168.04,2023-10-29
O0000150,C000653,2025-05-18 17:33:00,Delivered,Mobile App,L00458,Credit Card,Ahmedabad,199,0.0,2025-05-22
O0000151,C000993,2023-03-12 02:39:00,Delivered,Retail Store,L00334,Debit Card,Dubai,149,0.0,2023-03-20
O0000152,C000208,2023-11-23 16:31:00,Packed,Marketplace,L00079,Wallet,Los Angeles,99,0.0,2023-11-25
O0000153,C000118,2025-03-14 09:19:00,Created,Mobile App,L00438,Wallet,Singapore,149,0.0,2025-03-15
O0000154,C000320,2024-01-02 16:31:00,Cancelled,Website,L00347,Debit Card,Pune,199,0.0,2024-01-10
O0000155,C000283,2024-07-10 02:25:00,Delivered,Website,L00511,Credit Card,Jaipur,99,213.16,2024-07-18
O0000156,C000416,2023-07-20 11:10:00,Packed,Website,L00459,Debit Card,Chicago,0,506.91,2023-07-26
O0000157,C000587,2024-01-22 06:00:00,Delivered,Mobile App,L00382,Debit Card,Singapore,49,253.49,2024-01-23
O0000158,C000609,2024-06-15 10:28:00,Paid,Retail Store,L00158,Credit Card,Jaipur,199,150.01,2024-06-17
O0000159,C000740,2023-07-15 11:02:00,Delivered,Call Center,L00110,Net Banking,Chennai,0,0.0,2023-07-18
O0000160,C000739,2023-11-13 17:46:00,Paid,Mobile App,L00362,Wallet,Manchester,0,103.01,2023-11-17
O0000161,C000932,2025-11-01 05:37:00,Packed,Marketplace,L00106,UPI,Hyderabad,0,284.23,2025-11-09
O0000162,C000851,2023-02-09 14:21:00,Packed,Website,L00471,UPI,Pune,79,565.35,2023-02-16
O0000163,C000559,2023-06-13 16:59:00,Cancelled,Marketplace,L00244,Cash on Delivery,Dubai,99,447.13,2023-06-20
O0000164,C000196,2023-12-18 08:19:00,Paid,Marketplace,L00314,UPI,Berlin,99,432.96,2023-12-25
O0000165,C000315,2025-04-11 22:54:00,Delivered,Website,L00229,Debit Card,Berlin,149,0.0,2025-04-15
O0000166,C000129,2023-02-08 20:18:00,Shipped,Retail Store,L00301,Credit Card,Bangalore,199,0.0,2023-02-09
O0000167,C000490,2024-12-26 15:14:00,Paid,Mobile App,L00426,Net Banking,Chicago,199,0.0,2024-12-31
O0000168,C000614,2024-03-28 13:50:00,Created,Website,L00237,Cash on Delivery,Jaipur,199,0.0,2024-04-03
O0000169,C000840,2023-08-21 14:11:00,Shipped,Website,L00187,UPI,Toronto,79,257.16,2023-08-22
O0000170,C000941,2025-12-04 08:08:00,Paid,Call Center,L00229,Wallet,Jaipur,99,86.54,2025-12-08
O0000171,C000701,2024-10-23 19:26:00,Cancelled,Retail Store,L00426,Credit Card,Los Angeles,49,0.0,2024-10-26
O0000172,C000799,2024-09-08 14:46:00,Shipped,Website,L00242,Cash on Delivery,Kolkata,49,0.0,2024-09-09
O0000173,C000861,2025-04-12 02:55:00,Packed,Call Center,L00320,Net Banking,Ahmedabad,199,139.09,2025-04-13
O0000174,C000635,2024-05-24 03:25:00,Delivered,Website,L00505,Cash on Delivery,London,99,168.69,2024-05-29
O0000175,C000701,2024-02-07 09:14:00,Delivered,Marketplace,L00410,Debit Card,Dubai,49,130.47,2024-02-15
O0000176,C000848,2025-07-24 06:15:00,Paid,Retail Store,L00101,Debit Card,Jaipur,79,52.58,2025-07-28
O0000177,C000866,2025-05-16 09:06:00,Paid,Retail Store,L00184,UPI,Bangalore,199,131.45,2025-05-24
O0000178,C000938,2024-12-11 01:20:00,Shipped,Mobile App,L00075,Debit Card,New York,0,0.0,2024-12-13
O0000179,C000824,2025-12-30 15:03:00,Cancelled,Website,L00274,UPI,Chennai,49,117.85,2026-01-06
O0000180,C000382,2023-11-17 11:52:00,Paid,Call Center,L00090,Credit Card,Toronto,149,0.0,2023-11-21
O0000181,C000733,2024-12-08 00:22:00,Cancelled,Call Center,L00229,UPI,Delhi,149,422.02,2024-12-16
O0000182,C000955,2025-10-13 03:57:00,Shipped,Mobile App,L00402,Wallet,Chennai,79,224.6,2025-10-20
O0000183,C000894,2023-06-02 21:42:00,Cancelled,Marketplace,L00374,Debit Card,Bangalore,0,487.16,2023-06-04
O0000184,C000576,2023-04-23 10:38:00,Delivered,Retail Store,L00395,Wallet,Manchester,99,0.0,2023-04-27
O0000185,C000784,2025-10-31 01:47:00,Created,Marketplace,L00039,Net Banking,Hyderabad,0,52.0,2025-11-08
O0000186,C000609,2026-02-15 03:34:00,Created,Retail Store,L00213,Cash on Delivery,Hyderabad,99,51.1,2026-02-17
O0000187,C000091,2026-01-02 23:22:00,Shipped,Website,L00362,UPI,Mumbai,199,233.41,2026-01-09
O0000188,C000181,2023-11-25 12:30:00,Created,Mobile App,L00036,Cash on Delivery,Toronto,49,0.0,2023-11-27
O0000189,C000648,2024-08-17 14:09:00,Shipped,Retail Store,L00198,UPI,Bangalore,99,54.54,2024-08-18
O0000190,C000976,2025-03-30 19:28:00,Created,Marketplace,L00381,UPI,Berlin,149,48.23,2025-04-01
O0000191,C000389,2026-03-01 01:27:00,Shipped,Call Center,L00428,UPI,Toronto,0,0.0,2026-03-07
O0000192,C000311,2025-01-18 12:13:00,Returned,Website,L00255,Cash on Delivery,Manchester,49,0.0,2025-01-19
O0000193,C000777,2024-12-09 13:21:00,Paid,Retail Store,L00220,Net Banking,Ahmedabad,0,41.99,2024-12-17
O0000194,C000381,2023-11-26 13:06:00,Delivered,Mobile App,L00290,Credit Card,Hyderabad,49,106.59,2023-11-29
O0000195,C000025,2024-08-17 10:20:00,Packed,Website,L00060,Wallet,Mumbai,199,51.36,2024-08-25
O0000196,C000139,2025-12-01 16:30:00,Shipped,Mobile App,L00318,Credit Card,Kolkata,79,50.52,2025-12-02
O0000197,C000162,2024-08-19 07:20:00,Delivered,Website,L00315,Net Banking,Jaipur,0,598.32,2024-08-26
O0000198,C000635,2025-03-04 04:32:00,Cancelled,Website,L00509,Wallet,Berlin,99,0.0,2025-03-07
O0000199,C000170,2025-04-07 01:00:00,Paid,Mobile App,L00131,UPI,Mumbai,79,274.36,2025-04-15
O0000200,C000081,2023-07-29 05:23:00,Delivered,Website,L00378,UPI,Hyderabad,149,0.0,2023-07-30
O0000201,C000556,2025-06-02 01:45:00,Returned,Call Center,L00118,Debit Card,Toronto,149,110.85,2025-06-10
O0000202,C000199,2026-02-14 12:51:00,,Retail Store,L00427,Net Banking,Berlin,79,92.11,2026-02-17
O0000203,C000153,2024-06-15 22:35:00,Delivered,Retail Store,L00258,Debit Card,Delhi,49,446.94,2024-06-17
O0000204,C000546,2023-05-31 03:58:00,Cancelled,Retail Store,L00033,Cash on Delivery,Dubai,0,111.52,2023-06-04
O0000205,C000271,2025-02-23 02:01:00,Returned,Call Center,L00466,Wallet,Hyderabad,0,0.0,2025-03-02
O0000206,C000498,2023-10-20 09:46:00,Delivered,Mobile App,L00420,UPI,Delhi,0,45.24,2023-10-25
O0000207,C999999,2025-11-22 03:07:00,Packed,Marketplace,L00107,Credit Card,Ahmedabad,49,158.17,2025-11-30
O0000208,C000040,2024-09-26 09:28:00,Packed,Call Center,L00515,Cash on Delivery,Jaipur,0,245.32,2024-10-01
O0000209,C000023,2025-12-14 06:04:00,Created,Marketplace,L00203,Net Banking,Jaipur,79,425.03,2025-12-17
O0000210,C000810,2025-08-25 19:17:00,,Website,L00056,Debit Card,Kolkata,99,90.33,2025-09-02
O0000211,C000726,2024-05-20 19:06:00,,Call Center,L00235,UPI,Delhi,49,296.35,2024-05-22
O0000212,C000778,2024-04-04 05:27:00,Packed,Website,L00462,Cash on Delivery,Singapore,0,149.33,2024-04-11
O0000213,C000547,2023-03-16 02:01:00,Cancelled,Retail Store,L00416,Credit Card,Pune,79,47.92,2023-03-23
O0000214,C000974,2024-07-29 14:18:00,Shipped,Call Center,L00410,Net Banking,Dubai,149,100.35,2024-07-31
O0000215,C000110,2024-05-19 12:51:00,Created,Retail Store,L00026,Net Banking,Bangalore,0,497.26,2024-05-23
O0000216,C000829,2024-09-26 19:12:00,Returned,Website,L00207,Net Banking,Sydney,0,0.0,2024-09-28
O0000217,C000285,2025-05-16 01:02:00,Paid,Marketplace,L00025,UPI,Lucknow,0,140.05,2025-05-23
O0000218,C000532,2024-04-22 21:42:00,Cancelled,Retail Store,L00311,Cash on Delivery,New York,79,0.0,2024-04-24
O0000219,C000369,2024-03-08 23:14:00,Created,Website,L00250,UPI,Berlin,199,0.0,2024-03-15
O0000220,C000981,2025-03-01 22:07:00,Cancelled,Mobile App,L00490,Credit Card,Manchester,49,110.53,2025-03-04
O0000221,C000765,2023-11-08 06:50:00,Returned,Marketplace,L00358,Cash on Delivery,Ahmedabad,149,0.0,2023-11-15
O0000222,C000948,2024-06-18 22:05:00,,Website,L00248,Net Banking,Berlin,99,587.45,2024-06-25
O0000223,C000235,2023-07-27 15:55:00,Shipped,Website,L00328,Cash on Delivery,Hyderabad,99,0.0,2023-08-03
O0000224,C000270,2024-01-20 11:48:00,Packed,Call Center,L00403,Wallet,Berlin,99,0.0,2024-01-25
O0000225,C000006,2024-11-02 11:31:00,Delivered,Marketplace,L00237,Cash on Delivery,Chennai,99,0.0,2024-11-09
O0000226,C000130,2023-11-06 11:20:00,Packed,Mobile App,L00057,Net Banking,Mumbai,0,0.0,2023-11-08
O0000227,C000076,2023-06-20 10:27:00,Created,Retail Store,L00426,Debit Card,Singapore,79,118.72,2023-06-22
O0000228,C000689,2024-04-18 00:03:00,Cancelled,Call Center,L00144,UPI,Chicago,149,0.0,2024-04-25
O0000229,C000271,2024-03-22 02:03:00,Delivered,Retail Store,L00269,Cash on Delivery,Ahmedabad,199,285.61,2024-03-28
O0000230,C000130,2023-05-24 19:08:00,Returned,Call Center,L00074,Debit Card,Chennai,0,221.33,2023-05-26
O0000231,C000394,2024-08-11 03:30:00,Cancelled,Mobile App,L00065,Credit Card,Chennai,49,226.18,2024-08-13
O0000232,C000194,2024-05-03 13:32:00,Cancelled,Website,L00325,Net Banking,Manchester,99,80.6,2024-05-07
O0000233,C000752,2023-05-19 22:36:00,Cancelled,Marketplace,L00234,Debit Card,Singapore,49,280.5,2023-05-21
O0000234,C000267,2024-05-07 14:37:00,Returned,Mobile App,L00329,UPI,Pune,149,276.16,2024-05-12
O0000235,C000440,2024-05-23 23:40:00,Delivered,Website,L00446,Credit Card,Lucknow,49,40.93,2024-05-28
O0000236,C000512,2023-02-20 10:35:00,Created,Marketplace,L00491,Cash on Delivery,Los Angeles,149,0.0,2023-02-27
O0000237,C000952,2025-09-13 16:30:00,Paid,Call Center,L00054,Credit Card,Chennai,0,118.18,2025-09-17
O0000238,C000405,2024-01-01 23:25:00,Paid,Marketplace,L00024,Wallet,Lucknow,0,0.0,2024-01-07
O0000239,C000789,2026-03-08 15:29:00,Cancelled,Call Center,L00233,Debit Card,Berlin,79,570.54,2026-03-14
O0000240,C000463,2023-10-27 08:46:00,Cancelled,Website,L00276,Net Banking,Kolkata,99,402.37,2023-11-03
O0000241,C000106,2025-08-06 13:06:00,Packed,Marketplace,L00165,Cash on Delivery,Pune,49,40.61,2025-08-07
O0000242,C000971,2024-05-25 01:47:00,Delivered,Marketplace,L00150,Cash on Delivery,Singapore,49,444.63,2024-05-28
O0000243,C000535,2025-08-24 21:45:00,Created,Retail Store,L00208,Debit Card,London,79,101.79,2025-08-27
O0000244,C000460,2023-01-14 02:39:00,Delivered,Call Center,L00024,Net Banking,Jaipur,199,0.0,2023-01-17
O0000245,C000335,2024-03-04 20:25:00,Paid,Marketplace,L00068,UPI,New York,0,0.0,2024-03-10
O0000246,C000706,2023-08-24 19:19:00,,Retail Store,L00263,Debit Card,Kolkata,199,0.0,2023-08-31
O0000247,C000040,2023-09-22 07:20:00,Cancelled,Mobile App,L00158,Credit Card,Kolkata,199,107.31,2023-09-27
O0000248,C000446,2024-02-24 18:07:00,Returned,Website,L00145,Wallet,Hyderabad,99,222.11,2024-03-02
O0000249,C000745,2025-02-28 17:30:00,Created,Website,L00313,UPI,Los Angeles,79,82.57,2025-03-01
O0000250,C000005,2024-06-24 18:29:00,Cancelled,Marketplace,L00032,Cash on Delivery,New York,149,0.0,2024-06-26
O0000251,C999999,2026-04-03 13:53:00,Delivered,Mobile App,L00175,UPI,Hyderabad,0,120.36,2026-04-04
O0000252,C000723,2025-04-15 19:36:00,Created,Mobile App,L00426,Credit Card,New York,49,142.35,2025-04-19
O0000253,C000516,2026-02-05 01:20:00,Shipped,Marketplace,L00198,Debit Card,Los Angeles,79,0.0,2026-02-10
O0000254,C000693,2024-11-27 23:55:00,Delivered,Website,L00204,Credit Card,Hyderabad,79,0.0,2024-12-03
O0000255,C000722,2024-01-07 14:28:00,Shipped,Website,L00182,Net Banking,Jaipur,149,0.0,2024-01-08
O0000256,C000724,2025-12-28 16:00:00,Created,Retail Store,L00483,Credit Card,Lucknow,49,0.0,2026-01-01
O0000257,C000374,2024-08-27 21:46:00,Created,Marketplace,L00186,Wallet,London,99,146.7,2024-08-29
O0000258,C000562,2025-07-08 18:51:00,Created,Marketplace,L00229,Net Banking,London,49,574.81,2025-07-14
O0000259,C000563,2023-06-29 12:00:00,Delivered,Website,L00366,Credit Card,Los Angeles,199,0.0,2023-07-03
O0000260,C000938,2025-02-08 01:00:00,Packed,Website,L00201,Debit Card,Sydney,199,40.14,2025-02-16
O0000261,C000749,2023-08-28 23:15:00,Delivered,Call Center,L00491,Debit Card,Manchester,0,161.76,2023-08-29
O0000262,C000694,2024-03-27 06:33:00,Cancelled,Call Center,L00498,Cash on Delivery,Los Angeles,49,164.03,2024-04-03
O0000263,C000479,2024-06-12 07:36:00,Cancelled,Call Center,L00406,Credit Card,Bangalore,99,49.93,2024-06-17
O0000264,C000474,2024-08-31 08:20:00,Returned,Marketplace,L00259,Credit Card,Mumbai,99,258.15,2024-09-03
O0000265,C000238,2024-12-04 09:41:00,Returned,Marketplace,L00305,Wallet,Hyderabad,199,203.1,2024-12-09
O0000266,C000626,2025-11-21 06:58:00,Cancelled,Call Center,L00338,Cash on Delivery,Mumbai,99,236.39,2025-11-27
O0000267,C000682,2025-10-14 10:26:00,Shipped,Marketplace,L00074,Debit Card,Lucknow,199,0.0,2025-10-18
O0000268,C000478,2023-07-20 21:53:00,Shipped,Mobile App,L00477,UPI,Bangalore,199,0.0,2023-07-24
O0000269,C000729,2024-01-26 06:45:00,Packed,Mobile App,L00514,Debit Card,London,149,127.79,2024-02-01
O0000270,C000784,2024-01-19 07:05:00,Returned,Retail Store,L00142,UPI,Kolkata,49,447.58,2024-01-25
O0000271,C000609,2025-07-11 04:16:00,Paid,Mobile App,L00055,Debit Card,Jaipur,99,414.97,2025-07-18
O0000272,C000728,2023-03-10 18:15:00,Packed,Retail Store,L00366,Credit Card,Chennai,0,0.0,2023-03-18
O0000273,C000956,2024-09-25 08:59:00,Delivered,Retail Store,L00370,Net Banking,Hyderabad,49,0.0,2024-09-29
O0000274,C000750,2023-10-30 15:43:00,Returned,Website,L00015,Net Banking,Chicago,0,0.0,2023-11-02
O0000275,C000648,2024-04-30 20:45:00,Packed,Marketplace,L00028,Net Banking,Singapore,199,134.9,2024-05-01
O0000276,C000341,2024-10-25 10:37:00,Paid,Mobile App,L00053,Cash on Delivery,New York,99,0.0,2024-11-02
O0000277,C000662,2024-09-30 06:14:00,Shipped,Mobile App,L00141,Wallet,Berlin,0,107.13,2024-10-07
O0000278,C000387,2024-05-15 12:36:00,Shipped,Call Center,L00146,Credit Card,Pune,199,0.0,2024-05-23
O0000279,C000469,2023-02-17 12:06:00,Shipped,Retail Store,L00039,Credit Card,Delhi,79,0.0,2023-02-18
O0000280,C000034,2024-06-01 09:39:00,Shipped,Mobile App,L00469,Credit Card,Chicago,49,0.0,2024-06-05
O0000281,C000651,2024-04-18 18:47:00,Cancelled,Call Center,L00075,Net Banking,Berlin,49,0.0,2024-04-24
O0000282,C000428,2023-11-23 05:58:00,Returned,Call Center,L00044,Debit Card,Chennai,149,53.05,2023-12-01
O0000283,C000636,2023-04-21 10:18:00,Shipped,Call Center,L00332,Net Banking,Pune,149,0.0,2023-04-25
O0000284,C000761,2025-11-27 22:47:00,Created,Mobile App,L00027,Net Banking,Dubai,149,0.0,2025-12-02
O0000285,C000141,2025-10-27 18:20:00,Shipped,Call Center,L00278,Net Banking,Bangalore,199,288.61,2025-11-01
O0000286,C000371,2024-13-40 99:99:99,,Retail Store,L00473,Cash on Delivery,Jaipur,99,509.49,2024-06-15
O0000287,C000491,2024-07-12 13:20:00,Shipped,Website,L00480,Net Banking,Delhi,49,590.7,2024-07-15
O0000288,C000614,2025-12-05 01:50:00,Delivered,Mobile App,L00140,Net Banking,Delhi,199,225.72,2025-12-13
O0000289,C000529,2025-10-06 02:41:00,Created,Retail Store,L00435,Wallet,Sydney,0,41.49,2025-10-13
O0000290,C000066,2026-03-28 11:40:00,Shipped,Mobile App,L00148,Credit Card,Pune,79,0.0,2026-04-03
O0000291,C000409,2024-07-07 02:53:00,,Website,L00019,Wallet,Singapore,199,102.25,2024-07-15
O0000292,C000527,2025-08-23 00:44:00,Shipped,Website,L00410,UPI,Pune,0,493.47,2025-08-25
O0000293,C000232,2024-08-07 01:18:00,Shipped,Call Center,L00231,UPI,Manchester,149,245.3,2024-08-10
O0000294,C000336,2023-06-20 21:03:00,Created,Call Center,L00069,Credit Card,Mumbai,199,410.2,2023-06-22
O0000295,C000013,2023-02-27 23:11:00,Created,Marketplace,L00382,Wallet,Toronto,49,54.07,2023-03-02
O0000296,C000907,2023-12-19 19:57:00,Packed,Call Center,L00482,Net Banking,Jaipur,199,534.89,2023-12-25
O0000297,C000888,2025-05-14 10:38:00,Cancelled,Mobile App,L00463,UPI,Chennai,99,106.76,2025-05-17
O0000298,C000798,2024-08-05 03:22:00,Shipped,Marketplace,L00217,Credit Card,Kolkata,49,587.49,2024-08-09
O0000299,C000790,2025-03-20 23:36:00,Shipped,Retail Store,L00459,Credit Card,Sydney,79,149.78,2025-03-22
O0000300,C000306,2023-04-06 11:33:00,Delivered,Marketplace,L00401,UPI,Dubai,149,0.0,2023-04-10
O0000301,C000291,2025-10-27 12:10:00,Cancelled,Marketplace,L00047,UPI,New York,0,220.91,2025-11-01
O0000302,C000606,2023-10-25 14:47:00,Created,Website,L00112,Cash on Delivery,Mumbai,199,168.04,2023-10-27
O0000303,C000568,2025-05-18 16:39:00,Delivered,Mobile App,L00330,Credit Card,Ahmedabad,79,211.78,2025-05-22
O0000304,C000710,2024-02-11 20:17:00,Returned,Mobile App,L00009,Debit Card,London,79,0.0,2024-02-19
O0000305,C000560,2024-11-16 10:18:00,Returned,Retail Store,L00168,Wallet,Hyderabad,199,0.0,2024-11-21
O0000306,C000313,2026-01-10 08:28:00,Created,Call Center,L00396,Debit Card,Manchester,0,544.21,2026-01-15
O0000307,C000441,2024-01-05 02:16:00,Shipped,Marketplace,L00081,Wallet,Mumbai,79,168.04,2024-01-08
O0000308,C000516,2025-05-26 19:58:00,Delivered,Call Center,L00466,Net Banking,Toronto,79,91.15,2025-05-31
O0000309,C000005,2023-05-22 07:17:00,Delivered,Mobile App,L00119,Cash on Delivery,Dubai,199,48.32,2023-05-23
O0000310,C000465,2025-06-09 05:44:00,Cancelled,Call Center,L00341,Debit Card,Jaipur,99,50.32,2025-06-10
O0000311,C000302,2025-12-17 09:50:00,Delivered,Marketplace,L00491,Net Banking,Hyderabad,0,144.58,2025-12-24
O0000312,C000477,2024-05-06 01:51:00,Cancelled,Call Center,L00029,UPI,Sydney,0,178.07,2024-05-08
O0000313,C000946,2023-09-25 14:40:00,Paid,Mobile App,L00307,Net Banking,Pune,199,413.48,2023-10-02
O0000314,C000896,2024-09-02 14:55:00,Shipped,Website,L00361,Credit Card,Chennai,199,0.0,2024-09-03
O0000315,C000777,2026-02-15 15:34:00,Shipped,Marketplace,L00049,Cash on Delivery,Lucknow,79,150.82,2026-02-22
O0000316,C000953,2024-08-30 02:33:00,Paid,Call Center,L00030,Cash on Delivery,Sydney,49,128.37,2024-09-02
O0000317,C000599,2026-01-11 12:27:00,Packed,Call Center,L00043,UPI,Chicago,149,87.02,2026-01-14
O0000318,C000037,2024-08-09 14:56:00,Paid,Website,L00337,Cash on Delivery,Ahmedabad,199,0.0,2024-08-17
O0000319,C000164,2023-12-10 06:47:00,Paid,Retail Store,L00018,Wallet,London,79,0.0,2023-12-18
O0000320,C000797,2026-01-14 22:42:00,Paid,Call Center,L00347,Net Banking,Chicago,0,42.99,2026-01-22
O0000321,C000980,2024-07-04 14:05:00,Shipped,Call Center,L00008,Debit Card,Ahmedabad,79,168.8,2024-07-10
O0000322,C000977,2025-05-20 05:12:00,Returned,Retail Store,L00133,Net Banking,Mumbai,0,93.22,2025-05-26
O0000323,C000965,2025-08-20 06:03:00,Returned,Mobile App,L00129,Debit Card,Singapore,79,584.56,2025-08-21
O0000324,C000745,2024-06-05 01:48:00,Packed,Marketplace,L00157,Net Banking,Sydney,149,59.62,2024-06-13
O0000325,C000107,2023-03-21 09:06:00,Shipped,Call Center,L00426,Credit Card,Los Angeles,149,263.76,2023-03-26
O0000326,C000862,2024-04-21 16:25:00,Shipped,Marketplace,L00352,UPI,Sydney,199,109.85,2024-04-28
O0000327,C000639,2024-01-19 22:11:00,Cancelled,Call Center,L00073,Wallet,New York,79,583.6,2024-01-27
O0000328,C000694,2025-05-16 05:15:00,Packed,Call Center,L00269,Cash on Delivery,Jaipur,49,227.46,2025-05-24
O0000329,C000088,2024-10-23 06:03:00,Cancelled,Mobile App,L00132,Wallet,Sydney,0,0.0,2024-10-31
O0000330,C000254,2023-10-22 17:14:00,Shipped,Website,L00365,UPI,Singapore,0,0.0,2023-10-23
O0000331,C000287,2024-03-23 06:29:00,Packed,Website,L00203,Debit Card,Manchester,99,0.0,2024-03-31
O0000332,C000442,2025-02-19 11:38:00,Shipped,Call Center,L00377,Cash on Delivery,Lucknow,79,468.13,2025-02-25
O0000333,C000351,2025-01-23 00:57:00,Cancelled,Retail Store,L00332,Debit Card,Dubai,199,0.0,2025-01-28
O0000334,C000230,2024-08-09 02:35:00,Paid,Mobile App,L00354,Cash on Delivery,Los Angeles,49,0.0,2024-08-12
O0000335,C000069,2024-10-03 03:55:00,Created,Marketplace,L00190,Net Banking,Lucknow,199,92.79,2024-10-04
O0000336,C000395,2023-10-05 15:40:00,Shipped,Call Center,L00269,Cash on Delivery,Singapore,49,118.04,2023-10-09
O0000337,C000960,2024-05-10 05:46:00,Returned,Marketplace,L00094,UPI,Bangalore,199,0.0,2024-05-17
O0000338,C000093,2023-02-15 18:16:00,Returned,Call Center,L00181,Credit Card,Los Angeles,199,0.0,2023-02-21
O0000339,C000837,2023-02-25 09:59:00,Delivered,Website,L00490,Debit Card,Ahmedabad,49,138.15,2023-02-26
O0000340,C000820,2023-06-28 03:13:00,Cancelled,Mobile App,L00310,UPI,Sydney,199,148.38,2023-07-02
O0000341,C000914,2025-06-04 22:11:00,Shipped,Website,L00473,Debit Card,Toronto,49,112.78,2025-06-06
O0000342,C000905,2023-12-05 19:05:00,Delivered,Mobile App,L00209,Credit Card,Delhi,79,102.42,2023-12-08
O0000343,C000661,2023-04-14 17:34:00,Delivered,Retail Store,L00072,UPI,Los Angeles,49,42.34,2023-04-16
O0000344,C000072,2023-03-15 16:09:00,Paid,Call Center,L00223,Cash on Delivery,Kolkata,0,591.82,2023-03-19
O0000345,C000308,2025-03-27 15:03:00,Shipped,Mobile App,L00071,Cash on Delivery,Singapore,149,0.0,2025-04-04
O0000346,C000740,2023-03-03 03:15:00,Returned,Mobile App,L00211,UPI,Jaipur,149,145.79,2023-03-11
O0000347,C000060,2025-08-30 12:22:00,Shipped,Mobile App,L00508,UPI,Manchester,49,41.5,2025-09-06
O0000348,C000201,2025-03-18 00:53:00,Cancelled,Website,L00510,Credit Card,Mumbai,79,595.31,2025-03-19
O0000349,C000881,2026-03-20 19:24:00,Created,Retail Store,L00211,Credit Card,Bangalore,79,96.1,2026-03-27
O0000350,C000707,2023-10-08 07:13:00,Created,Website,L00473,Cash on Delivery,New York,149,0.0,2023-10-16
O0000351,C000203,2023-04-10 17:26:00,Paid,Mobile App,L00256,Credit Card,Chicago,79,458.63,2023-04-14
O0000352,C000615,2024-05-13 14:21:00,Returned,Mobile App,L00006,Debit Card,Sydney,79,0.0,2024-05-19
O0000353,C000788,2023-08-19 06:39:00,Delivered,Website,L00118,Debit Card,Lucknow,149,0.0,2023-08-23
O0000354,C000501,2024-02-27 17:45:00,Shipped,Mobile App,L00201,Debit Card,Ahmedabad,149,0.0,2024-03-02
O0000355,C000432,2025-11-28 09:26:00,Delivered,Retail Store,L00281,Cash on Delivery,Jaipur,0,223.09,2025-11-30
O0000356,C000354,2023-08-05 14:21:00,Delivered,Retail Store,L00173,Credit Card,Hyderabad,79,150.8,2023-08-06
O0000357,C000082,2024-07-05 08:51:00,Shipped,Website,L00379,Cash on Delivery,Lucknow,199,54.06,2024-07-07
O0000358,C000396,2023-08-31 03:19:00,Returned,Retail Store,L00032,Credit Card,Delhi,149,0.0,2023-09-01
O0000359,C000932,2024-07-06 12:22:00,Paid,Call Center,L00265,Debit Card,Chicago,149,117.0,2024-07-10
O0000360,C000298,2024-06-30 00:12:00,,Marketplace,L00280,UPI,Dubai,79,278.79,2024-07-01
O0000361,C000979,2023-06-26 02:38:00,Cancelled,Mobile App,L00424,Net Banking,Chennai,49,279.99,2023-07-04
O0000362,C000745,2023-07-22 20:54:00,Cancelled,Mobile App,L00456,Net Banking,Sydney,49,159.49,2023-07-23
O0000363,C000600,2025-07-12 00:50:00,Packed,Call Center,L00199,Wallet,Delhi,99,121.99,2025-07-14
O0000364,C000282,2024-06-15 00:15:00,Delivered,Retail Store,L00258,Net Banking,Mumbai,0,217.27,2024-06-23
O0000365,C000727,2026-03-26 10:56:00,Packed,Call Center,L00128,UPI,Jaipur,79,242.77,2026-04-01
O0000366,C000993,2025-09-01 22:44:00,Returned,Retail Store,L00363,UPI,Pune,149,0.0,2025-09-03
O0000367,C000210,2023-05-17 20:28:00,Packed,Marketplace,L00278,Cash on Delivery,New York,149,0.0,2023-05-19
O0000368,C000167,2026-02-02 07:52:00,Packed,Call Center,L00433,Wallet,Toronto,199,0.0,2026-02-03
O0000369,C000129,2025-08-10 17:06:00,Cancelled,Retail Store,L00291,Net Banking,Delhi,199,40.82,2025-08-15
O0000370,C000289,2026-03-05 09:35:00,Cancelled,Marketplace,L00093,Debit Card,Ahmedabad,79,166.43,2026-03-09
O0000371,C000368,2025-12-31 15:45:00,Cancelled,Call Center,L00416,Credit Card,Kolkata,0,0.0,2026-01-06
O0000372,C000085,2025-08-25 03:52:00,Delivered,Website,L00350,Wallet,Manchester,0,82.92,2025-08-26
O0000373,C000078,2023-08-26 13:07:00,Shipped,Retail Store,L00308,Cash on Delivery,Delhi,0,41.21,2023-09-03
O0000374,C000983,2024-09-10 15:13:00,Cancelled,Retail Store,L00345,Cash on Delivery,Toronto,79,491.7,2024-09-11
O0000375,C000349,2023-09-05 20:09:00,Paid,Website,L00249,Debit Card,Delhi,199,0.0,2023-09-08
O0000376,C000630,2026-03-16 18:03:00,Cancelled,Website,L00419,Debit Card,Singapore,99,174.63,2026-03-20
O0000377,C000471,2026-03-15 20:23:00,Shipped,Call Center,L00065,Debit Card,Hyderabad,199,0.0,2026-03-19
O0000378,C000864,2023-01-20 23:37:00,Shipped,Mobile App,L00022,Net Banking,Sydney,0,291.9,2023-01-27
O0000379,C000511,2024-04-05 05:02:00,Delivered,Call Center,L00036,Debit Card,Jaipur,149,103.75,2024-04-12
O0000380,C000701,2025-06-20 13:59:00,Delivered,Website,L00181,Net Banking,Lucknow,199,112.48,2025-06-27
O0000381,C000694,2025-08-22 12:23:00,Created,Call Center,L00283,Debit Card,Sydney,0,599.59,2025-08-27
O0000382,C000315,2023-01-08 01:12:00,Returned,Mobile App,L00342,Credit Card,Pune,99,0.0,2023-01-12
O0000383,C000262,2025-03-07 21:57:00,Paid,Marketplace,L00354,Net Banking,Ahmedabad,49,0.0,2025-03-08
O0000384,C000391,2024-06-12 01:46:00,Packed,Call Center,L00233,UPI,Chennai,199,0.0,2024-06-19
O0000385,C000572,2023-09-14 10:45:00,Shipped,Call Center,L00205,Wallet,Bangalore,0,170.43,2023-09-18
O0000386,C000214,2025-04-15 19:59:00,Paid,Mobile App,L00199,Debit Card,Jaipur,49,0.0,2025-04-21
O0000387,C000144,2025-11-30 07:29:00,Shipped,Mobile App,L00225,UPI,Dubai,49,0.0,2025-12-04
O0000388,C000710,2023-04-19 00:34:00,Paid,Marketplace,L00320,Credit Card,Kolkata,199,402.23,2023-04-23
O0000389,C000648,2024-02-07 21:07:00,Delivered,Retail Store,L00216,Cash on Delivery,Delhi,49,158.74,2024-02-08
O0000390,C000821,2023-07-26 18:33:00,Returned,Website,L00381,Net Banking,London,149,254.04,2023-08-02
O0000391,C000746,2024-12-31 09:19:00,Created,Call Center,L00148,Debit Card,Manchester,149,0.0,2025-01-01
O0000392,C000993,2025-07-11 06:41:00,Delivered,Call Center,L00439,Debit Card,Jaipur,199,0.0,2025-07-15
O0000393,C000629,2024-03-28 19:29:00,Cancelled,Mobile App,L00480,Cash on Delivery,Kolkata,0,121.37,2024-03-31
O0000394,C000988,2026-04-06 21:26:00,Returned,Website,L00354,Cash on Delivery,Bangalore,49,120.7,2026-04-13
O0000395,C000688,2025-12-09 12:40:00,Shipped,Mobile App,L00038,UPI,Toronto,99,418.72,2025-12-14
O0000396,C000146,2025-12-25 13:15:00,Cancelled,Website,L00367,Debit Card,Sydney,79,0.0,2026-01-02
O0000397,C000778,2024-10-28 11:36:00,Paid,Retail Store,L00411,UPI,Kolkata,149,222.79,2024-11-02
O0000398,C000570,2024-08-14 00:12:00,Packed,Marketplace,L00357,Net Banking,Los Angeles,99,131.9,2024-08-22
O0000399,C000757,2023-03-06 01:09:00,Created,Retail Store,L00094,Debit Card,Chicago,199,222.14,2023-03-09
O0000400,C000722,2025-08-02 06:46:00,Paid,Mobile App,L00191,UPI,Sydney,99,102.57,2025-08-04
O0000401,C000035,2023-07-16 18:07:00,Packed,Retail Store,L00011,Net Banking,Bangalore,199,441.57,2023-07-19
O0000402,C000585,2025-07-05 17:56:00,Cancelled,Marketplace,L00203,Wallet,Los Angeles,199,83.65,2025-07-12
O0000403,C000508,2023-02-17 19:12:00,Shipped,Marketplace,L00100,Cash on Delivery,Singapore,0,0.0,2023-02-25
O0000404,C000856,2025-05-07 13:36:00,Packed,Mobile App,L00308,Cash on Delivery,Ahmedabad,149,553.62,2025-05-08
O0000405,C000967,2024-10-28 04:32:00,Cancelled,Retail Store,L00031,UPI,Delhi,149,48.85,2024-11-02
O0000406,C000243,2025-12-18 17:32:00,Packed,Marketplace,L00456,UPI,Mumbai,149,250.81,2025-12-22
O0000407,C000246,2024-10-24 01:09:00,Delivered,Call Center,L00047,Cash on Delivery,Chicago,79,280.22,2024-10-27
O0000408,C000542,2024-04-20 11:16:00,Delivered,Website,L00416,Debit Card,Hyderabad,199,143.33,2024-04-24
O0000409,C000215,2025-12-03 17:02:00,Returned,Call Center,L00339,UPI,Chicago,99,0.0,2025-12-04
O0000410,C000441,2025-06-22 08:29:00,Cancelled,Website,L00126,Net Banking,Delhi,49,0.0,2025-06-28
O0000411,C000716,2026-03-22 21:25:00,Packed,Retail Store,L00321,Cash on Delivery,Sydney,199,0.0,2026-03-23
O0000412,C000617,2023-09-09 10:33:00,Paid,Mobile App,L00227,Wallet,London,199,200.13,2023-09-13
O0000413,C000601,2023-01-01 00:10:00,Returned,Mobile App,L00347,Wallet,Bangalore,0,0.0,2023-01-06
O0000414,C000934,2023-07-13 17:05:00,Delivered,Website,L00384,Wallet,Lucknow,149,0.0,2023-07-20
O0000415,C000124,2023-03-16 11:21:00,Cancelled,Call Center,L00098,Debit Card,Dubai,99,416.3,2023-03-23
O0000416,C000012,2025-09-16 00:34:00,Delivered,Call Center,L00319,Debit Card,Pune,149,121.04,2025-09-18
O0000417,C000144,2024-03-26 06:52:00,Returned,Call Center,L00077,UPI,Pune,49,0.0,2024-03-31
O0000418,C000693,2024-03-12 15:55:00,Shipped,Call Center,L00075,Wallet,Los Angeles,99,0.0,2024-03-17
O0000419,C000941,2023-08-06 02:44:00,Shipped,Mobile App,L00186,Cash on Delivery,Mumbai,199,58.34,2023-08-13
O0000420,C000503,2023-05-31 13:20:00,Paid,Call Center,L00096,Net Banking,Mumbai,199,0.0,2023-06-02
O0000421,C000865,2024-04-16 21:39:00,Paid,Marketplace,L00227,UPI,Dubai,199,516.16,2024-04-19
O0000422,C000292,2024-03-28 03:50:00,Delivered,Call Center,L00350,Cash on Delivery,Berlin,0,0.0,2024-04-04
O0000423,C000991,2025-04-08 17:03:00,,Mobile App,L00296,Credit Card,Delhi,49,0.0,2025-04-15
O0000424,C000912,2024-07-15 03:44:00,Packed,Retail Store,L00014,Credit Card,Singapore,199,0.0,2024-07-23
O0000425,C000436,2026-02-04 07:17:00,Packed,Marketplace,L00334,Credit Card,Chicago,0,169.72,2026-02-05
O0000426,C000408,2025-07-24 08:21:00,Delivered,Call Center,L00443,Cash on Delivery,Singapore,79,0.0,2025-07-27
O0000427,C000634,2024-09-16 04:42:00,Packed,Retail Store,L00017,Cash on Delivery,Manchester,99,0.0,2024-09-20
O0000428,C000771,2024-08-12 14:25:00,Delivered,Call Center,L00400,UPI,Kolkata,0,0.0,2024-08-17
O0000429,C000301,2025-03-31 03:30:00,Delivered,Website,L00385,Debit Card,Chicago,49,591.46,2025-04-02
O0000430,C000409,2023-10-08 23:34:00,Created,Marketplace,L00446,Wallet,Sydney,49,112.32,2023-10-15
O0000431,C000048,2025-04-25 15:41:00,Shipped,Mobile App,L00128,Net Banking,Toronto,199,81.79,2025-04-27
O0000432,C000089,2024-13-40 99:99:99,Packed,Mobile App,L00152,Debit Card,New York,49,169.67,2025-10-22
O0000433,C000536,2024-10-19 23:53:00,Delivered,Website,L00317,Net Banking,Pune,0,177.35,2024-10-20
O0000434,C000234,2025-01-07 23:57:00,Paid,Mobile App,L00339,Cash on Delivery,Hyderabad,149,94.86,2025-01-14
O0000435,C000153,2024-04-15 09:42:00,Paid,Website,L00249,Credit Card,Berlin,0,0.0,2024-04-20
O0000436,C000812,2024-04-08 23:06:00,Cancelled,Website,L00284,UPI,Bangalore,149,502.4,2024-04-13
O0000437,C000651,2024-02-08 21:53:00,Returned,Call Center,L00477,Debit Card,Lucknow,0,0.0,2024-02-10
O0000438,C000504,2024-04-12 02:13:00,Delivered,Website,L00083,Credit Card,Dubai,99,0.0,2024-04-15
O0000439,C000632,2025-08-06 16:49:00,Returned,Marketplace,L00446,UPI,Sydney,99,594.48,2025-08-12
O0000440,C000974,2024-09-07 16:33:00,Paid,Retail Store,L00148,Cash on Delivery,Chennai,79,91.82,2024-09-10
O0000441,C000921,2024-10-31 03:04:00,Delivered,Mobile App,L00478,Wallet,Bangalore,79,0.0,2024-11-05
O0000442,C999999,2025-12-15 05:32:00,Paid,Marketplace,L00484,Net Banking,Chicago,99,237.97,2025-12-22
O0000443,C000307,2026-01-11 17:31:00,Cancelled,Call Center,L00329,Net Banking,Delhi,199,0.0,2026-01-19
O0000444,C000400,2024-03-16 22:58:00,Delivered,Marketplace,L00369,Cash on Delivery,Chennai,99,0.0,2024-03-17
O0000445,C999999,2023-06-18 08:50:00,Paid,Website,L00270,Credit Card,Chicago,0,116.88,2023-06-24
O0000446,C000725,2025-02-21 09:22:00,Packed,Mobile App,L00473,Debit Card,Delhi,149,419.34,2025-02-23
O0000447,C000284,2024-04-10 07:56:00,Paid,Call Center,L00462,Net Banking,Bangalore,0,0.0,2024-04-14
O0000448,C000615,2024-08-26 09:38:00,Packed,Call Center,L00509,Cash on Delivery,Los Angeles,149,262.69,2024-08-28
O0000449,C000953,2025-04-06 01:45:00,Created,Call Center,L00134,Debit Card,Toronto,149,88.69,2025-04-13
O0000450,C000296,2023-09-19 15:57:00,Paid,Mobile App,L00047,Debit Card,Pune,49,135.84,2023-09-20
O0000451,C000703,2024-08-16 14:13:00,Packed,Call Center,L00121,Debit Card,Chicago,149,461.93,2024-08-24
O0000452,C000227,2023-01-14 14:01:00,Shipped,Marketplace,L00413,Net Banking,Bangalore,0,475.53,2023-01-17
O0000453,C000991,2023-11-13 03:55:00,Returned,Call Center,L00186,Debit Card,Hyderabad,149,57.17,2023-11-20
O0000454,C000268,2025-09-11 17:50:00,Paid,Mobile App,L00451,Wallet,Kolkata,49,0.0,2025-09-17
O0000455,C000679,2025-06-01 18:10:00,Shipped,Retail Store,L00038,Credit Card,Jaipur,149,179.31,2025-06-03
O0000456,C000534,2024-06-25 06:21:00,Delivered,Call Center,L00284,Credit Card,Hyderabad,149,119.26,2024-07-02
O0000457,C000030,2024-06-19 05:07:00,Cancelled,Call Center,L00399,Cash on Delivery,Delhi,99,0.0,2024-06-23
O0000458,C000706,2025-12-19 03:05:00,Cancelled,Marketplace,L00421,UPI,Singapore,199,154.36,2025-12-24
O0000459,C000203,2025-10-20 18:48:00,Paid,Retail Store,L00107,Debit Card,Chicago,79,435.45,2025-10-27
O0000460,C000582,2025-09-02 15:23:00,Packed,Retail Store,L00215,Credit Card,Kolkata,79,0.0,2025-09-04
O0000461,C000669,2026-02-11 00:35:00,Paid,Retail Store,L00305,Debit Card,Kolkata,49,0.0,2026-02-19
O0000462,C000077,2023-02-26 01:06:00,Paid,Marketplace,L00084,UPI,Sydney,0,91.32,2023-03-02
O0000463,C999999,2023-11-17 02:16:00,Created,Call Center,L00014,Net Banking,Hyderabad,99,113.02,2023-11-18
O0000464,C000928,2026-03-14 02:21:00,Paid,Website,L00493,Net Banking,Manchester,149,246.18,2026-03-18
O0000465,C000404,2023-03-16 18:43:00,Created,Mobile App,L00122,Net Banking,Pune,99,88.95,2023-03-19
O0000466,C000450,2025-03-03 18:36:00,Packed,Call Center,L00163,Net Banking,Hyderabad,199,141.71,2025-03-11
O0000467,C000122,2025-09-28 14:00:00,Cancelled,Call Center,L00119,Credit Card,Manchester,199,441.12,2025-10-01
O0000468,C000521,2023-01-10 18:27:00,Shipped,Call Center,L00349,Cash on Delivery,Singapore,99,0.0,2023-01-16
O0000469,C000992,2024-12-11 16:24:00,Returned,Call Center,L00491,UPI,Kolkata,199,59.86,2024-12-18
O0000470,C000206,2023-04-15 05:24:00,Shipped,Retail Store,L00154,Cash on Delivery,London,79,280.85,2023-04-20
O0000471,C000266,2025-03-04 12:39:00,Shipped,Marketplace,L00272,UPI,Ahmedabad,79,581.42,2025-03-10
O0000472,C000794,2023-09-23 08:01:00,Paid,Mobile App,L00374,Wallet,Bangalore,149,107.17,2023-09-30
O0000473,C000028,2024-06-13 10:56:00,Shipped,Marketplace,L00243,UPI,Singapore,0,505.0,2024-06-19
O0000474,C000413,2025-12-28 11:59:00,Paid,Website,L00194,Debit Card,London,149,230.29,2025-12-29
O0000475,C000470,2023-03-01 15:14:00,Created,Marketplace,L00215,Credit Card,Los Angeles,0,221.84,2023-03-06
O0000476,C000145,2023-04-04 23:56:00,Packed,Call Center,L00418,Net Banking,Dubai,99,44.04,2023-04-09
O0000477,C000808,2025-05-24 08:44:00,Returned,Website,L00404,Debit Card,Kolkata,49,439.31,2025-06-01
O0000478,C000978,2023-10-28 01:45:00,Returned,Website,L00291,Credit Card,Bangalore,49,487.24,2023-11-05
O0000479,C000307,2024-11-02 03:25:00,Delivered,Retail Store,L00269,Wallet,Toronto,49,59.92,2024-11-03
O0000480,C000883,2024-03-16 10:28:00,Packed,Retail Store,L00381,Wallet,Dubai,49,121.38,2024-03-22
O0000481,C000191,2024-01-11 13:02:00,Created,Call Center,L00479,Net Banking,New York,99,412.09,2024-01-13
O0000482,C000965,2026-01-14 21:07:00,Delivered,Retail Store,L00164,Credit Card,Kolkata,149,0.0,2026-01-22
O0000483,C000105,2025-12-02 09:43:00,Paid,Call Center,L00213,Net Banking,Bangalore,79,0.0,2025-12-04
O0000484,C000122,2025-04-08 20:23:00,Returned,Website,L00031,Net Banking,Mumbai,99,55.23,2025-04-13
O0000485,C000011,2025-11-15 06:51:00,Packed,Marketplace,L00234,Net Banking,Kolkata,99,159.6,2025-11-16
O0000486,C999999,2023-09-22 15:11:00,Delivered,Website,L00060,Net Banking,Singapore,149,55.84,2023-09-29
O0000487,C000763,2023-06-19 13:31:00,Cancelled,Marketplace,L00334,UPI,Jaipur,0,179.79,2023-06-23
O0000488,C999999,2023-03-10 14:40:00,Shipped,Marketplace,L00381,Debit Card,London,149,0.0,2023-03-16
O0000489,C000971,2023-03-19 04:38:00,Shipped,Website,L00412,Wallet,Pune,49,170.98,2023-03-26
O0000490,C000612,2024-05-16 00:28:00,Returned,Website,L00121,Debit Card,Manchester,49,0.0,2024-05-19
O0000491,C000572,2025-01-01 06:05:00,Created,Mobile App,L00335,Debit Card,Delhi,199,0.0,2025-01-08
O0000492,C000896,2023-04-24 09:33:00,Returned,Call Center,L00128,Debit Card,Mumbai,79,101.23,2023-05-02
O0000493,C000458,2025-06-27 15:38:00,Delivered,Mobile App,L00210,UPI,New York,199,134.2,2025-06-29
O0000494,C000881,2023-11-18 15:09:00,Returned,Mobile App,L00193,Net Banking,Jaipur,49,172.08,2023-11-20
O0000495,C000479,2025-01-12 11:41:00,Returned,Call Center,L00429,Cash on Delivery,Delhi,79,155.5,2025-01-16
O0000496,C000745,2026-03-23 13:46:00,Returned,Call Center,L00337,Net Banking,Chicago,0,120.89,2026-03-28
O0000497,C000334,2023-08-24 22:54:00,Delivered,Marketplace,L00032,UPI,London,199,81.64,2023-08-30
O0000498,C000370,2025-04-25 19:59:00,Returned,Mobile App,L00355,UPI,New York,149,0.0,2025-04-28
O0000499,C000787,2024-11-06 09:28:00,Cancelled,Retail Store,L00463,UPI,Los Angeles,149,0.0,2024-11-08
O0000500,C000601,2023-10-31 09:47:00,Shipped,Call Center,L00255,Credit Card,Bangalore,99,0.0,2023-11-06
O0000501,C000318,2024-08-05 17:53:00,Shipped,Website,L00427,Net Banking,London,49,53.55,2024-08-11
O0000502,C000338,2025-09-27 03:09:00,Delivered,Website,L00373,Debit Card,Manchester,99,452.7,2025-09-28
O0000503,C000152,2023-11-14 04:31:00,Shipped,Website,L00495,UPI,Los Angeles,0,45.53,2023-11-22
O0000504,C000290,2023-04-12 01:21:00,Packed,Marketplace,L00374,UPI,Los Angeles,149,173.26,2023-04-18
O0000505,C000980,2023-09-09 13:35:00,Paid,Retail Store,L00220,Cash on Delivery,London,99,0.0,2023-09-15
O0000506,C000515,2026-04-03 02:01:00,Returned,Marketplace,L00428,Debit Card,Delhi,99,0.0,2026-04-09
O0000507,C000736,2023-11-21 02:40:00,Delivered,Retail Store,L00468,Wallet,Chicago,0,57.41,2023-11-28
O0000508,C000359,2025-11-26 16:34:00,Created,Marketplace,L00026,Wallet,Kolkata,149,0.0,2025-12-02
O0000509,C000050,2024-13-40 99:99:99,Delivered,Mobile App,L00034,Cash on Delivery,Kolkata,149,224.3,2023-11-29
O0000510,C000652,2024-04-28 17:35:00,Delivered,Website,L00459,Wallet,Singapore,149,50.56,2024-05-03
O0000511,C000464,2023-07-23 13:49:00,Shipped,Marketplace,L00443,Debit Card,Bangalore,149,45.98,2023-07-25
O0000512,C000493,2025-04-08 13:18:00,Paid,Retail Store,L00285,UPI,Jaipur,0,98.52,2025-04-12
O0000513,C000445,2025-10-10 19:52:00,Paid,Marketplace,L00417,Wallet,Delhi,199,488.73,2025-10-15
O0000514,C000457,2024-09-29 12:33:00,Packed,Marketplace,L00091,Net Banking,Berlin,49,134.96,2024-10-05
O0000515,C000201,2024-09-28 20:09:00,Created,Retail Store,L00286,Wallet,Bangalore,149,226.83,2024-10-05
O0000516,C000125,2025-11-29 02:57:00,Returned,Mobile App,L00187,Debit Card,Chennai,79,256.02,2025-12-02
O0000517,C000498,2025-08-15 06:14:00,Created,Website,L00277,Debit Card,Sydney,99,583.98,2025-08-21
O0000518,C000599,2024-06-27 10:20:00,Cancelled,Marketplace,L00395,Cash on Delivery,Manchester,199,265.17,2024-07-03
O0000519,C000003,2025-02-28 17:43:00,Packed,Mobile App,L00056,Net Banking,Toronto,199,226.11,2025-03-05
O0000520,C000479,2025-04-28 07:10:00,Packed,Marketplace,L00038,Net Banking,Los Angeles,49,111.99,2025-05-01
O0000521,C000442,2023-06-29 21:32:00,Packed,Website,L00454,UPI,Chennai,0,46.52,2023-07-01
O0000522,C000384,2023-02-14 10:26:00,Paid,Call Center,L00104,UPI,Mumbai,149,0.0,2023-02-18
O0000523,C000952,2026-02-26 16:55:00,Shipped,Mobile App,L00488,Debit Card,Toronto,199,0.0,2026-03-01
O0000524,C000943,2023-01-04 12:02:00,Delivered,Retail Store,L00518,Credit Card,Mumbai,79,0.0,2023-01-06
O0000525,C000786,2024-08-28 18:53:00,Packed,Website,L00417,UPI,Chennai,99,0.0,2024-09-03
O0000526,C000325,2023-08-20 09:13:00,Returned,Marketplace,L00516,Credit Card,Toronto,99,127.41,2023-08-21
O0000527,C000412,2023-11-10 04:06:00,Packed,Mobile App,L00467,Net Banking,Hyderabad,79,447.84,2023-11-13
O0000528,C000255,2023-09-16 14:18:00,Paid,Retail Store,L00090,UPI,Chicago,0,0.0,2023-09-23
O0000529,C000023,2024-12-29 10:32:00,Returned,Retail Store,L00429,UPI,New York,79,0.0,2025-01-01
O0000530,C000485,2025-04-09 20:57:00,Paid,Marketplace,L00059,Credit Card,Bangalore,0,174.21,2025-04-16
O0000531,C000474,2026-03-31 00:20:00,Returned,Mobile App,L00078,Credit Card,Sydney,0,245.36,2026-04-04
O0000532,C000823,2025-01-17 06:36:00,Returned,Mobile App,L00236,Credit Card,Los Angeles,79,109.36,2025-01-23
O0000533,C000838,2025-05-07 10:30:00,Shipped,Mobile App,L00058,Debit Card,Hyderabad,199,40.64,2025-05-12
O0000534,C000803,2025-04-24 23:33:00,Cancelled,Marketplace,L00343,Cash on Delivery,Hyderabad,149,0.0,2025-04-25
O0000535,C000313,2023-05-13 10:45:00,Created,Website,L00517,Credit Card,Berlin,49,45.69,2023-05-19
O0000536,C000244,2025-05-03 06:48:00,,Marketplace,L00007,Cash on Delivery,Lucknow,49,540.11,2025-05-04
O0000537,C000790,2024-07-31 03:25:00,Paid,Retail Store,L00270,Credit Card,Chennai,0,402.14,2024-08-05
O0000538,C000717,2024-01-12 10:45:00,Delivered,Mobile App,L00174,Debit Card,Dubai,199,418.51,2024-01-18
O0000539,C000384,2025-02-14 19:28:00,Packed,Retail Store,L00038,Cash on Delivery,Ahmedabad,199,40.61,2025-02-16
O0000540,C000794,2025-01-13 18:05:00,Delivered,Mobile App,L00388,Debit Card,Delhi,99,59.9,2025-01-20
O0000541,C000837,2025-11-29 19:45:00,Cancelled,Retail Store,L00264,UPI,Lucknow,79,0.0,2025-12-05
O0000542,C000680,2025-01-24 14:01:00,Returned,Retail Store,L00510,UPI,Bangalore,149,95.68,2025-01-25
O0000543,C000669,2024-10-18 13:09:00,Shipped,Mobile App,L00187,Net Banking,Bangalore,49,278.76,2024-10-20
O0000544,C000028,2023-02-10 23:07:00,Shipped,Call Center,L00226,Cash on Delivery,Delhi,149,113.77,2023-02-11
O0000545,C000894,2025-08-15 01:03:00,Paid,Retail Store,L00202,Cash on Delivery,Pune,149,0.0,2025-08-23
O0000546,C000285,2025-10-12 01:05:00,Paid,Call Center,L00476,Debit Card,Hyderabad,0,145.61,2025-10-19
O0000547,C000651,2025-10-02 14:12:00,Delivered,Call Center,L00326,Cash on Delivery,Hyderabad,149,0.0,2025-10-08
O0000548,C000411,2023-09-04 06:23:00,Returned,Call Center,L00246,Cash on Delivery,Manchester,79,0.0,2023-09-05
O0000549,C000901,2025-08-14 23:17:00,Cancelled,Marketplace,L00427,Wallet,Hyderabad,149,0.0,2025-08-22
O0000550,C000462,2025-07-09 09:31:00,Packed,Call Center,L00245,Wallet,New York,199,88.65,2025-07-13
O0000551,C000360,2025-08-19 03:11:00,Returned,Website,L00149,Wallet,Kolkata,0,289.21,2025-08-26
O0000552,C000592,2025-02-20 15:07:00,Delivered,Call Center,L00092,Wallet,Kolkata,49,134.34,2025-02-21
O0000553,C000222,2026-02-10 15:35:00,Packed,Call Center,L00041,Debit Card,Sydney,199,474.78,2026-02-14
O0000554,C000055,2025-05-17 22:10:00,Delivered,Call Center,L00140,Net Banking,Jaipur,99,0.0,2025-05-20
O0000555,C000378,2024-02-08 09:47:00,Shipped,Mobile App,L00126,Debit Card,Chennai,149,41.65,2024-02-16
O0000556,C000667,2023-01-17 07:36:00,Cancelled,Retail Store,L00284,UPI,Mumbai,79,177.93,2023-01-25
O0000557,C000308,2026-02-26 02:29:00,Created,Marketplace,L00209,Debit Card,Lucknow,199,132.38,2026-03-02
O0000558,C000507,2023-05-21 22:21:00,Created,Mobile App,L00361,Net Banking,Pune,0,100.62,2023-05-25
O0000559,C000361,2025-02-03 14:41:00,Paid,Marketplace,L00428,Debit Card,Kolkata,149,0.0,2025-02-10
O0000560,C000323,2023-01-10 16:34:00,Created,Marketplace,L00333,Debit Card,Dubai,199,90.64,2023-01-12
O0000561,C000879,2023-02-02 09:09:00,Returned,Retail Store,L00499,UPI,Berlin,49,136.7,2023-02-05
O0000562,C000073,2023-08-07 16:51:00,Delivered,Call Center,L00518,Net Banking,Berlin,149,0.0,2023-08-10
O0000563,C000460,2026-04-15 07:23:00,Paid,Call Center,L00329,Cash on Delivery,Delhi,0,0.0,2026-04-23
O0000564,C000055,2025-07-27 11:25:00,Returned,Retail Store,L00095,UPI,Pune,99,0.0,2025-08-02
O0000565,C000183,2024-13-40 99:99:99,Returned,Marketplace,L00127,Net Banking,Berlin,199,0.0,2023-12-04
O0000566,C000683,2023-06-20 14:15:00,Paid,Retail Store,L00303,Credit Card,Berlin,79,98.89,2023-06-21
O0000567,C000585,2023-04-14 07:59:00,Created,Marketplace,L00079,Credit Card,Chicago,49,128.01,2023-04-19
O0000568,C000175,2023-12-30 00:58:00,Packed,Retail Store,L00170,UPI,Chicago,0,251.46,2024-01-05
O0000569,C000978,2023-06-25 16:46:00,Packed,Mobile App,L00344,Cash on Delivery,Kolkata,99,235.97,2023-06-26
O0000570,C000442,2023-05-18 10:57:00,Delivered,Call Center,L00328,Credit Card,Los Angeles,199,509.76,2023-05-19
O0000571,C000175,2024-09-14 18:11:00,Returned,Website,L00088,Cash on Delivery,Hyderabad,199,86.4,2024-09-19
O0000572,C000087,2024-08-05 00:48:00,Returned,Marketplace,L00222,Cash on Delivery,Chicago,149,51.61,2024-08-10
O0000573,C000124,2023-11-12 00:57:00,Returned,Website,L00167,Net Banking,Lucknow,0,0.0,2023-11-17
O0000574,C000401,2025-10-27 16:33:00,Packed,Call Center,L00413,Credit Card,Singapore,49,437.32,2025-10-29
O0000575,C000936,2024-10-31 19:06:00,Packed,Call Center,L00427,Credit Card,New York,49,0.0,2024-11-01
O0000576,C000904,2023-05-07 16:20:00,Paid,Retail Store,L00141,Wallet,Pune,49,87.32,2023-05-12
O0000577,C000744,2023-09-14 04:56:00,,Retail Store,L00258,Net Banking,Delhi,199,59.98,2023-09-17
O0000578,C000248,2024-05-20 08:10:00,Shipped,Retail Store,L00435,Net Banking,Chicago,0,110.91,2024-05-24
O0000579,C000724,2026-01-01 15:40:00,Cancelled,Retail Store,L00437,UPI,Mumbai,149,497.36,2026-01-04
O0000580,C000300,2024-11-23 05:50:00,Created,Mobile App,L00054,Cash on Delivery,Mumbai,79,0.0,2024-12-01
O0000581,C000284,2025-08-04 04:22:00,Shipped,Website,L00188,Net Banking,Singapore,149,51.87,2025-08-12
O0000582,C000327,2024-04-24 18:35:00,Paid,Website,L00190,Wallet,Pune,149,58.16,2024-04-28
O0000583,C000437,2025-07-29 17:41:00,Shipped,Website,L00022,UPI,Pune,199,47.05,2025-08-06
O0000584,C000377,2025-12-03 19:38:00,Created,Retail Store,L00241,Cash on Delivery,Dubai,149,0.0,2025-12-07
O0000585,C000355,2025-08-15 23:03:00,Returned,Website,L00008,Net Banking,Toronto,79,0.0,2025-08-20
O0000586,C000355,2025-03-29 06:50:00,Shipped,Retail Store,L00468,Debit Card,Delhi,49,0.0,2025-04-04
O0000587,C000758,2024-06-10 17:17:00,Packed,Mobile App,L00368,UPI,Dubai,79,126.05,2024-06-14
O0000588,C000099,2023-05-18 11:18:00,Paid,Marketplace,L00424,Credit Card,Hyderabad,0,249.79,2023-05-24
O0000589,C000775,2025-05-28 07:25:00,Cancelled,Marketplace,L00365,Cash on Delivery,Bangalore,79,0.0,2025-06-05
O0000590,C000138,2023-10-16 07:16:00,Returned,Call Center,L00430,Net Banking,Mumbai,199,57.67,2023-10-19
O0000591,C000083,2023-08-18 04:33:00,Created,Call Center,L00452,Wallet,Dubai,49,176.67,2023-08-23
O0000592,C000123,2024-10-17 04:52:00,Paid,Marketplace,L00073,Wallet,London,49,578.23,2024-10-21
O0000593,C000920,2024-02-26 07:06:00,Delivered,Mobile App,L00017,Debit Card,Mumbai,99,166.89,2024-03-02
O0000594,C000522,2024-04-26 17:06:00,Paid,Marketplace,L00020,Wallet,Los Angeles,199,0.0,2024-04-27
O0000595,C000259,2024-09-15 02:45:00,Delivered,Website,L00025,Debit Card,Sydney,79,206.27,2024-09-23
O0000596,C000066,2024-01-28 05:48:00,Delivered,Retail Store,L00289,Credit Card,Kolkata,199,0.0,2024-02-02
O0000597,C000742,2025-10-11 08:13:00,Packed,Website,L00210,Credit Card,London,79,0.0,2025-10-12
O0000598,C000300,2023-05-15 00:40:00,Paid,Marketplace,L00114,UPI,New York,199,514.24,2023-05-18
O0000599,C000131,2023-10-28 21:43:00,Delivered,Retail Store,L00238,Cash on Delivery,Manchester,49,0.0,2023-10-30
O0000600,C000509,2026-02-19 18:35:00,Shipped,Retail Store,L00465,UPI,Delhi,49,492.94,2026-02-21
O0000601,C000995,2026-01-04 02:34:00,Delivered,Mobile App,L00229,Credit Card,Jaipur,149,444.96,2026-01-09
O0000602,C000514,2024-10-15 10:47:00,Delivered,Website,L00420,Cash on Delivery,Manchester,199,45.61,2024-10-16
O0000603,C000694,2025-04-04 09:46:00,Paid,Website,L00042,UPI,Toronto,79,157.19,2025-04-06
O0000604,C000401,2024-10-28 07:42:00,Created,Marketplace,L00144,UPI,Berlin,49,51.67,2024-11-05
O0000605,C000234,2024-05-30 00:26:00,Returned,Retail Store,L00322,Credit Card,Chennai,0,592.71,2024-06-01
O0000606,C000191,2026-02-18 21:17:00,Cancelled,Marketplace,L00057,Cash on Delivery,Los Angeles,199,165.35,2026-02-24
O0000607,C000962,2023-03-15 14:48:00,Shipped,Call Center,L00424,Wallet,Singapore,149,0.0,2023-03-18
O0000608,C000467,2023-03-06 23:02:00,Cancelled,Marketplace,L00144,Credit Card,Berlin,79,551.96,2023-03-08
O0000609,C000705,2024-08-27 12:06:00,Packed,Call Center,L00455,Cash on Delivery,Bangalore,79,0.0,2024-08-28
O0000610,C000496,2026-02-04 13:26:00,Delivered,Marketplace,L00084,Debit Card,London,49,92.02,2026-02-12
O0000611,C000085,2026-01-28 13:30:00,Returned,Website,L00118,Wallet,Manchester,99,0.0,2026-01-31
O0000612,C000230,2024-08-07 21:18:00,Shipped,Marketplace,L00030,Net Banking,London,149,531.45,2024-08-12
O0000613,C000795,2023-05-03 06:40:00,Packed,Mobile App,L00059,Wallet,Hyderabad,99,524.87,2023-05-06
O0000614,C000023,2023-11-26 09:29:00,Returned,Website,L00290,Cash on Delivery,Kolkata,0,0.0,2023-12-01
O0000615,C000389,2024-06-25 11:44:00,Created,Website,L00381,Debit Card,Manchester,79,0.0,2024-07-03
O0000616,C000203,2024-05-10 14:17:00,Packed,Retail Store,L00159,UPI,Bangalore,199,132.6,2024-05-13
O0000617,C000075,2023-11-14 06:07:00,Packed,Website,L00345,Credit Card,Dubai,0,0.0,2023-11-15
O0000618,C000209,2025-04-03 20:37:00,Returned,Mobile App,L00055,Debit Card,Delhi,199,90.59,2025-04-10
O0000619,C000375,2024-05-15 23:48:00,Delivered,Mobile App,L00205,UPI,London,0,0.0,2024-05-17
O0000620,C000319,2026-03-15 22:39:00,Cancelled,Website,L00277,Wallet,Jaipur,79,132.58,2026-03-21
O0000621,C000657,2025-12-21 04:46:00,Created,Marketplace,L00378,Wallet,Dubai,199,118.7,2025-12-24
O0000622,C000608,2024-12-12 17:23:00,Returned,Website,L00236,Cash on Delivery,Kolkata,199,172.55,2024-12-15
O0000623,C000047,2023-02-27 15:20:00,Cancelled,Website,L00510,Wallet,Manchester,49,135.55,2023-03-04
O0000624,C000485,2024-07-28 22:44:00,Shipped,Marketplace,L00505,UPI,Dubai,99,111.77,2024-08-01
O0000625,C000009,2023-04-19 01:27:00,Delivered,Call Center,L00396,Debit Card,Chicago,79,212.59,2023-04-27
O0000626,C000608,2024-03-01 15:29:00,Returned,Call Center,L00234,UPI,Lucknow,199,202.07,2024-03-03
O0000627,C000161,2024-06-04 00:29:00,Packed,Marketplace,L00370,Cash on Delivery,Kolkata,149,204.35,2024-06-11
O0000628,C000648,2024-03-31 04:53:00,Shipped,Call Center,L00259,Debit Card,Chicago,49,160.11,2024-04-02
O0000629,C000793,2023-09-12 21:25:00,Paid,Website,L00059,Cash on Delivery,Ahmedabad,199,89.86,2023-09-17
O0000630,C000367,2025-07-30 17:36:00,Cancelled,Retail Store,L00160,Credit Card,Toronto,149,102.8,2025-08-04
O0000631,C000363,2024-12-26 22:39:00,Cancelled,Website,L00468,Debit Card,Manchester,199,54.51,2025-01-03
O0000632,C000110,2023-10-22 14:46:00,Paid,Marketplace,L00235,Credit Card,Pune,49,47.88,2023-10-25
O0000633,C000032,2025-04-16 08:45:00,Created,Retail Store,L00284,UPI,Los Angeles,0,0.0,2025-04-23
O0000634,C000007,2023-09-09 00:22:00,Cancelled,Mobile App,L00140,Wallet,Berlin,49,0.0,2023-09-14
O0000635,C000970,2024-12-31 05:50:00,Shipped,Retail Store,L00139,Net Banking,Toronto,79,0.0,2025-01-04
O0000636,C000468,2024-04-14 20:56:00,Cancelled,Retail Store,L00199,Wallet,Kolkata,149,276.97,2024-04-17
O0000637,C000142,2023-09-03 01:00:00,Created,Mobile App,L00389,Credit Card,Jaipur,49,118.15,2023-09-10
O0000638,C000896,2025-02-22 10:13:00,Created,Marketplace,L00509,Net Banking,Ahmedabad,0,0.0,2025-02-23
O0000639,C000228,2023-05-15 17:29:00,Cancelled,Marketplace,L00032,Credit Card,Toronto,149,56.83,2023-05-23
O0000640,C000627,2024-04-11 03:08:00,Paid,Marketplace,L00488,Credit Card,Lucknow,149,123.1,2024-04-14
O0000641,C000850,2025-02-03 19:40:00,Delivered,Call Center,L00028,Cash on Delivery,Bangalore,0,0.0,2025-02-06
O0000642,C000161,2025-09-05 02:55:00,Delivered,Marketplace,L00125,UPI,Pune,49,154.21,2025-09-06
O0000643,C000799,2024-11-02 19:58:00,Packed,Marketplace,L00476,Net Banking,Berlin,0,43.35,2024-11-03
O0000644,C000445,2026-01-07 01:50:00,Delivered,Website,L00004,Net Banking,New York,0,0.0,2026-01-12
O0000645,C000526,2024-13-40 99:99:99,Shipped,Call Center,L00434,Cash on Delivery,Toronto,79,160.97,2023-02-25
O0000646,C000100,2024-11-24 18:48:00,Packed,Call Center,L00311,Net Banking,Pune,49,241.23,2024-11-29
O0000647,C000979,2023-12-31 16:27:00,Created,Website,L00348,UPI,Chennai,0,111.73,2024-01-04
O0000648,C000978,2024-10-25 01:43:00,Shipped,Retail Store,L00266,Net Banking,Jaipur,199,58.58,2024-10-29
O0000649,C000900,2023-08-07 13:50:00,Shipped,Website,L00387,Net Banking,Singapore,199,256.36,2023-08-13
O0000650,C000405,2023-06-04 02:03:00,Shipped,Retail Store,L00448,UPI,Delhi,149,524.96,2023-06-12
O0000651,C000054,2024-03-19 14:30:00,Paid,Mobile App,L00075,Credit Card,London,199,94.25,2024-03-22
O0000652,C999999,2024-05-20 14:34:00,Shipped,Website,L00277,Net Banking,Dubai,49,234.46,2024-05-28
O0000653,C000714,2024-01-01 13:57:00,Returned,Mobile App,L00143,Cash on Delivery,Pune,99,59.28,2024-01-09
O0000654,C000159,2025-09-17 05:04:00,Created,Marketplace,L00256,Net Banking,Sydney,149,167.26,2025-09-19
O0000655,C000795,2024-09-16 05:21:00,Shipped,Call Center,L00398,Wallet,Bangalore,79,562.24,2024-09-20
O0000656,C000924,2024-02-25 00:12:00,Created,Mobile App,L00276,Cash on Delivery,Chicago,79,42.5,2024-03-02
O0000657,C000696,2024-06-30 19:56:00,Returned,Retail Store,L00455,Credit Card,Toronto,0,204.4,2024-07-08
O0000658,C000893,2024-07-23 07:15:00,Created,Marketplace,L00456,Cash on Delivery,Dubai,0,598.37,2024-07-28
O0000659,C000653,2023-06-18 21:46:00,Paid,Retail Store,L00391,Net Banking,Pune,0,173.52,2023-06-26
O0000660,C000854,2024-10-27 08:23:00,Shipped,Call Center,L00514,Debit Card,Lucknow,149,461.52,2024-11-01
O0000661,C000257,2024-04-23 20:04:00,Cancelled,Call Center,L00112,Wallet,Toronto,49,220.72,2024-04-28
O0000662,C000731,2023-11-26 04:13:00,Delivered,Call Center,L00225,Debit Card,Hyderabad,79,0.0,2023-11-28
O0000663,C000280,2023-01-14 09:45:00,Returned,Retail Store,L00265,Net Banking,Delhi,79,84.42,2023-01-22
O0000664,C000428,2023-01-15 09:20:00,Delivered,Website,L00237,Net Banking,Lucknow,79,530.58,2023-01-23
O0000665,C000382,2025-07-10 12:59:00,,Retail Store,L00486,UPI,Toronto,99,0.0,2025-07-13
O0000666,C000601,2024-12-01 20:08:00,Packed,Marketplace,L00447,Debit Card,Delhi,99,123.72,2024-12-09
O0000667,C000480,2025-10-23 15:09:00,Packed,Mobile App,L00370,Debit Card,Bangalore,99,0.0,2025-10-29
O0000668,C000550,2023-12-15 19:52:00,Returned,Call Center,L00479,Net Banking,Jaipur,0,0.0,2023-12-23
O0000669,C000039,2025-06-03 06:37:00,Paid,Website,L00252,UPI,Ahmedabad,0,41.78,2025-06-07
O0000670,C000021,2024-05-04 07:52:00,Created,Call Center,L00081,UPI,Bangalore,99,135.1,2024-05-10
O0000671,C000297,2025-01-30 04:44:00,Paid,Website,L00365,UPI,Delhi,79,48.24,2025-02-07
O0000672,C000075,2025-12-07 06:20:00,Delivered,Mobile App,L00464,Cash on Delivery,Sydney,99,0.0,2025-12-13
O0000673,C000997,2025-05-18 19:27:00,Cancelled,Call Center,L00254,Cash on Delivery,Dubai,79,266.43,2025-05-20
O0000674,C000397,2023-10-16 10:43:00,Cancelled,Call Center,L00048,Cash on Delivery,Dubai,0,212.89,2023-10-23
O0000675,C000972,2025-08-21 13:45:00,Delivered,Call Center,L00173,UPI,Chennai,99,170.19,2025-08-29
O0000676,C000745,2025-06-08 15:36:00,Created,Website,L00050,Debit Card,Toronto,0,0.0,2025-06-14
O0000677,C000553,2023-09-18 00:12:00,Paid,Mobile App,L00466,Credit Card,Los Angeles,199,0.0,2023-09-23
O0000678,C000313,2025-02-22 05:52:00,Shipped,Mobile App,L00278,Credit Card,Hyderabad,99,145.5,2025-02-26
O0000679,C000038,2024-03-10 21:22:00,Packed,Mobile App,L00160,Net Banking,Chennai,79,53.47,2024-03-12
O0000680,C000322,2023-04-20 20:31:00,Returned,Call Center,L00321,UPI,Delhi,199,115.76,2023-04-21
O0000681,C000971,2024-09-01 06:48:00,Created,Marketplace,L00355,Credit Card,Berlin,49,58.83,2024-09-02
O0000682,C000477,2026-03-03 19:50:00,Paid,Website,L00026,UPI,Kolkata,0,0.0,2026-03-04
O0000683,C000694,2026-02-15 05:15:00,Cancelled,Mobile App,L00337,Net Banking,Toronto,199,49.79,2026-02-21
O0000684,C000455,2023-05-13 14:08:00,Shipped,Marketplace,L00366,UPI,Lucknow,149,0.0,2023-05-15
O0000685,C000913,2025-05-26 03:21:00,Delivered,Call Center,L00253,Cash on Delivery,Chennai,149,87.17,2025-05-27
O0000686,C000658,2024-12-09 01:59:00,Paid,Mobile App,L00101,Cash on Delivery,Ahmedabad,149,0.0,2024-12-17
O0000687,C000914,2024-11-07 16:11:00,Returned,Mobile App,L00295,Debit Card,Dubai,0,0.0,2024-11-08
O0000688,C000355,2023-08-13 04:28:00,Delivered,Marketplace,L00249,UPI,Manchester,199,0.0,2023-08-16
O0000689,C000182,2025-05-13 21:11:00,Returned,Retail Store,L00035,Cash on Delivery,New York,149,0.0,2025-05-18
O0000690,C000274,2024-05-29 06:25:00,Packed,Mobile App,L00298,Cash on Delivery,Dubai,99,0.0,2024-06-01
O0000691,C000475,2023-01-16 20:03:00,Paid,Retail Store,L00154,Net Banking,Sydney,49,129.43,2023-01-17
O0000692,C000685,2025-07-02 17:20:00,Created,Mobile App,L00494,Debit Card,Singapore,79,40.79,2025-07-03
O0000693,C000999,2025-05-16 06:40:00,Packed,Retail Store,L00144,Cash on Delivery,Toronto,99,137.02,2025-05-22
O0000694,C000317,2023-12-06 17:42:00,Cancelled,Marketplace,L00474,UPI,London,199,44.4,2023-12-11
O0000695,C000961,2025-04-26 16:18:00,Packed,Retail Store,L00067,Cash on Delivery,Kolkata,79,0.0,2025-05-04
O0000696,C000111,2023-05-20 16:23:00,,Retail Store,L00512,UPI,Dubai,79,232.72,2023-05-27
O0000697,C000459,2024-04-13 22:14:00,,Retail Store,L00323,Cash on Delivery,Jaipur,149,105.5,2024-04-15
O0000698,C000750,2023-09-19 10:05:00,Packed,Call Center,L00272,Cash on Delivery,Los Angeles,199,49.06,2023-09-22
O0000699,C000292,2023-04-03 08:04:00,Shipped,Website,L00148,Debit Card,Berlin,99,0.0,2023-04-07
O0000700,C000017,2026-02-19 04:07:00,Packed,Mobile App,L00206,UPI,Kolkata,149,0.0,2026-02-25
O0000701,C000920,2024-09-17 18:25:00,Delivered,Retail Store,L00137,Net Banking,Dubai,79,52.07,2024-09-25
O0000702,C000469,2024-08-25 15:25:00,Created,Retail Store,L00025,Wallet,Chennai,79,95.97,2024-09-01
O0000703,C000952,2026-02-24 07:27:00,Cancelled,Marketplace,L00005,Debit Card,Sydney,99,0.0,2026-03-02
O0000704,C000186,2024-10-31 10:37:00,Returned,Mobile App,L00343,Wallet,Toronto,49,238.03,2024-11-03
O0000705,C000753,2023-10-20 10:28:00,Shipped,Marketplace,L00163,Cash on Delivery,London,149,0.0,2023-10-21
O0000706,C000689,2023-12-29 06:49:00,Packed,Retail Store,L00247,Net Banking,Chicago,0,0.0,2024-01-03
O0000707,C000388,2023-06-28 17:03:00,Paid,Call Center,L00406,Net Banking,Sydney,199,588.53,2023-07-01
O0000708,C000252,2024-06-05 00:48:00,Created,Retail Store,L00369,Wallet,New York,99,0.0,2024-06-10
O0000709,C000672,2026-01-11 07:44:00,Returned,Mobile App,L00241,Wallet,Bangalore,0,257.93,2026-01-15
O0000710,C000853,2023-05-20 04:41:00,Shipped,Call Center,L00209,Debit Card,Berlin,149,0.0,2023-05-23
O0000711,C000099,2023-06-07 12:13:00,Returned,Website,L00514,Credit Card,Chennai,49,0.0,2023-06-11
O0000712,C000703,2025-03-19 20:48:00,Cancelled,Website,L00223,Wallet,Singapore,49,0.0,2025-03-20
O0000713,C000036,2025-05-23 15:11:00,Paid,Call Center,L00116,Credit Card,Ahmedabad,0,497.19,2025-05-29
O0000714,C000006,2023-01-29 00:44:00,Cancelled,Website,L00108,Net Banking,Chicago,79,56.42,2023-02-01
O0000715,C000224,2025-12-20 07:16:00,Created,Website,L00493,UPI,Lucknow,199,460.89,2025-12-22
O0000716,C000566,2023-04-30 22:44:00,Created,Mobile App,L00464,Wallet,Pune,0,82.13,2023-05-04
O0000717,C000891,2025-11-30 00:55:00,Packed,Call Center,L00207,Cash on Delivery,Hyderabad,49,43.35,2025-12-07
O0000718,C000728,2025-02-06 19:55:00,Paid,Website,L00220,Wallet,Ahmedabad,49,131.21,2025-02-14
O0000719,C000226,2023-03-29 05:05:00,Created,Call Center,L00115,UPI,Lucknow,49,43.35,2023-04-05
O0000720,C000518,2023-06-20 12:28:00,Created,Retail Store,L00114,Cash on Delivery,Singapore,99,0.0,2023-06-21
O0000721,C000896,2024-01-22 16:25:00,Returned,Retail Store,L00263,Debit Card,Bangalore,49,0.0,2024-01-27
O0000722,C000878,2024-11-23 06:41:00,Packed,Website,L00024,UPI,Kolkata,0,111.17,2024-11-24
O0000723,C000541,2024-10-22 10:00:00,Delivered,Call Center,L00266,UPI,London,99,412.46,2024-10-30
O0000724,C000008,2025-10-04 01:46:00,Created,Retail Store,L00233,UPI,Lucknow,0,176.03,2025-10-08
O0000725,C000925,2023-01-16 02:31:00,Shipped,Call Center,L00168,Net Banking,Ahmedabad,199,0.0,2023-01-17
O0000726,C000370,2024-04-28 04:00:00,Created,Website,L00111,Debit Card,Jaipur,0,289.54,2024-05-05
O0000727,C000184,2023-03-22 11:01:00,Created,Website,L00311,Credit Card,Toronto,199,114.23,2023-03-30
O0000728,C000403,2025-08-01 01:42:00,Delivered,Retail Store,L00279,Wallet,London,149,295.21,2025-08-03
O0000729,C000756,2024-06-05 01:28:00,Packed,Call Center,L00026,Cash on Delivery,Delhi,49,0.0,2024-06-07
O0000730,C000417,2024-07-15 10:44:00,Returned,Retail Store,L00512,Net Banking,London,0,127.75,2024-07-22
O0000731,C000810,2023-03-21 18:09:00,Shipped,Marketplace,L00097,Credit Card,Toronto,99,0.0,2023-03-24
O0000732,C000981,2024-05-30 22:22:00,Packed,Mobile App,L00236,Net Banking,Manchester,199,0.0,2024-06-03
O0000733,C000660,2024-12-24 20:37:00,Delivered,Call Center,L00187,Wallet,Toronto,49,162.53,2025-01-01
O0000734,C000898,2023-12-18 19:38:00,Paid,Marketplace,L00195,Cash on Delivery,Toronto,199,0.0,2023-12-23
O0000735,C000411,2024-05-12 18:32:00,Paid,Call Center,L00434,UPI,Chicago,79,90.66,2024-05-20
O0000736,C000403,2024-10-15 23:48:00,Paid,Call Center,L00356,Credit Card,Singapore,199,266.15,2024-10-22
O0000737,C000997,2025-08-27 07:21:00,Returned,Marketplace,L00232,Credit Card,Chicago,199,0.0,2025-08-29
O0000738,C000269,2024-07-07 01:07:00,Created,Mobile App,L00137,UPI,New York,49,221.18,2024-07-10
O0000739,C000223,2025-05-09 05:56:00,Packed,Marketplace,L00200,UPI,Jaipur,79,167.95,2025-05-11
O0000740,C000893,2024-09-19 06:17:00,Paid,Website,L00298,Net Banking,New York,79,91.72,2024-09-25
O0000741,C000545,2023-06-15 20:35:00,Paid,Marketplace,L00307,Net Banking,Ahmedabad,149,0.0,2023-06-17
O0000742,C000503,2025-04-15 08:48:00,Packed,Marketplace,L00178,Debit Card,Dubai,149,434.71,2025-04-23
O0000743,C000784,2025-12-17 15:23:00,Packed,Website,L00122,Credit Card,Manchester,79,0.0,2025-12-19
O0000744,C000583,2024-07-23 15:56:00,Cancelled,Website,L00182,UPI,Manchester,149,0.0,2024-07-27
O0000745,C000258,2025-10-27 02:08:00,Packed,Mobile App,L00415,Cash on Delivery,Toronto,149,293.98,2025-11-01
O0000746,C000426,2023-05-26 08:40:00,Shipped,Call Center,L00014,Net Banking,Hyderabad,199,0.0,2023-06-02
O0000747,C000903,2024-09-25 19:06:00,Returned,Website,L00151,Wallet,Toronto,149,0.0,2024-09-26
O0000748,C000359,2024-06-29 14:05:00,,Mobile App,L00010,UPI,Bangalore,49,41.63,2024-06-30
O0000749,C000493,2023-04-18 05:58:00,Delivered,Call Center,L00170,Wallet,London,149,52.78,2023-04-20
O0000750,C000766,2025-03-11 02:16:00,Paid,Retail Store,L00303,Wallet,Chicago,99,501.05,2025-03-16
O0000751,C000285,2023-05-19 09:05:00,Paid,Website,L00277,Cash on Delivery,Toronto,49,433.92,2023-05-26
O0000752,C000532,2026-03-31 11:10:00,Cancelled,Call Center,L00330,UPI,Manchester,79,539.51,2026-04-04
O0000753,C000236,2025-10-28 05:37:00,Packed,Retail Store,L00030,Wallet,Toronto,199,47.8,2025-11-04
O0000754,C000601,2023-07-24 01:23:00,Delivered,Call Center,L00224,Credit Card,New York,0,112.69,2023-07-28
O0000755,C000027,2024-11-29 13:47:00,Delivered,Call Center,L00137,Cash on Delivery,London,149,242.55,2024-11-30
O0000756,C000480,2025-01-01 09:43:00,Created,Marketplace,L00403,Credit Card,Pune,0,0.0,2025-01-06
O0000757,C000859,2023-10-08 12:19:00,Created,Mobile App,L00293,UPI,Los Angeles,149,82.44,2023-10-14
O0000758,C000383,2024-04-24 10:25:00,Packed,Marketplace,L00247,Cash on Delivery,Ahmedabad,99,552.76,2024-04-30
O0000759,C000372,2025-05-04 21:59:00,Shipped,Retail Store,L00331,UPI,Singapore,199,163.65,2025-05-07
O0000760,C000850,2024-11-08 23:35:00,Shipped,Call Center,L00298,Cash on Delivery,Mumbai,0,561.09,2024-11-11
O0000761,C000577,2023-12-25 19:17:00,Packed,Mobile App,L00439,Wallet,Chicago,99,107.15,2023-12-26
O0000762,C000039,2025-11-24 10:17:00,Created,Marketplace,L00449,Credit Card,New York,149,0.0,2025-11-29
O0000763,C000328,2024-10-17 15:56:00,Returned,Marketplace,L00227,Credit Card,Kolkata,199,475.02,2024-10-21
O0000764,C000134,2025-05-04 02:19:00,Cancelled,Marketplace,L00445,Credit Card,Sydney,79,0.0,2025-05-08
O0000765,C000614,2023-06-06 02:33:00,Delivered,Retail Store,L00511,Debit Card,Sydney,49,290.19,2023-06-10
O0000766,C000729,2023-03-26 09:06:00,Shipped,Retail Store,L00068,Credit Card,Ahmedabad,49,41.22,2023-04-01
O0000767,C000669,2024-09-09 07:26:00,Created,Website,L00441,Cash on Delivery,Berlin,49,0.0,2024-09-10
O0000768,C000247,2023-05-17 01:37:00,Shipped,Retail Store,L00426,Net Banking,Manchester,99,448.03,2023-05-24
O0000769,C000357,2025-02-12 09:22:00,Packed,Website,L00306,Debit Card,Jaipur,149,0.0,2025-02-17
O0000770,C000052,2023-08-16 03:57:00,Shipped,Call Center,L00144,UPI,Los Angeles,49,56.45,2023-08-19
O0000771,C000696,2023-06-18 06:23:00,Packed,Call Center,L00072,UPI,New York,199,0.0,2023-06-21
O0000772,C000395,2023-10-11 13:00:00,Packed,Marketplace,L00451,Cash on Delivery,Hyderabad,199,92.23,2023-10-19
O0000773,C000251,2025-05-10 09:35:00,Cancelled,Call Center,L00262,Net Banking,Ahmedabad,0,0.0,2025-05-11
O0000774,C000172,2025-09-05 05:22:00,Paid,Marketplace,L00035,Wallet,Berlin,49,492.42,2025-09-07
O0000775,C000785,2026-01-04 08:33:00,Delivered,Call Center,L00087,UPI,Berlin,79,0.0,2026-01-10
O0000776,C000857,2026-04-10 08:20:00,Cancelled,Marketplace,L00404,Net Banking,Jaipur,79,0.0,2026-04-11
O0000777,C000894,2025-01-28 05:19:00,Returned,Retail Store,L00160,Net Banking,Singapore,79,135.34,2025-01-29
O0000778,C000704,2025-08-20 15:38:00,Returned,Marketplace,L00355,Net Banking,Manchester,0,48.47,2025-08-23
O0000779,C000930,2023-04-02 23:08:00,Cancelled,Marketplace,L00516,Cash on Delivery,Delhi,99,580.06,2023-04-03
O0000780,C000434,2024-07-06 22:54:00,Cancelled,Retail Store,L00044,Credit Card,Ahmedabad,199,80.5,2024-07-14
O0000781,C000275,2023-06-29 12:56:00,Shipped,Mobile App,L00359,Net Banking,Los Angeles,79,0.0,2023-07-03
O0000782,C000921,2025-03-29 15:43:00,Packed,Marketplace,L00515,Cash on Delivery,Mumbai,99,252.11,2025-03-31
O0000783,C000374,2023-08-13 22:20:00,Cancelled,Retail Store,L00426,Net Banking,Singapore,149,119.21,2023-08-17
O0000784,C000655,2025-03-05 08:26:00,Packed,Marketplace,L00015,UPI,Hyderabad,199,211.66,2025-03-07
O0000785,C000135,2025-04-30 06:11:00,Packed,Call Center,L00268,Debit Card,Los Angeles,99,206.74,2025-05-03
O0000786,C000866,2025-05-29 18:28:00,Delivered,Retail Store,L00320,Wallet,Toronto,149,101.02,2025-06-05
O0000787,C000356,2025-05-20 07:03:00,Shipped,Marketplace,L00166,Cash on Delivery,Kolkata,99,0.0,2025-05-26
O0000788,C000241,2025-05-14 08:08:00,Created,Marketplace,L00005,Net Banking,Dubai,199,0.0,2025-05-21
O0000789,C000515,2023-07-05 18:52:00,,Website,L00436,Wallet,Los Angeles,199,133.57,2023-07-12
O0000790,C000424,2023-12-22 06:00:00,Packed,Mobile App,L00194,Cash on Delivery,Los Angeles,99,474.74,2023-12-27
O0000791,C000819,2024-09-25 02:00:00,Created,Website,L00306,Debit Card,Pune,99,40.37,2024-09-28
O0000792,C000712,2025-06-29 09:55:00,,Marketplace,L00391,Debit Card,Ahmedabad,79,208.09,2025-07-02
O0000793,C000864,2026-01-11 00:43:00,Returned,Call Center,L00440,UPI,Sydney,199,296.66,2026-01-13
O0000794,C000097,2023-05-12 22:06:00,Delivered,Retail Store,L00168,Net Banking,Berlin,0,52.75,2023-05-19
O0000795,C000520,2024-09-14 15:11:00,Cancelled,Retail Store,L00076,UPI,Dubai,149,93.45,2024-09-18
O0000796,C000684,2023-04-11 22:11:00,Created,Retail Store,L00285,UPI,Kolkata,79,53.33,2023-04-13
O0000797,C000130,2024-05-28 23:21:00,Cancelled,Retail Store,L00459,Credit Card,Dubai,199,122.85,2024-06-01
O0000798,C000468,2025-07-20 17:03:00,Paid,Retail Store,L00069,UPI,Chennai,79,111.82,2025-07-22
O0000799,C000515,2025-10-31 07:32:00,Created,Website,L00174,UPI,Hyderabad,79,488.34,2025-11-07
O0000800,C000419,2025-03-30 23:05:00,Shipped,Marketplace,L00361,Debit Card,Sydney,49,0.0,2025-04-06
O0000801,C000726,2024-11-02 21:17:00,Returned,Call Center,L00025,UPI,Singapore,79,87.59,2024-11-07
O0000802,C000405,2025-09-10 13:55:00,Cancelled,Call Center,L00079,Wallet,London,79,120.99,2025-09-11
O0000803,C000609,2023-07-05 22:23:00,Cancelled,Retail Store,L00355,Wallet,Kolkata,49,51.29,2023-07-11
O0000804,C000016,2024-01-21 12:51:00,Delivered,Website,L00120,Debit Card,Manchester,0,238.29,2024-01-27
O0000805,C999999,2025-12-23 15:34:00,Paid,Mobile App,L00449,Credit Card,Ahmedabad,199,51.01,2025-12-25
O0000806,C000406,2026-03-29 19:27:00,Shipped,Retail Store,L00489,Debit Card,Bangalore,49,444.71,2026-04-03
O0000807,C000495,2025-02-07 11:26:00,Shipped,Call Center,L00001,Cash on Delivery,Bangalore,79,265.94,2025-02-13
O0000808,C000501,2024-13-40 99:99:99,Created,Retail Store,L00490,Net Banking,Kolkata,149,41.52,2024-02-06
O0000809,C000916,2024-11-30 08:27:00,Cancelled,Website,L00508,UPI,Sydney,149,253.38,2024-12-01
O0000810,C000821,2023-07-13 04:37:00,Shipped,Retail Store,L00181,Debit Card,New York,79,555.47,2023-07-14
O0000811,C000015,2025-11-22 01:19:00,Returned,Website,L00093,UPI,Berlin,99,0.0,2025-11-24
O0000812,C000532,2023-03-13 14:13:00,Packed,Retail Store,L00519,Cash on Delivery,Ahmedabad,199,109.14,2023-03-18
O0000813,C000588,2026-03-18 07:52:00,Delivered,Website,L00034,Debit Card,Hyderabad,149,176.78,2026-03-25
O0000814,C000983,2023-10-21 03:12:00,Packed,Call Center,L00014,Cash on Delivery,Jaipur,199,0.0,2023-10-23
O0000815,C000202,2026-04-08 20:02:00,Delivered,Website,L00362,Wallet,Lucknow,49,82.52,2026-04-11
O0000816,C000234,2023-03-16 23:43:00,Paid,Retail Store,L00143,Cash on Delivery,London,99,285.26,2023-03-17
O0000817,C000592,2023-12-05 23:33:00,Returned,Mobile App,L00328,UPI,Bangalore,199,51.28,2023-12-13
O0000818,C000717,2024-08-10 09:42:00,Created,Call Center,L00200,Debit Card,London,49,0.0,2024-08-14
O0000819,C000185,2025-07-05 22:00:00,Returned,Call Center,L00395,Debit Card,Bangalore,99,0.0,2025-07-10
O0000820,C000845,2023-08-29 07:14:00,Created,Call Center,L00108,Net Banking,Mumbai,79,565.84,2023-09-05
O0000821,C000895,2023-10-07 22:50:00,Returned,Mobile App,L00139,Credit Card,Chennai,149,463.92,2023-10-15
O0000822,C000857,2024-01-16 07:43:00,Paid,Retail Store,L00014,Net Banking,Toronto,149,422.15,2024-01-19
O0000823,C000350,2023-12-25 12:20:00,Created,Retail Store,L00477,UPI,Dubai,99,589.61,2023-12-31
O0000824,C000365,2024-10-09 07:28:00,Packed,Marketplace,L00182,UPI,Sydney,149,0.0,2024-10-15
O0000825,C000116,2026-03-20 01:45:00,Created,Website,L00375,Credit Card,New York,199,247.63,2026-03-24
O0000826,C000471,2024-12-06 02:20:00,Packed,Retail Store,L00439,Credit Card,Los Angeles,0,275.09,2024-12-07
O0000827,C000070,2025-10-29 23:13:00,Packed,Website,L00229,Debit Card,Toronto,79,205.16,2025-11-03
O0000828,C000247,2025-02-10 06:44:00,Returned,Mobile App,L00212,Debit Card,Lucknow,149,128.3,2025-02-16
O0000829,C000482,2024-10-10 10:46:00,Shipped,Call Center,L00137,Credit Card,Kolkata,49,119.81,2024-10-13
O0000830,C000400,2025-12-11 23:42:00,Cancelled,Call Center,L00165,Cash on Delivery,Chicago,149,591.72,2025-12-16
O0000831,C000481,2024-01-04 06:40:00,Paid,Marketplace,L00026,Cash on Delivery,Jaipur,99,550.42,2024-01-07
O0000832,C000626,2024-01-23 03:50:00,Paid,Marketplace,L00159,Credit Card,Pune,199,42.79,2024-01-24
O0000833,C000247,2025-03-13 05:22:00,Returned,Call Center,L00257,UPI,Jaipur,79,136.69,2025-03-16
O0000834,C000785,2024-05-04 02:16:00,Created,Marketplace,L00004,Net Banking,Ahmedabad,0,58.09,2024-05-07
O0000835,C000311,2024-01-26 10:42:00,Packed,Call Center,L00010,Wallet,Chicago,79,420.05,2024-02-02
O0000836,C000376,2023-10-30 23:50:00,Delivered,Call Center,L00062,Net Banking,Singapore,79,229.22,2023-11-03
O0000837,C000216,2025-12-08 17:11:00,Delivered,Marketplace,L00021,Wallet,Manchester,49,95.8,2025-12-12
O0000838,C000873,2024-02-19 07:01:00,Shipped,Retail Store,L00301,Debit Card,Chicago,49,0.0,2024-02-23
O0000839,C000830,2023-04-11 16:52:00,Returned,Retail Store,L00291,UPI,Dubai,0,0.0,2023-04-15
O0000840,C000235,2024-03-31 21:02:00,Created,Website,L00098,Net Banking,London,49,243.15,2024-04-03
O0000841,C000298,2024-10-13 09:04:00,Delivered,Retail Store,L00003,Wallet,Chicago,49,0.0,2024-10-19
O0000842,C000540,2023-01-04 16:19:00,Created,Retail Store,L00438,Cash on Delivery,Mumbai,199,0.0,2023-01-11
O0000843,C000453,2023-02-06 20:06:00,Delivered,Mobile App,L00269,Wallet,Berlin,0,289.12,2023-02-09
O0000844,C000642,2023-02-18 13:24:00,Delivered,Marketplace,L00504,Net Banking,Ahmedabad,49,0.0,2023-02-19
O0000845,C000217,2024-07-14 04:57:00,Packed,Marketplace,L00200,Credit Card,Manchester,0,0.0,2024-07-15
O0000846,C000173,2025-11-22 11:01:00,Cancelled,Marketplace,L00250,Cash on Delivery,Bangalore,99,244.45,2025-11-27
O0000847,C000795,2024-03-31 21:12:00,Shipped,Marketplace,L00125,Net Banking,Dubai,79,135.33,2024-04-02
O0000848,C999999,2026-02-05 22:10:00,Paid,Mobile App,L00183,Wallet,Singapore,0,167.17,2026-02-08
O0000849,C000866,2024-12-26 04:07:00,Returned,Website,L00452,Credit Card,Pune,99,216.62,2024-12-27
O0000850,C000730,2025-09-04 23:14:00,Packed,Call Center,L00140,Credit Card,Ahmedabad,149,89.54,2025-09-08
O0000851,C000760,2023-12-12 11:02:00,Shipped,Retail Store,L00173,Debit Card,Ahmedabad,149,50.12,2023-12-17
O0000852,C000403,2024-04-20 15:41:00,Packed,Call Center,L00364,Wallet,Jaipur,49,164.24,2024-04-21
O0000853,C000261,2025-12-06 13:40:00,Packed,Mobile App,L00099,Debit Card,Dubai,199,0.0,2025-12-07
O0000854,C000876,2024-07-11 21:32:00,Cancelled,Call Center,L00508,Credit Card,New York,0,0.0,2024-07-19
O0000855,C000296,2023-04-17 15:16:00,Shipped,Mobile App,L00264,Wallet,Hyderabad,199,0.0,2023-04-25
O0000856,C000728,2023-01-21 00:12:00,Packed,Call Center,L00263,Cash on Delivery,Jaipur,149,232.96,2023-01-29
O0000857,C000415,2024-07-23 19:24:00,Created,Mobile App,L00387,Net Banking,Chicago,199,0.0,2024-07-31
O0000858,C000002,2026-02-17 03:34:00,,Mobile App,L00198,Wallet,Chennai,79,0.0,2026-02-22
O0000859,C000412,2024-05-20 11:07:00,Paid,Marketplace,L00019,Net Banking,Manchester,79,0.0,2024-05-27
O0000860,C000683,2026-02-18 01:13:00,Shipped,Retail Store,L00102,Wallet,Delhi,99,128.97,2026-02-20
O0000861,C000625,2025-02-28 08:10:00,Returned,Website,L00236,Debit Card,Berlin,79,51.99,2025-03-03
O0000862,C000670,2025-03-24 01:33:00,Paid,Call Center,L00355,Net Banking,Ahmedabad,79,0.0,2025-03-29
O0000863,C000279,2024-09-15 14:21:00,Paid,Retail Store,L00502,Net Banking,Mumbai,79,0.0,2024-09-22
O0000864,C000811,2024-09-26 11:52:00,Returned,Retail Store,L00399,Net Banking,Ahmedabad,149,209.41,2024-09-27
O0000865,C000482,2024-05-28 00:21:00,Shipped,Call Center,L00211,Credit Card,Mumbai,149,0.0,2024-05-30
O0000866,C000655,2024-10-04 13:39:00,Paid,Mobile App,L00285,Credit Card,Sydney,199,532.35,2024-10-06
O0000867,C000397,2026-03-26 18:06:00,Delivered,Mobile App,L00328,Net Banking,Ahmedabad,79,0.0,2026-03-31
O0000868,C000461,2026-02-12 22:26:00,Paid,Retail Store,L00114,Cash on Delivery,Pune,149,0.0,2026-02-15
O0000869,C000503,2023-08-29 05:54:00,Cancelled,Call Center,L00376,Cash on Delivery,Dubai,0,202.58,2023-09-03
O0000870,C000377,2026-02-21 10:56:00,Shipped,Website,L00198,Cash on Delivery,Jaipur,49,579.84,2026-02-25
O0000871,C000023,2026-03-04 12:31:00,,Call Center,L00505,UPI,Jaipur,149,0.0,2026-03-09
O0000872,C000456,2024-07-10 01:50:00,Shipped,Mobile App,L00379,Credit Card,Mumbai,199,231.23,2024-07-11
O0000873,C000421,2025-09-22 05:37:00,Paid,Call Center,L00166,Cash on Delivery,New York,199,86.15,2025-09-26
O0000874,C000759,2025-09-21 18:52:00,Returned,Call Center,L00153,Net Banking,Kolkata,99,263.11,2025-09-27
O0000875,C000856,2025-01-20 16:57:00,Returned,Mobile App,L00473,Cash on Delivery,Toronto,0,0.0,2025-01-26
O0000876,C000732,2023-10-20 11:41:00,,Retail Store,L00057,Net Banking,Hyderabad,149,131.7,2023-10-27
O0000877,C000230,2025-08-31 09:59:00,Packed,Mobile App,L00021,UPI,Chicago,0,0.0,2025-09-04
O0000878,C000361,2025-03-23 15:29:00,Shipped,Website,L00152,Net Banking,Hyderabad,49,515.13,2025-03-31
O0000879,C000895,2024-10-29 00:26:00,Paid,Retail Store,L00303,Debit Card,Dubai,199,0.0,2024-11-02
O0000880,C000473,2025-09-24 23:26:00,Paid,Mobile App,L00408,Net Banking,Mumbai,49,138.72,2025-09-26
O0000881,C000327,2024-04-20 18:04:00,Shipped,Retail Store,L00317,Debit Card,New York,99,0.0,2024-04-27
O0000882,C000046,2025-11-15 05:41:00,Shipped,Retail Store,L00210,Cash on Delivery,Hyderabad,79,121.97,2025-11-18
O0000883,C000639,2024-06-11 00:44:00,Paid,Mobile App,L00483,Debit Card,Mumbai,199,238.39,2024-06-18
O0000884,C000754,2023-01-09 10:14:00,Packed,Website,L00184,Cash on Delivery,London,149,88.85,2023-01-13
O0000885,C000936,2025-10-22 23:27:00,Shipped,Website,L00076,UPI,Singapore,0,59.52,2025-10-23
O0000886,C000388,2024-01-18 03:14:00,Returned,Call Center,L00455,Net Banking,Lucknow,79,169.93,2024-01-21
O0000887,C000753,2023-03-03 14:00:00,Cancelled,Retail Store,L00357,Credit Card,Los Angeles,49,122.17,2023-03-10
O0000888,C000130,2024-06-30 09:05:00,Packed,Call Center,L00196,Wallet,Singapore,149,265.58,2024-07-06
O0000889,C000442,2025-03-28 07:20:00,Created,Mobile App,L00026,UPI,Los Angeles,0,125.24,2025-04-05
O0000890,C000899,2026-04-13 06:30:00,Delivered,Website,L00257,Debit Card,Manchester,49,110.61,2026-04-18
O0000891,C000640,2023-02-10 21:04:00,Shipped,Website,L00505,Debit Card,Jaipur,99,0.0,2023-02-17
O0000892,C000155,2025-06-02 10:15:00,Paid,Marketplace,L00145,Net Banking,Mumbai,199,0.0,2025-06-03
O0000893,C000738,2023-08-10 05:37:00,Created,Call Center,L00454,UPI,Mumbai,149,89.85,2023-08-15
O0000894,C000412,2023-09-02 04:57:00,Shipped,Call Center,L00113,Debit Card,Bangalore,199,0.0,2023-09-03
O0000895,C000671,2023-01-25 10:54:00,Delivered,Website,L00043,Debit Card,Kolkata,79,0.0,2023-01-26
O0000896,C000972,2023-04-09 10:24:00,Packed,Call Center,L00227,Cash on Delivery,London,149,0.0,2023-04-11
O0000897,C000425,2023-07-19 13:44:00,Shipped,Mobile App,L00311,Cash on Delivery,Delhi,49,116.23,2023-07-27
O0000898,C000153,2023-10-23 16:07:00,Delivered,Mobile App,L00356,Net Banking,Pune,0,563.65,2023-10-28
O0000899,C000707,2024-06-23 18:57:00,Delivered,Mobile App,L00329,Net Banking,Bangalore,149,0.0,2024-06-27
O0000900,C000992,2025-06-05 11:26:00,Shipped,Website,L00363,Net Banking,Chicago,79,570.12,2025-06-07
O0000901,C000870,2026-03-22 19:22:00,Packed,Call Center,L00059,Wallet,Chicago,79,0.0,2026-03-28
O0000902,C000814,2026-02-28 10:12:00,Returned,Mobile App,L00134,Credit Card,Toronto,49,115.73,2026-03-08
O0000903,C000915,2024-01-17 13:06:00,Cancelled,Marketplace,L00223,UPI,Toronto,79,152.65,2024-01-19
O0000904,C000591,2024-10-23 16:12:00,Packed,Website,L00252,Wallet,Ahmedabad,79,105.34,2024-10-28
O0000905,C000362,2025-08-28 16:33:00,Delivered,Retail Store,L00128,Wallet,Chicago,79,261.32,2025-08-31
O0000906,C000447,2025-04-29 04:29:00,Paid,Call Center,L00168,Debit Card,Delhi,49,468.09,2025-05-04
O0000907,C000482,2024-12-06 10:40:00,Paid,Mobile App,L00034,Wallet,Bangalore,0,499.43,2024-12-07
O0000908,C000767,2025-01-13 00:08:00,Cancelled,Marketplace,L00396,UPI,Manchester,49,160.02,2025-01-18
O0000909,C000637,2024-07-31 22:15:00,Created,Mobile App,L00075,Debit Card,Hyderabad,149,283.8,2024-08-07
O0000910,C000656,2023-04-13 13:27:00,Cancelled,Retail Store,L00499,Cash on Delivery,Chennai,0,0.0,2023-04-14
O0000911,C000760,2025-11-09 08:15:00,Returned,Retail Store,L00480,Credit Card,Delhi,199,493.76,2025-11-17
O0000912,C000956,2024-03-30 06:55:00,Paid,Mobile App,L00290,Wallet,Ahmedabad,149,0.0,2024-04-02
O0000913,C000186,2025-09-03 14:49:00,Shipped,Retail Store,L00467,Cash on Delivery,New York,0,0.0,2025-09-09
O0000914,C000443,2024-07-31 16:19:00,Paid,Mobile App,L00036,Wallet,Ahmedabad,149,271.15,2024-08-08
O0000915,C000803,2024-09-01 05:51:00,Returned,Marketplace,L00017,Net Banking,New York,199,47.37,2024-09-06
O0000916,C000976,2025-02-24 18:44:00,Cancelled,Call Center,L00251,UPI,Ahmedabad,49,0.0,2025-03-02
O0000917,C000721,2025-05-09 22:42:00,Delivered,Retail Store,L00486,Cash on Delivery,Manchester,199,505.07,2025-05-11
O0000918,C000735,2025-11-24 13:13:00,Cancelled,Mobile App,L00425,Wallet,New York,149,111.21,2025-11-30
O0000919,C000574,2023-05-13 03:45:00,Cancelled,Mobile App,L00344,Cash on Delivery,New York,199,0.0,2023-05-18
O0000920,C000411,2026-03-15 13:08:00,Delivered,Call Center,L00202,Net Banking,Los Angeles,79,535.79,2026-03-17
O0000921,C000046,2023-11-11 04:01:00,Created,Website,L00127,Cash on Delivery,Jaipur,49,266.78,2023-11-12
O0000922,C000601,2024-13-40 99:99:99,Created,Call Center,L00349,Credit Card,Dubai,199,244.53,2024-10-22
O0000923,C000528,2024-06-27 20:22:00,Paid,Mobile App,L00496,Net Banking,Lucknow,199,242.35,2024-06-30
O0000924,C000118,2024-02-11 01:22:00,Created,Mobile App,L00468,Cash on Delivery,New York,0,0.0,2024-02-16
O0000925,C000475,2024-11-01 07:27:00,Cancelled,Retail Store,L00383,Net Banking,Manchester,49,116.13,2024-11-04
O0000926,C000494,2024-11-16 17:54:00,,Website,L00331,Credit Card,Lucknow,199,519.85,2024-11-21
O0000927,C000703,2023-06-03 20:57:00,Returned,Retail Store,L00187,Credit Card,Dubai,149,0.0,2023-06-08
O0000928,C000510,2025-04-24 19:48:00,Shipped,Website,L00280,Net Banking,Hyderabad,49,110.72,2025-04-30
O0000929,C000224,2024-05-16 23:03:00,Packed,Retail Store,L00158,Wallet,Los Angeles,199,0.0,2024-05-22
O0000930,C000328,2025-02-16 15:13:00,Shipped,Website,L00011,Cash on Delivery,Mumbai,199,435.17,2025-02-20
O0000931,C000971,2025-08-02 12:17:00,Cancelled,Website,L00426,Debit Card,Chicago,0,104.38,2025-08-06
O0000932,C000587,2024-04-29 03:49:00,Paid,Retail Store,L00405,UPI,Chicago,199,90.23,2024-04-30
O0000933,C000411,2024-11-20 12:56:00,Created,Retail Store,L00223,Debit Card,Chicago,49,0.0,2024-11-21
O0000934,C000523,2024-06-14 01:28:00,Returned,Website,L00474,UPI,Sydney,0,0.0,2024-06-20
O0000935,C000488,2024-02-05 22:46:00,Delivered,Mobile App,L00253,Net Banking,Pune,149,154.84,2024-02-12
O0000936,C000306,2023-05-06 10:23:00,Shipped,Mobile App,L00038,Cash on Delivery,Dubai,149,260.9,2023-05-08
O0000937,C000051,2024-01-10 15:00:00,Delivered,Website,L00131,Debit Card,Chennai,99,49.42,2024-01-15
O0000938,C000559,2024-05-26 13:48:00,Created,Retail Store,L00295,Credit Card,Chennai,199,0.0,2024-05-29
O0000939,C000362,2023-05-10 23:37:00,Returned,Retail Store,L00424,Cash on Delivery,Los Angeles,79,0.0,2023-05-16
O0000940,C000503,2026-01-24 10:35:00,Returned,Retail Store,L00027,Debit Card,Bangalore,199,0.0,2026-01-27
O0000941,C000557,2024-04-27 11:09:00,Delivered,Website,L00450,UPI,Kolkata,79,230.03,2024-04-30
O0000942,C000284,2025-10-18 08:26:00,Packed,Mobile App,L00369,Wallet,Ahmedabad,0,0.0,2025-10-20
O0000943,C000051,2023-04-11 16:34:00,Packed,Marketplace,L00492,UPI,Bangalore,199,152.58,2023-04-12
O0000944,C000658,2023-01-04 17:57:00,Shipped,Marketplace,L00431,UPI,Toronto,99,0.0,2023-01-12
O0000945,C000199,2026-01-27 13:24:00,Returned,Retail Store,L00394,UPI,Ahmedabad,49,46.01,2026-02-04
O0000946,C000976,2025-04-16 07:12:00,Delivered,Mobile App,L00492,Debit Card,London,49,0.0,2025-04-18
O0000947,C000563,2025-09-20 09:13:00,Paid,Marketplace,L00511,Credit Card,New York,49,0.0,2025-09-21
O0000948,C000770,2024-06-01 15:08:00,Created,Call Center,L00427,Net Banking,Pune,149,0.0,2024-06-09
O0000949,C000586,2025-04-19 12:01:00,Delivered,Call Center,L00325,Credit Card,Manchester,79,595.4,2025-04-23
O0000950,C000540,2025-06-22 20:33:00,Delivered,Marketplace,L00359,Wallet,Berlin,199,174.19,2025-06-28
O0000951,C000271,2026-01-01 08:16:00,Created,Mobile App,L00400,Wallet,New York,49,148.73,2026-01-09
O0000952,C000082,2025-06-17 20:10:00,Paid,Call Center,L00146,Net Banking,Manchester,79,290.25,2025-06-19
O0000953,C000577,2023-06-16 17:48:00,Packed,Call Center,L00481,Cash on Delivery,Singapore,49,0.0,2023-06-17
O0000954,C000013,2023-05-03 10:37:00,Packed,Website,L00328,Net Banking,Ahmedabad,99,153.03,2023-05-08
O0000955,C000284,2023-05-18 18:14:00,Paid,Mobile App,L00311,Cash on Delivery,Toronto,0,0.0,2023-05-22
O0000956,C000243,2023-04-24 13:21:00,Packed,Mobile App,L00208,Cash on Delivery,Los Angeles,149,462.75,2023-04-25
O0000957,C000748,2023-11-17 16:11:00,Delivered,Website,L00123,Wallet,Toronto,149,552.78,2023-11-23
O0000958,C000719,2026-02-04 04:49:00,Paid,Retail Store,L00488,Debit Card,Mumbai,149,491.13,2026-02-08
O0000959,C000512,2025-04-23 00:36:00,Delivered,Marketplace,L00511,Credit Card,Mumbai,199,91.1,2025-04-29
O0000960,C000161,2023-10-15 19:25:00,Cancelled,Retail Store,L00028,Wallet,Ahmedabad,199,0.0,2023-10-18
O0000961,C000297,2025-11-24 05:22:00,Paid,Call Center,L00396,UPI,Delhi,199,145.52,2025-11-26
O0000962,C000861,2024-02-21 18:35:00,,Marketplace,L00453,Wallet,Delhi,199,534.12,2024-02-26
O0000963,C000564,2024-10-07 06:44:00,Packed,Retail Store,L00003,UPI,Berlin,199,428.39,2024-10-11
O0000964,C000715,2023-03-10 14:47:00,Packed,Mobile App,L00025,Credit Card,London,149,244.84,2023-03-12
O0000965,C000249,2024-10-12 12:35:00,Returned,Mobile App,L00461,Net Banking,Sydney,79,49.0,2024-10-15
O0000966,C000087,2026-03-20 05:19:00,Shipped,Mobile App,L00229,Credit Card,London,199,51.33,2026-03-26
O0000967,C000944,2026-02-19 08:43:00,Paid,Retail Store,L00514,Wallet,Hyderabad,99,432.38,2026-02-26
O0000968,C000493,2023-04-05 12:30:00,Packed,Retail Store,L00381,Debit Card,New York,79,0.0,2023-04-11
O0000969,C000675,2025-06-24 15:57:00,Packed,Marketplace,L00134,Credit Card,Pune,79,0.0,2025-06-30
O0000970,C000497,2023-11-06 06:21:00,Packed,Retail Store,L00516,Cash on Delivery,Chennai,0,0.0,2023-11-08
O0000971,C000479,2025-01-27 01:50:00,Delivered,Retail Store,L00311,Net Banking,Bangalore,149,0.0,2025-01-29
O0000972,C000237,2025-02-22 13:05:00,Created,Retail Store,L00292,Cash on Delivery,Los Angeles,0,0.0,2025-02-27
O0000973,C000134,2026-02-08 18:08:00,Created,Call Center,L00490,Wallet,Mumbai,199,231.02,2026-02-13
O0000974,C000873,2024-12-14 23:44:00,Created,Mobile App,L00519,Cash on Delivery,Chicago,49,48.07,2024-12-22
O0000975,C000523,2025-01-13 10:49:00,Shipped,Mobile App,L00100,Debit Card,Los Angeles,0,114.85,2025-01-16
O0000976,C000254,2025-04-13 12:44:00,Returned,Website,L00037,UPI,Los Angeles,49,0.0,2025-04-20
O0000977,C000011,2024-10-09 03:19:00,Created,Website,L00386,Wallet,Dubai,149,442.15,2024-10-17
O0000978,C000408,2025-10-23 03:56:00,Delivered,Website,L00417,Debit Card,Bangalore,49,95.19,2025-10-25
O0000979,C000391,2025-01-17 01:06:00,Packed,Retail Store,L00259,Net Banking,Chennai,79,446.33,2025-01-20
O0000980,C000413,2023-08-10 04:28:00,Shipped,Mobile App,L00513,Wallet,Los Angeles,99,99.53,2023-08-16
O0000981,C000632,2026-03-01 20:32:00,Created,Mobile App,L00463,Cash on Delivery,Ahmedabad,0,166.44,2026-03-03
O0000982,C000961,2024-07-22 05:24:00,Packed,Marketplace,L00085,Net Banking,Delhi,99,122.21,2024-07-27
O0000983,C000291,2024-01-15 13:16:00,Cancelled,Mobile App,L00354,Wallet,London,199,109.14,2024-01-21
O0000984,C000225,2026-03-20 03:53:00,Delivered,Call Center,L00475,Wallet,Toronto,99,0.0,2026-03-24
O0000985,C000402,2025-06-28 07:38:00,Cancelled,Mobile App,L00334,Net Banking,London,0,456.26,2025-06-30
O0000986,C000175,2024-07-07 00:50:00,Cancelled,Marketplace,L00446,Debit Card,Lucknow,49,141.19,2024-07-14
O0000987,C000852,2025-05-31 23:09:00,Paid,Website,L00091,Cash on Delivery,Los Angeles,79,0.0,2025-06-06
O0000988,C000493,2025-01-11 04:55:00,Created,Call Center,L00348,Wallet,Mumbai,149,105.89,2025-01-14
O0000989,C000401,2025-08-22 02:09:00,Paid,Mobile App,L00193,Cash on Delivery,Berlin,49,505.9,2025-08-24
O0000990,C000463,2025-04-12 15:10:00,Paid,Retail Store,L00254,Debit Card,Manchester,99,243.9,2025-04-19
O0000991,C000127,2025-11-03 16:55:00,Returned,Retail Store,L00300,Cash on Delivery,Manchester,79,0.0,2025-11-08
O0000992,C000501,2023-05-30 06:26:00,Cancelled,Mobile App,L00355,Cash on Delivery,Chicago,99,108.37,2023-05-31
O0000993,C000920,2025-04-08 20:27:00,Cancelled,Mobile App,L00450,Credit Card,Kolkata,0,212.34,2025-04-12
O0000994,C000310,2023-01-31 10:15:00,Paid,Call Center,L00043,Debit Card,Kolkata,49,0.0,2023-02-02
O0000995,C000838,2025-04-04 08:34:00,Paid,Mobile App,L00012,Wallet,Mumbai,0,50.01,2025-04-10
O0000996,C000907,2024-12-25 08:49:00,Delivered,Website,L00247,UPI,Toronto,49,112.36,2024-12-31
O0000997,C000513,2025-02-12 13:00:00,Returned,Retail Store,L00431,UPI,Mumbai,79,203.79,2025-02-15
O0000998,C000884,2023-12-24 04:19:00,Delivered,Mobile App,L00507,Debit Card,New York,0,0.0,2023-12-31
O0000999,C000979,2024-05-16 10:02:00,Paid,Call Center,L00426,UPI,Mumbai,0,171.99,2024-05-24
O0001000,C000906,2023-10-06 22:39:00,Created,Call Center,L00066,Net Banking,Los Angeles,49,253.1,2023-10-13
O0001001,C000566,2025-12-28 06:26:00,Returned,Mobile App,L00096,Credit Card,Lucknow,0,590.76,2026-01-05
O0001002,C000288,2025-07-17 02:59:00,Delivered,Call Center,L00203,Credit Card,Berlin,49,0.0,2025-07-23
O0001003,C999999,2025-03-12 05:25:00,Shipped,Mobile App,L00041,Cash on Delivery,Lucknow,99,100.55,2025-03-18
O0001004,C000864,2025-12-07 22:34:00,Created,Retail Store,L00176,Debit Card,Singapore,0,176.36,2025-12-10
O0001005,C000465,2023-12-21 04:36:00,Returned,Website,L00179,Credit Card,Lucknow,149,51.01,2023-12-26
O0001006,C000088,2024-08-20 07:41:00,Delivered,Marketplace,L00519,UPI,Berlin,79,509.22,2024-08-21
O0001007,C000277,2026-03-21 05:47:00,Paid,Call Center,L00439,Wallet,Ahmedabad,99,141.57,2026-03-27
O0001008,C000553,2024-11-19 17:15:00,Packed,Retail Store,L00505,Cash on Delivery,Manchester,0,0.0,2024-11-21
O0001009,C000372,2023-06-09 07:49:00,Created,Mobile App,L00513,Debit Card,Hyderabad,79,258.07,2023-06-14
O0001010,C000093,2024-10-01 12:01:00,Paid,Website,L00205,Net Banking,Pune,49,205.46,2024-10-05
O0001011,C000396,2024-13-40 99:99:99,Returned,Mobile App,L00409,Credit Card,Chicago,0,82.1,2024-07-22
O0001012,C000460,2025-08-31 02:44:00,Delivered,Marketplace,L00124,UPI,Manchester,199,81.85,2025-09-02
O0001013,C000076,2025-01-11 00:35:00,Created,Marketplace,L00012,Net Banking,Manchester,49,129.44,2025-01-18
O0001014,C000819,2025-01-25 02:30:00,Paid,Marketplace,L00443,Credit Card,Ahmedabad,199,0.0,2025-01-28
O0001015,C000056,2025-02-09 15:06:00,Shipped,Retail Store,L00407,Credit Card,Pune,79,0.0,2025-02-15
O0001016,C000309,2024-08-11 02:42:00,Packed,Retail Store,L00045,UPI,Kolkata,49,0.0,2024-08-19
O0001017,C000125,2024-12-13 05:25:00,Delivered,Call Center,L00324,Wallet,Sydney,149,0.0,2024-12-17
O0001018,C000069,2024-10-11 03:05:00,Paid,Website,L00265,Debit Card,Lucknow,199,119.76,2024-10-16
O0001019,C000209,2023-06-02 21:59:00,Created,Retail Store,L00455,Cash on Delivery,Jaipur,0,0.0,2023-06-09
O0001020,C000556,2024-10-12 20:03:00,Shipped,Website,L00361,Debit Card,Jaipur,0,0.0,2024-10-14
O0001021,C000397,2023-07-02 14:01:00,Paid,Website,L00107,Credit Card,Hyderabad,199,0.0,2023-07-06
O0001022,C000666,2025-12-05 20:53:00,Shipped,Mobile App,L00090,UPI,Toronto,149,235.77,2025-12-12
O0001023,C000794,2026-03-12 02:42:00,Packed,Retail Store,L00325,Cash on Delivery,Mumbai,199,510.59,2026-03-15
O0001024,C000278,2025-05-12 08:13:00,Packed,Website,L00177,Credit Card,Jaipur,99,172.66,2025-05-19
O0001025,C000235,2025-12-17 04:08:00,Cancelled,Marketplace,L00064,Debit Card,Delhi,0,292.06,2025-12-22
O0001026,C000719,2024-12-13 03:40:00,Delivered,Marketplace,L00347,Cash on Delivery,London,99,128.81,2024-12-21
O0001027,C000970,2024-01-21 07:06:00,Returned,Call Center,L00444,UPI,Bangalore,99,0.0,2024-01-26
O0001028,C000669,2024-03-12 15:59:00,Paid,Marketplace,L00107,Cash on Delivery,London,199,52.65,2024-03-13
O0001029,C000549,2023-04-04 20:30:00,Delivered,Marketplace,L00439,Net Banking,Chicago,0,0.0,2023-04-08
O0001030,C000991,2024-10-22 20:54:00,Cancelled,Marketplace,L00285,Net Banking,Ahmedabad,49,108.09,2024-10-28
O0001031,C000778,2025-08-18 07:27:00,Created,Retail Store,L00490,Wallet,Los Angeles,49,170.2,2025-08-20
O0001032,C000261,2025-09-17 10:03:00,Returned,Retail Store,L00005,Credit Card,Delhi,199,0.0,2025-09-24
O0001033,C000756,2024-07-04 20:01:00,Paid,Marketplace,L00368,Cash on Delivery,Los Angeles,0,148.99,2024-07-07
O0001034,C000400,2025-07-04 23:09:00,Delivered,Mobile App,L00408,Cash on Delivery,Berlin,149,0.0,2025-07-11
O0001035,C000832,2024-12-10 08:02:00,Paid,Call Center,L00391,Cash on Delivery,Berlin,0,0.0,2024-12-14
O0001036,C000597,2023-08-30 14:59:00,Delivered,Call Center,L00341,Debit Card,Pune,49,59.11,2023-09-02
O0001037,C000845,2023-10-08 11:00:00,Delivered,Retail Store,L00220,Credit Card,London,49,539.86,2023-10-13
O0001038,C000726,2023-12-24 15:41:00,Paid,Marketplace,L00507,Cash on Delivery,Toronto,49,572.58,2023-12-27
O0001039,C000013,2024-09-25 23:09:00,Paid,Call Center,L00259,Debit Card,Toronto,79,0.0,2024-10-03
O0001040,C000052,2024-08-11 04:21:00,Delivered,Marketplace,L00338,Debit Card,Bangalore,149,141.53,2024-08-19
O0001041,C000688,2024-04-03 12:18:00,Shipped,Call Center,L00187,UPI,Manchester,49,50.41,2024-04-05
O0001042,C000153,2023-05-27 04:37:00,Paid,Website,L00088,Cash on Delivery,Delhi,49,41.01,2023-05-28
O0001043,C000267,2023-04-01 05:55:00,Delivered,Call Center,L00415,UPI,Hyderabad,49,42.79,2023-04-04
O0001044,C000805,2023-03-10 17:30:00,Delivered,Retail Store,L00256,Credit Card,Dubai,79,51.7,2023-03-12
O0001045,C000900,2025-12-14 11:35:00,Delivered,Call Center,L00451,Debit Card,Hyderabad,49,0.0,2025-12-17
O0001046,C000830,2025-11-22 00:39:00,Shipped,Website,L00215,Wallet,Ahmedabad,0,568.49,2025-11-27
O0001047,C000004,2026-02-19 07:34:00,Shipped,Retail Store,L00203,Cash on Delivery,Ahmedabad,149,0.0,2026-02-23
O0001048,C000174,2026-03-23 08:25:00,Returned,Marketplace,L00314,Credit Card,Manchester,99,0.0,2026-03-27
O0001049,C000875,2025-11-05 16:08:00,Packed,Website,L00210,Cash on Delivery,Hyderabad,149,0.0,2025-11-08
O0001050,C000826,2025-11-25 10:03:00,Cancelled,Marketplace,L00140,Net Banking,Toronto,149,0.0,2025-12-03
O0001051,C000789,2023-05-24 11:27:00,Created,Mobile App,L00302,Debit Card,Mumbai,99,0.0,2023-05-31
O0001052,C000928,2025-04-02 06:48:00,Created,Website,L00239,Cash on Delivery,London,199,0.0,2025-04-08
O0001053,C000744,2024-05-16 15:13:00,Returned,Website,L00117,Debit Card,Toronto,99,0.0,2024-05-17
O0001054,C000217,2026-03-17 20:41:00,Shipped,Call Center,L00029,Wallet,Chennai,0,0.0,2026-03-23
O0001055,C000187,2023-10-22 03:25:00,Shipped,Marketplace,L00277,Debit Card,Lucknow,99,117.27,2023-10-26
O0001056,C000435,2024-10-19 01:49:00,Returned,Call Center,L00337,Credit Card,New York,199,47.69,2024-10-27
O0001057,C000929,2023-02-19 14:10:00,,Call Center,L00036,Cash on Delivery,Berlin,0,46.28,2023-02-25
O0001058,C000772,2023-07-22 18:38:00,Delivered,Marketplace,L00425,UPI,New York,99,177.09,2023-07-30
O0001059,C000747,2026-01-08 02:52:00,Packed,Mobile App,L00458,Credit Card,New York,79,0.0,2026-01-14
O0001060,C000334,2025-01-27 22:42:00,Shipped,Marketplace,L00430,Credit Card,Dubai,49,0.0,2025-02-03
O0001061,C000025,2024-05-12 01:59:00,Paid,Website,L00074,UPI,Mumbai,79,0.0,2024-05-20
O0001062,C000368,2024-06-05 08:27:00,Delivered,Website,L00317,Credit Card,Mumbai,79,0.0,2024-06-12
O0001063,C000811,2025-08-04 12:33:00,Packed,Call Center,L00217,Net Banking,Los Angeles,49,144.38,2025-08-09
O0001064,C000436,2023-10-18 09:25:00,Packed,Website,L00138,Credit Card,Kolkata,149,0.0,2023-10-24
O0001065,C000684,2025-11-04 03:10:00,Returned,Marketplace,L00110,Debit Card,Los Angeles,0,0.0,2025-11-10
O0001066,C000450,2023-08-11 10:01:00,Returned,Website,L00073,Cash on Delivery,London,199,99.24,2023-08-19
O0001067,C000789,2025-03-04 06:52:00,Cancelled,Mobile App,L00104,Debit Card,Ahmedabad,0,480.4,2025-03-05
O0001068,C000523,2025-02-08 03:26:00,Packed,Call Center,L00261,Net Banking,Lucknow,79,0.0,2025-02-13
O0001069,C000917,2024-04-11 05:32:00,Returned,Mobile App,L00069,Net Banking,Chennai,79,110.7,2024-04-14
O0001070,C000735,2024-10-26 18:05:00,Returned,Call Center,L00273,Wallet,Lucknow,0,0.0,2024-10-31
O0001071,C000415,2026-01-19 08:57:00,Returned,Marketplace,L00241,Wallet,Sydney,99,0.0,2026-01-27
O0001072,C000261,2025-09-04 13:51:00,Paid,Website,L00482,UPI,Ahmedabad,79,0.0,2025-09-06
O0001073,C000552,2025-05-17 04:54:00,Packed,Retail Store,L00458,Net Banking,London,199,275.35,2025-05-19
O0001074,C000859,2025-01-17 05:24:00,Paid,Call Center,L00260,Debit Card,Hyderabad,99,286.47,2025-01-25
O0001075,C000771,2025-12-23 11:26:00,Packed,Website,L00459,Cash on Delivery,Los Angeles,199,273.37,2025-12-27
O0001076,C000678,2025-05-01 15:02:00,Returned,Retail Store,L00311,Net Banking,Toronto,0,81.36,2025-05-09
O0001077,C000975,2023-04-24 04:23:00,Cancelled,Marketplace,L00019,UPI,Jaipur,149,81.43,2023-04-30
O0001078,C000222,2025-01-28 12:40:00,Packed,Marketplace,L00503,Cash on Delivery,Singapore,79,140.2,2025-02-03
O0001079,C000216,2025-03-10 21:26:00,Returned,Marketplace,L00248,Debit Card,Bangalore,199,121.58,2025-03-16
O0001080,C000951,2025-07-09 05:30:00,Paid,Mobile App,L00482,Net Banking,Chicago,149,160.34,2025-07-17
O0001081,C000961,2026-04-05 08:53:00,Cancelled,Retail Store,L00162,Net Banking,Bangalore,49,292.51,2026-04-06
O0001082,C000897,2025-08-09 13:43:00,Packed,Call Center,L00314,UPI,Kolkata,199,122.77,2025-08-17
O0001083,C000230,2023-07-30 13:22:00,Shipped,Retail Store,L00490,Cash on Delivery,Sydney,79,0.0,2023-08-01
O0001084,C000399,2023-05-13 18:07:00,Cancelled,Marketplace,L00198,Credit Card,Toronto,49,156.44,2023-05-19
O0001085,C000628,2023-06-01 11:27:00,Delivered,Call Center,L00488,Wallet,Chennai,49,0.0,2023-06-02
O0001086,C000845,2024-03-17 23:19:00,Paid,Retail Store,L00019,UPI,Ahmedabad,49,257.42,2024-03-20
O0001087,C000004,2024-07-30 03:35:00,Cancelled,Call Center,L00093,Cash on Delivery,Los Angeles,149,0.0,2024-08-02
O0001088,C000070,2024-06-22 01:15:00,Delivered,Retail Store,L00110,Wallet,Hyderabad,79,291.48,2024-06-28
O0001089,C000194,2023-10-25 00:51:00,Delivered,Website,L00237,UPI,Berlin,99,268.0,2023-10-30
O0001090,C000692,2024-08-17 06:35:00,Cancelled,Marketplace,L00213,Debit Card,Sydney,149,95.4,2024-08-25
O0001091,C000333,2026-01-31 20:49:00,Cancelled,Mobile App,L00055,Net Banking,Toronto,49,0.0,2026-02-04
O0001092,C000338,2025-01-02 01:53:00,Paid,Retail Store,L00361,Wallet,Berlin,49,114.48,2025-01-07
O0001093,C000148,2024-05-18 22:29:00,Delivered,Retail Store,L00405,Wallet,Ahmedabad,199,114.42,2024-05-20
O0001094,C000519,2025-06-12 14:10:00,Shipped,Call Center,L00500,Net Banking,Berlin,0,0.0,2025-06-20
O0001095,C000887,2023-12-05 19:24:00,Packed,Marketplace,L00391,Credit Card,New York,99,41.49,2023-12-06
O0001096,C000918,2024-06-24 02:45:00,Shipped,Call Center,L00009,Credit Card,Chennai,149,89.97,2024-06-28
O0001097,C000449,2024-01-04 13:23:00,Packed,Mobile App,L00103,UPI,New York,0,0.0,2024-01-10
O0001098,C000117,2023-06-12 00:56:00,Delivered,Retail Store,L00332,Net Banking,Ahmedabad,0,49.54,2023-06-13
O0001099,C000196,2025-08-02 08:36:00,Shipped,Website,L00095,Net Banking,Ahmedabad,0,0.0,2025-08-10
O0001100,C000046,2025-09-12 20:42:00,Returned,Website,L00086,Credit Card,Lucknow,149,0.0,2025-09-14
O0001101,C000694,2023-11-20 05:46:00,Created,Retail Store,L00268,Credit Card,Kolkata,149,233.46,2023-11-27
O0001102,C000256,2024-10-03 02:17:00,Delivered,Marketplace,L00350,Net Banking,Delhi,0,0.0,2024-10-04
O0001103,C000249,2023-06-19 10:47:00,Cancelled,Marketplace,L00072,Wallet,London,0,0.0,2023-06-23
O0001104,C000622,2024-07-15 15:31:00,Shipped,Marketplace,L00448,UPI,Sydney,79,214.97,2024-07-23
O0001105,C000411,2023-12-13 05:19:00,Returned,Call Center,L00268,UPI,Sydney,99,0.0,2023-12-21
O0001106,C000164,2023-08-05 23:33:00,Returned,Website,L00511,UPI,Singapore,149,0.0,2023-08-11
O0001107,C000688,2023-06-04 18:31:00,Packed,Website,L00339,Wallet,Pune,99,547.6,2023-06-11
O0001108,C000752,2023-04-06 08:17:00,Created,Marketplace,L00297,Cash on Delivery,Chennai,149,110.63,2023-04-13
O0001109,C000717,2025-12-21 17:03:00,Returned,Marketplace,L00355,Credit Card,Ahmedabad,99,297.94,2025-12-24
O0001110,C000147,2025-06-28 01:18:00,Created,Call Center,L00261,Cash on Delivery,Sydney,0,85.99,2025-06-29
O0001111,C000670,2026-01-08 02:28:00,Created,Website,L00011,UPI,Ahmedabad,99,154.61,2026-01-11
O0001112,C000755,2025-08-15 12:26:00,Cancelled,Marketplace,L00108,Credit Card,Manchester,0,122.27,2025-08-23
O0001113,C000985,2025-07-25 11:48:00,Cancelled,Website,L00114,Credit Card,Manchester,99,87.16,2025-07-30
O0001114,C000641,2025-06-13 03:33:00,Shipped,Website,L00439,Net Banking,London,99,0.0,2025-06-16
O0001115,C000885,2024-04-21 09:37:00,Packed,Call Center,L00121,Debit Card,Hyderabad,79,0.0,2024-04-24
O0001116,C000433,2025-12-31 07:12:00,Packed,Website,L00475,Wallet,Dubai,0,0.0,2026-01-01
O0001117,C000477,2024-07-02 09:44:00,Delivered,Call Center,L00401,Wallet,Bangalore,0,0.0,2024-07-05
O0001118,C000222,2023-09-22 01:34:00,Created,Call Center,L00425,Wallet,Mumbai,49,149.45,2023-09-23
O0001119,C000753,2023-12-11 22:03:00,Cancelled,Website,L00408,Debit Card,Los Angeles,79,173.1,2023-12-13
O0001120,C000723,2025-02-14 02:27:00,Paid,Retail Store,L00424,UPI,Singapore,99,47.72,2025-02-15
O0001121,C000193,2025-02-08 16:31:00,Returned,Mobile App,L00148,Debit Card,New York,79,122.76,2025-02-09
O0001122,C000954,2025-06-18 17:51:00,Returned,Call Center,L00475,Net Banking,Hyderabad,149,52.72,2025-06-23
O0001123,C000448,2023-04-15 20:00:00,Packed,Call Center,L00399,UPI,Ahmedabad,199,59.09,2023-04-16
O0001124,C000425,2024-10-03 20:45:00,Cancelled,Retail Store,L00002,Credit Card,Chicago,79,49.41,2024-10-04
O0001125,C000970,2023-04-15 20:53:00,Cancelled,Mobile App,L00323,Credit Card,Jaipur,99,0.0,2023-04-16
O0001126,C000193,2024-06-22 11:07:00,Cancelled,Website,L00005,UPI,Mumbai,0,174.93,2024-06-28
O0001127,C000001,2026-01-15 16:49:00,Paid,Website,L00290,Net Banking,Pune,149,0.0,2026-01-16
O0001128,C000380,2024-04-03 05:00:00,Delivered,Marketplace,L00144,UPI,Mumbai,0,46.59,2024-04-08
O0001129,C000486,2025-06-15 17:32:00,Created,Website,L00354,Debit Card,Berlin,199,0.0,2025-06-20
O0001130,C000131,2023-07-09 09:06:00,Cancelled,Website,L00023,Net Banking,Jaipur,199,0.0,2023-07-15
O0001131,C000791,2024-03-11 06:51:00,Shipped,Call Center,L00158,Debit Card,Chicago,149,97.92,2024-03-19
O0001132,C000379,2026-03-07 04:43:00,Returned,Website,L00183,Net Banking,Mumbai,79,219.87,2026-03-08
O0001133,C000211,2023-09-10 06:30:00,Delivered,Marketplace,L00305,Wallet,Delhi,149,57.87,2023-09-17
O0001134,C000992,2025-06-01 09:13:00,Packed,Mobile App,L00438,Credit Card,Lucknow,199,161.58,2025-06-06
O0001135,C000773,2023-08-29 11:02:00,Created,Retail Store,L00328,Cash on Delivery,Ahmedabad,199,0.0,2023-09-06
O0001136,C999999,2024-05-06 21:48:00,,Mobile App,L00132,Debit Card,Ahmedabad,49,42.07,2024-05-13
O0001137,C000731,2023-02-25 19:46:00,Shipped,Website,L00158,Credit Card,Lucknow,49,292.89,2023-03-04
O0001138,C000399,2025-10-20 20:09:00,Cancelled,Marketplace,L00044,Net Banking,Sydney,149,295.24,2025-10-24
O0001139,C000543,2024-02-25 15:12:00,Returned,Call Center,L00060,Debit Card,Kolkata,49,0.0,2024-02-26
O0001140,C000302,2026-04-04 17:10:00,Shipped,Retail Store,L00476,UPI,Hyderabad,149,213.86,2026-04-05
O0001141,C000472,2025-04-27 06:25:00,Delivered,Website,L00179,Net Banking,Singapore,149,201.13,2025-05-04
O0001142,C000537,2025-10-29 21:58:00,Paid,Website,L00065,UPI,Pune,79,0.0,2025-11-03
O0001143,C000795,2023-02-17 13:34:00,,Mobile App,L00077,Debit Card,Lucknow,0,598.68,2023-02-25
O0001144,C000218,2026-02-15 01:33:00,Delivered,Call Center,L00271,Wallet,Los Angeles,199,90.3,2026-02-23
O0001145,C000198,2024-07-10 17:15:00,Shipped,Marketplace,L00262,Wallet,Chicago,199,583.2,2024-07-13
O0001146,C000517,2024-03-19 02:42:00,Shipped,Retail Store,L00031,UPI,Mumbai,79,527.08,2024-03-24
O0001147,C000009,2025-10-18 23:35:00,Shipped,Marketplace,L00217,Cash on Delivery,Ahmedabad,99,0.0,2025-10-26
O0001148,C000978,2023-06-14 10:50:00,Shipped,Website,L00328,Debit Card,Manchester,49,0.0,2023-06-17
O0001149,C000398,2025-09-05 21:21:00,Packed,Call Center,L00141,UPI,Jaipur,49,56.7,2025-09-13
O0001150,C000040,2024-04-07 23:51:00,Cancelled,Retail Store,L00361,Net Banking,London,49,0.0,2024-04-08
O0001151,C000411,2024-07-15 22:58:00,Created,Marketplace,L00260,Net Banking,Manchester,79,297.05,2024-07-18
O0001152,C000325,2025-09-21 16:42:00,Packed,Marketplace,L00438,UPI,Lucknow,49,93.36,2025-09-28
O0001153,C000057,2024-01-01 18:38:00,Paid,Retail Store,L00475,Net Banking,Berlin,79,0.0,2024-01-02
O0001154,C000530,2024-06-16 03:14:00,Shipped,Mobile App,L00168,Wallet,London,199,59.78,2024-06-19
O0001155,C000159,2025-12-10 12:08:00,Cancelled,Retail Store,L00367,Cash on Delivery,Sydney,199,218.67,2025-12-17
O0001156,C000412,2023-05-04 07:23:00,Shipped,Call Center,L00382,Credit Card,Singapore,79,49.81,2023-05-06
O0001157,C000150,2026-04-02 05:26:00,Paid,Website,L00493,Cash on Delivery,Chicago,0,0.0,2026-04-05
O0001158,C000848,2024-08-07 12:40:00,Delivered,Website,L00038,UPI,Berlin,0,0.0,2024-08-09
O0001159,C000966,2024-10-23 09:21:00,Cancelled,Website,L00319,Credit Card,Toronto,149,114.17,2024-10-26
O0001160,C000161,2024-09-02 20:44:00,Cancelled,Mobile App,L00005,UPI,Singapore,149,537.3,2024-09-06
O0001161,C000422,2024-02-11 05:06:00,Packed,Retail Store,L00407,Wallet,Hyderabad,0,411.82,2024-02-18
O0001162,C000219,2023-08-30 15:05:00,Created,Marketplace,L00259,Credit Card,Bangalore,99,87.05,2023-09-07
O0001163,C000853,2024-06-10 07:19:00,Returned,Marketplace,L00314,Debit Card,London,199,123.65,2024-06-16
O0001164,C000270,2025-10-01 21:54:00,Created,Website,L00082,Debit Card,Sydney,79,131.53,2025-10-09
O0001165,C000325,2026-02-22 15:59:00,Created,Website,L00192,Cash on Delivery,Los Angeles,79,0.0,2026-02-25
O0001166,C000965,2023-07-22 12:59:00,Cancelled,Mobile App,L00281,Cash on Delivery,Chennai,149,491.6,2023-07-27
O0001167,C000735,2024-04-10 07:49:00,Delivered,Marketplace,L00149,Cash on Delivery,Manchester,149,294.87,2024-04-18
O0001168,C000920,2023-04-21 09:54:00,Shipped,Retail Store,L00484,Cash on Delivery,Jaipur,149,430.07,2023-04-25
O0001169,C000462,2026-02-26 00:26:00,Created,Call Center,L00077,Net Banking,Singapore,79,119.37,2026-03-01
O0001170,C000135,2025-02-15 20:16:00,Paid,Retail Store,L00125,UPI,Sydney,79,593.92,2025-02-16
O0001171,C000607,2024-01-04 09:33:00,Created,Marketplace,L00074,Net Banking,Dubai,149,0.0,2024-01-09
O0001172,C000985,2024-12-19 12:22:00,Cancelled,Mobile App,L00120,UPI,Kolkata,79,82.23,2024-12-27
O0001173,C000668,2023-02-11 13:54:00,Created,Mobile App,L00222,Wallet,New York,149,89.55,2023-02-19
O0001174,C000022,2024-07-05 10:39:00,Paid,Website,L00484,Debit Card,Sydney,49,0.0,2024-07-07
O0001175,C000524,2023-11-08 03:42:00,Packed,Retail Store,L00081,Wallet,Sydney,149,55.34,2023-11-16
O0001176,C000637,2023-02-27 14:01:00,Cancelled,Retail Store,L00380,Debit Card,Chicago,199,43.71,2023-03-06
O0001177,C999999,2024-02-19 04:27:00,Paid,Retail Store,L00464,Wallet,Sydney,0,109.55,2024-02-20
O0001178,C000947,2024-05-09 14:38:00,Shipped,Mobile App,L00511,Cash on Delivery,Kolkata,149,283.58,2024-05-13
O0001179,C000284,2025-11-29 09:23:00,Created,Call Center,L00275,Wallet,Ahmedabad,149,147.14,2025-12-02
O0001180,C000019,2023-10-28 23:38:00,Shipped,Marketplace,L00104,Credit Card,New York,149,129.96,2023-11-02
O0001181,C000659,2025-10-08 03:23:00,Cancelled,Mobile App,L00340,Credit Card,Manchester,149,41.42,2025-10-12
O0001182,C000066,2024-11-05 12:56:00,Cancelled,Retail Store,L00434,Net Banking,Los Angeles,199,0.0,2024-11-06
O0001183,C000435,2023-12-18 15:33:00,Cancelled,Call Center,L00316,UPI,Sydney,199,411.28,2023-12-19
O0001184,C000920,2024-10-28 07:32:00,Returned,Retail Store,L00055,Debit Card,Hyderabad,149,0.0,2024-11-01
O0001185,C000175,2025-02-23 19:13:00,Cancelled,Mobile App,L00479,Cash on Delivery,Toronto,79,277.47,2025-02-26
O0001186,C000091,2025-09-01 10:12:00,Cancelled,Mobile App,L00079,Cash on Delivery,Jaipur,49,426.8,2025-09-02
O0001187,C000318,2024-01-30 23:06:00,Packed,Marketplace,L00307,Credit Card,Dubai,199,265.98,2024-02-05
O0001188,C000270,2025-02-26 05:40:00,Delivered,Call Center,L00208,Cash on Delivery,Chennai,99,588.25,2025-02-28
O0001189,C000424,2024-04-13 21:40:00,Created,Website,L00340,UPI,Hyderabad,149,0.0,2024-04-15
O0001190,C000445,2023-07-03 20:34:00,Paid,Retail Store,L00464,UPI,Dubai,0,91.11,2023-07-09
O0001191,C000826,2023-06-08 19:26:00,Cancelled,Retail Store,L00413,Credit Card,Delhi,199,123.28,2023-06-13
O0001192,C000402,2023-06-16 00:11:00,Packed,Marketplace,L00381,Net Banking,Los Angeles,99,236.28,2023-06-24
O0001193,C999999,2025-09-03 15:19:00,Packed,Call Center,L00061,UPI,Berlin,0,0.0,2025-09-04
O0001194,C000121,2025-05-22 22:11:00,Cancelled,Website,L00319,Net Banking,Hyderabad,99,133.22,2025-05-30
O0001195,C000795,2023-01-26 10:13:00,Paid,Website,L00304,Net Banking,Sydney,0,214.89,2023-01-30
O0001196,C000889,2025-02-12 03:22:00,Shipped,Website,L00058,Net Banking,Chicago,0,260.39,2025-02-16
O0001197,C000061,2023-04-29 10:36:00,Created,Call Center,L00276,Cash on Delivery,Toronto,99,267.47,2023-05-01
O0001198,C000582,2025-04-24 14:02:00,Cancelled,Retail Store,L00397,UPI,Berlin,99,0.0,2025-04-27
O0001199,C000686,2024-03-24 00:32:00,Delivered,Retail Store,L00502,Net Banking,Dubai,149,0.0,2024-03-28
O0001200,C000551,2025-12-23 23:25:00,Paid,Marketplace,L00442,Wallet,Pune,199,40.24,2025-12-24
O0001201,C000834,2024-10-26 08:31:00,Delivered,Website,L00341,Credit Card,Kolkata,49,245.23,2024-10-29
O0001202,C000784,2024-11-01 12:28:00,Packed,Mobile App,L00068,Wallet,Pune,79,230.86,2024-11-03
O0001203,C000582,2025-05-10 10:03:00,Cancelled,Mobile App,L00286,Cash on Delivery,Hyderabad,79,263.87,2025-05-18
O0001204,C000670,2024-04-01 03:56:00,Packed,Website,L00065,Cash on Delivery,Ahmedabad,99,0.0,2024-04-09
O0001205,C000269,2024-09-17 09:38:00,Returned,Call Center,L00062,Credit Card,New York,0,52.32,2024-09-20
O0001206,C000075,2023-07-10 22:40:00,Shipped,Call Center,L00165,Wallet,Mumbai,0,295.72,2023-07-11
O0001207,C000985,2025-12-06 02:57:00,Packed,Retail Store,L00299,Cash on Delivery,London,199,209.6,2025-12-14
O0001208,C000420,2024-07-23 05:00:00,Created,Website,L00481,UPI,Sydney,199,153.26,2024-07-28
O0001209,C000701,2025-09-09 15:45:00,Cancelled,Marketplace,L00331,Credit Card,Mumbai,49,0.0,2025-09-15
O0001210,C000356,2025-04-27 02:28:00,Paid,Marketplace,L00446,Wallet,Lucknow,199,483.87,2025-04-29
O0001211,C000217,2024-12-10 16:59:00,Packed,Call Center,L00186,Credit Card,Delhi,0,0.0,2024-12-17
O0001212,C000942,2023-10-02 04:28:00,Cancelled,Website,L00498,Wallet,New York,149,114.01,2023-10-05
O0001213,C000271,2025-01-08 23:23:00,Cancelled,Call Center,L00204,Debit Card,Delhi,49,0.0,2025-01-14
O0001214,C000798,2025-04-10 19:17:00,Cancelled,Website,L00103,Debit Card,Berlin,149,178.96,2025-04-14
O0001215,C000517,2025-08-21 11:00:00,Delivered,Website,L00221,Net Banking,New York,49,128.98,2025-08-25
O0001216,C000210,2023-10-24 03:47:00,Returned,Call Center,L00358,Net Banking,New York,99,0.0,2023-11-01
O0001217,C000727,2023-02-08 00:26:00,Returned,Marketplace,L00266,Cash on Delivery,Sydney,0,111.28,2023-02-11
O0001218,C000164,2025-09-01 21:34:00,Paid,Marketplace,L00389,Wallet,Manchester,199,0.0,2025-09-09
O0001219,C000370,2023-11-19 20:40:00,Shipped,Retail Store,L00519,Credit Card,Sydney,0,141.12,2023-11-22
O0001220,C000724,2023-10-22 06:59:00,Shipped,Marketplace,L00085,Credit Card,Delhi,0,131.88,2023-10-25
O0001221,C000308,2023-02-20 06:53:00,Returned,Marketplace,L00098,Net Banking,Toronto,79,285.12,2023-02-27
O0001222,C000602,2024-04-29 14:37:00,Created,Marketplace,L00484,Debit Card,Sydney,49,0.0,2024-05-02
O0001223,C000705,2025-03-10 10:28:00,Returned,Retail Store,L00373,Net Banking,Jaipur,79,126.83,2025-03-16
O0001224,C000555,2023-12-13 04:00:00,Returned,Retail Store,L00211,UPI,Jaipur,49,212.2,2023-12-14
O0001225,C000747,2025-02-09 01:58:00,Delivered,Mobile App,L00443,Wallet,Berlin,79,124.45,2025-02-16
O0001226,C000632,2025-11-28 23:09:00,Created,Call Center,L00145,Wallet,Chicago,0,107.76,2025-12-06
O0001227,C000432,2023-08-05 01:15:00,Cancelled,Retail Store,L00196,Wallet,New York,199,291.29,2023-08-11
O0001228,C000076,2025-02-24 19:19:00,Paid,Call Center,L00144,Wallet,Singapore,149,0.0,2025-03-03
O0001229,C000102,2023-07-07 00:29:00,Delivered,Mobile App,L00290,Cash on Delivery,Chicago,0,55.6,2023-07-14
O0001230,C000518,2024-11-14 17:42:00,Packed,Marketplace,L00294,Debit Card,Toronto,49,0.0,2024-11-17
O0001231,C000427,2025-10-09 15:54:00,Returned,Mobile App,L00218,Credit Card,Dubai,0,0.0,2025-10-13
O0001232,C000606,2024-05-07 01:49:00,Delivered,Marketplace,L00481,Net Banking,Sydney,199,87.06,2024-05-09
O0001233,C000765,2023-05-15 16:54:00,Packed,Call Center,L00484,Credit Card,Ahmedabad,0,0.0,2023-05-22
O0001234,C000223,2024-09-25 12:00:00,Paid,Website,L00059,Debit Card,Delhi,99,0.0,2024-09-26
O0001235,C000323,2023-10-15 15:54:00,Returned,Marketplace,L00095,Wallet,Pune,0,221.86,2023-10-20
O0001236,C000406,2025-07-17 05:56:00,Delivered,Website,L00092,Credit Card,Dubai,79,41.94,2025-07-18
O0001237,C000675,2023-05-23 14:38:00,Returned,Mobile App,L00186,Net Banking,Pune,49,50.86,2023-05-24
O0001238,C000871,2023-03-07 05:01:00,Returned,Website,L00094,Credit Card,Jaipur,99,208.24,2023-03-11
O0001239,C000916,2025-08-11 15:09:00,Paid,Marketplace,L00503,UPI,Mumbai,199,0.0,2025-08-15
O0001240,C000984,2024-12-19 07:15:00,Packed,Retail Store,L00212,Cash on Delivery,Pune,99,0.0,2024-12-21
O0001241,C000961,2026-03-26 08:24:00,Shipped,Marketplace,L00123,Cash on Delivery,Delhi,199,126.03,2026-03-30
O0001242,C000057,2025-03-21 14:12:00,Packed,Retail Store,L00154,UPI,Delhi,199,46.76,2025-03-28
O0001243,C000815,2026-02-27 01:14:00,Paid,Call Center,L00394,UPI,Toronto,79,44.43,2026-03-01
O0001244,C000029,2023-02-09 22:00:00,Created,Retail Store,L00306,Net Banking,Los Angeles,0,0.0,2023-02-16
O0001245,C000006,2024-07-02 12:23:00,Paid,Marketplace,L00019,UPI,Sydney,199,95.54,2024-07-07
O0001246,C000662,2025-10-25 03:48:00,Paid,Website,L00022,Credit Card,Chicago,79,0.0,2025-10-26
O0001247,C000358,2023-08-18 15:49:00,Shipped,Website,L00034,Cash on Delivery,Dubai,49,281.48,2023-08-26
O0001248,C000097,2023-02-12 08:25:00,Cancelled,Mobile App,L00401,Cash on Delivery,Sydney,199,119.66,2023-02-19
O0001249,C000804,2026-02-16 20:31:00,Created,Website,L00169,UPI,Singapore,99,0.0,2026-02-20
O0001250,C000386,2024-04-10 09:31:00,Created,Mobile App,L00303,Cash on Delivery,Toronto,0,587.53,2024-04-16
O0001251,C000364,2025-01-14 18:23:00,Delivered,Website,L00016,Debit Card,Berlin,0,271.89,2025-01-20
O0001252,C000940,2024-10-07 13:58:00,Paid,Mobile App,L00261,Wallet,Jaipur,49,262.92,2024-10-08
O0001253,C000268,2026-03-04 16:10:00,Created,Website,L00332,UPI,London,199,97.68,2026-03-07
O0001254,C000504,2025-06-19 09:07:00,Returned,Mobile App,L00061,Debit Card,Los Angeles,49,139.38,2025-06-23
O0001255,C000461,2024-06-05 23:05:00,Paid,Call Center,L00432,Credit Card,Dubai,79,117.04,2024-06-13
O0001256,C000460,2023-07-17 12:15:00,Packed,Marketplace,L00038,Wallet,Pune,149,0.0,2023-07-21
O0001257,C000926,2025-04-11 19:40:00,Created,Call Center,L00106,Debit Card,Dubai,99,146.04,2025-04-13
O0001258,C000285,2025-02-22 09:24:00,Returned,Retail Store,L00419,Net Banking,Jaipur,99,142.94,2025-02-28
O0001259,C000697,2024-12-23 01:47:00,Cancelled,Marketplace,L00080,Debit Card,Dubai,149,0.0,2024-12-24
O0001260,C000123,2023-12-16 16:27:00,Paid,Marketplace,L00009,Credit Card,Jaipur,49,0.0,2023-12-22
O0001261,C000853,2026-01-14 13:21:00,Delivered,Website,L00121,Wallet,Sydney,0,131.14,2026-01-18
O0001262,C000016,2023-03-29 10:12:00,Shipped,Website,L00444,Cash on Delivery,Singapore,49,0.0,2023-04-03
O0001263,C000412,2025-08-30 14:50:00,Cancelled,Website,L00146,Wallet,Hyderabad,199,0.0,2025-09-07
O0001264,C000497,2023-03-13 19:22:00,Returned,Marketplace,L00301,Credit Card,London,149,0.0,2023-03-17
O0001265,C000659,2025-08-22 06:35:00,Paid,Marketplace,L00313,Cash on Delivery,Los Angeles,99,484.92,2025-08-28
O0001266,C000185,2023-12-01 18:24:00,Paid,Retail Store,L00419,Debit Card,Pune,79,49.78,2023-12-02
O0001267,C000042,2023-06-11 18:42:00,Shipped,Marketplace,L00335,Cash on Delivery,Hyderabad,79,0.0,2023-06-16
O0001268,C000877,2025-03-24 16:41:00,Paid,Call Center,L00237,Net Banking,Chicago,199,0.0,2025-03-31
O0001269,C000483,2023-06-27 18:06:00,Paid,Mobile App,L00008,Debit Card,London,199,48.83,2023-07-01
O0001270,C000539,2023-05-18 06:04:00,Paid,Mobile App,L00270,UPI,Toronto,199,0.0,2023-05-21
O0001271,C000948,2024-08-10 14:24:00,Created,Marketplace,L00175,Net Banking,Singapore,99,54.66,2024-08-15
O0001272,C000957,2024-10-24 11:50:00,Returned,Mobile App,L00428,Credit Card,Hyderabad,99,155.55,2024-10-31
O0001273,C000890,2023-02-08 00:34:00,Paid,Website,L00275,Credit Card,Lucknow,149,148.44,2023-02-10
O0001274,C000992,2023-01-21 16:33:00,Cancelled,Marketplace,L00049,Credit Card,Sydney,199,0.0,2023-01-24
O0001275,C000801,2024-01-14 17:33:00,Shipped,Mobile App,L00175,UPI,Chicago,0,443.51,2024-01-21
O0001276,C000096,2024-13-40 99:99:99,Paid,Mobile App,L00088,Debit Card,Dubai,199,50.4,2026-03-02
O0001277,C000920,2024-04-14 00:49:00,Packed,Website,L00236,Net Banking,Lucknow,99,225.51,2024-04-17
O0001278,C000099,2025-04-13 17:51:00,Paid,Retail Store,L00209,Cash on Delivery,Chennai,199,0.0,2025-04-15
O0001279,C000190,2024-03-01 21:37:00,Cancelled,Mobile App,L00374,Credit Card,Pune,0,47.95,2024-03-03
O0001280,C000075,2024-05-15 16:19:00,Returned,Retail Store,L00485,Credit Card,Chennai,149,461.95,2024-05-16
O0001281,C000073,2024-05-28 16:32:00,Packed,Mobile App,L00004,Wallet,Delhi,99,507.41,2024-05-31
O0001282,C000227,2025-06-28 19:40:00,Cancelled,Website,L00337,Wallet,Chennai,49,529.25,2025-06-30
O0001283,C000251,2024-05-26 18:20:00,Delivered,Mobile App,L00432,Debit Card,Pune,0,433.48,2024-05-31
O0001284,C000819,2023-06-25 10:27:00,Paid,Retail Store,L00164,Net Banking,Singapore,0,0.0,2023-06-30
O0001285,C000080,2023-06-23 08:45:00,Delivered,Website,L00155,UPI,Lucknow,99,0.0,2023-06-26
O0001286,C000562,2025-05-09 04:18:00,Packed,Retail Store,L00458,Debit Card,Kolkata,99,270.26,2025-05-17
O0001287,C000993,2023-09-24 14:29:00,Created,Mobile App,L00418,Wallet,New York,199,0.0,2023-10-01
O0001288,C000792,2023-04-11 13:23:00,Packed,Retail Store,L00486,Wallet,Singapore,79,59.16,2023-04-18
O0001289,C000855,2024-05-20 15:47:00,Shipped,Call Center,L00381,UPI,Los Angeles,49,148.91,2024-05-28
O0001290,C000705,2025-01-11 18:08:00,Packed,Retail Store,L00284,Credit Card,Singapore,199,48.8,2025-01-16
O0001291,C000635,2023-12-07 06:48:00,Created,Marketplace,L00387,UPI,New York,0,0.0,2023-12-14
O0001292,C000530,2023-09-04 15:51:00,Delivered,Call Center,L00178,Wallet,Singapore,0,275.9,2023-09-05
O0001293,C000166,2025-04-21 06:48:00,Created,Call Center,L00299,Cash on Delivery,Bangalore,79,49.82,2025-04-23
O0001294,C000749,2024-13-40 99:99:99,Packed,Website,L00385,Credit Card,Sydney,99,0.0,2026-02-06
O0001295,C000515,2025-10-12 23:47:00,Delivered,Website,L00212,Debit Card,Chennai,149,81.29,2025-10-20
O0001296,C000044,2024-01-07 11:57:00,Shipped,Marketplace,L00068,UPI,New York,99,100.86,2024-01-11
O0001297,C000683,2023-01-23 21:58:00,Cancelled,Website,L00508,UPI,Chicago,0,179.44,2023-01-31
O0001298,C000586,2024-08-04 03:03:00,Created,Retail Store,L00415,Net Banking,Hyderabad,99,0.0,2024-08-08
O0001299,C000710,2025-04-11 00:51:00,Packed,Marketplace,L00169,Net Banking,Berlin,99,0.0,2025-04-16
O0001300,C000337,2025-03-03 19:28:00,Packed,Marketplace,L00470,UPI,Chicago,0,255.66,2025-03-08
O0001301,C000242,2023-02-13 11:12:00,Returned,Call Center,L00162,Cash on Delivery,Dubai,99,237.72,2023-02-14
O0001302,C000776,2023-08-25 16:29:00,Delivered,Marketplace,L00328,Credit Card,Lucknow,199,0.0,2023-08-29
O0001303,C000142,2024-06-16 10:06:00,Created,Mobile App,L00400,Net Banking,Berlin,0,0.0,2024-06-20
O0001304,C000967,2024-08-19 09:13:00,Cancelled,Mobile App,L00072,UPI,New York,79,521.33,2024-08-20
O0001305,C000801,2024-12-02 12:24:00,Paid,Website,L00497,Net Banking,Kolkata,99,146.8,2024-12-06
O0001306,C000054,2025-01-28 03:50:00,Created,Retail Store,L00292,Net Banking,Toronto,99,521.24,2025-02-01
O0001307,C000616,2023-09-29 08:55:00,Shipped,Website,L00393,Wallet,London,99,139.71,2023-10-07
O0001308,C000620,2023-09-28 00:53:00,Packed,Website,L00314,Debit Card,Singapore,199,116.09,2023-10-02
O0001309,C000603,2023-10-11 12:53:00,Shipped,Website,L00458,Debit Card,Chicago,99,453.91,2023-10-18
O0001310,C000893,2026-04-09 12:38:00,Delivered,Call Center,L00009,Net Banking,Ahmedabad,149,0.0,2026-04-14
O0001311,C000764,2024-10-24 18:02:00,Delivered,Marketplace,L00293,UPI,Jaipur,99,87.45,2024-10-25
O0001312,C000155,2024-07-12 10:46:00,Delivered,Website,L00492,Wallet,New York,79,565.44,2024-07-15
O0001313,C000093,2023-04-23 14:20:00,Delivered,Marketplace,L00252,Net Banking,Bangalore,49,509.23,2023-04-24
O0001314,C000020,2023-08-24 21:57:00,Delivered,Retail Store,L00382,Credit Card,Toronto,79,0.0,2023-08-28
O0001315,C000992,2023-12-22 10:25:00,Returned,Retail Store,L00463,Cash on Delivery,Lucknow,199,281.45,2023-12-24
O0001316,C000413,2025-09-14 02:33:00,Shipped,Retail Store,L00186,Cash on Delivery,Sydney,99,0.0,2025-09-18
O0001317,C999999,2025-03-14 06:50:00,Paid,Mobile App,L00123,Debit Card,London,49,107.39,2025-03-21
O0001318,C000829,2025-04-04 12:23:00,Delivered,Website,L00284,UPI,Ahmedabad,99,90.76,2025-04-08
O0001319,C000136,2024-11-20 09:06:00,Cancelled,Mobile App,L00112,Credit Card,Singapore,199,0.0,2024-11-23
O0001320,C000546,2024-06-05 16:10:00,Created,Call Center,L00010,Debit Card,Bangalore,79,57.17,2024-06-11
O0001321,C000634,2025-03-28 16:27:00,Delivered,Website,L00429,Wallet,Pune,49,41.79,2025-04-03
O0001322,C000321,2024-07-11 03:59:00,Packed,Marketplace,L00468,Cash on Delivery,Chennai,99,251.73,2024-07-13
O0001323,C000585,2025-07-08 23:53:00,Returned,Mobile App,L00203,UPI,London,149,116.18,2025-07-09
O0001324,C000987,2024-10-18 14:25:00,Created,Mobile App,L00388,Wallet,Los Angeles,0,228.13,2024-10-19
O0001325,C000961,2023-05-10 20:41:00,Paid,Retail Store,L00499,UPI,Chennai,49,105.38,2023-05-17
O0001326,C000766,2025-01-11 09:27:00,Paid,Website,L00066,Debit Card,Singapore,79,245.5,2025-01-14
O0001327,C000617,2023-04-17 02:55:00,Cancelled,Call Center,L00178,Credit Card,Lucknow,199,56.55,2023-04-21
O0001328,C000645,2024-06-20 05:21:00,Paid,Call Center,L00441,Cash on Delivery,London,199,0.0,2024-06-22
O0001329,C000466,2025-11-03 09:45:00,Returned,Marketplace,L00342,Credit Card,Manchester,199,104.74,2025-11-09
O0001330,C000267,2026-01-02 04:42:00,Returned,Marketplace,L00054,UPI,London,199,124.68,2026-01-03
O0001331,C000640,2025-06-01 03:06:00,Returned,Mobile App,L00358,Cash on Delivery,Manchester,49,134.3,2025-06-02
O0001332,C000234,2024-07-12 12:19:00,Packed,Mobile App,L00257,Wallet,Bangalore,199,135.25,2024-07-13
O0001333,C000364,2024-03-07 03:36:00,Shipped,Mobile App,L00049,Credit Card,New York,199,51.64,2024-03-08
O0001334,C000638,2024-03-04 05:47:00,Shipped,Marketplace,L00163,Cash on Delivery,Los Angeles,199,162.41,2024-03-11
O0001335,C000381,2024-09-09 19:31:00,Returned,Retail Store,L00394,Wallet,Ahmedabad,49,52.05,2024-09-14
O0001336,C000517,2024-12-20 02:34:00,Returned,Retail Store,L00362,Wallet,Pune,149,0.0,2024-12-26
O0001337,C000457,2025-11-09 07:38:00,Created,Website,L00204,Wallet,Berlin,149,281.36,2025-11-14
O0001338,C000300,2023-02-06 14:48:00,Returned,Marketplace,L00350,Cash on Delivery,Chicago,199,400.71,2023-02-10
O0001339,C000458,2025-12-30 20:32:00,Delivered,Marketplace,L00366,Credit Card,Dubai,149,0.0,2025-12-31
O0001340,C000410,2023-09-17 01:16:00,Shipped,Mobile App,L00049,Wallet,Bangalore,199,282.59,2023-09-22
O0001341,C000306,2023-12-10 01:09:00,Returned,Marketplace,L00262,Credit Card,Toronto,49,0.0,2023-12-12
O0001342,C000186,2023-01-01 03:04:00,Returned,Retail Store,L00060,Net Banking,Pune,149,0.0,2023-01-06
O0001343,C000402,2023-06-19 20:49:00,Cancelled,Retail Store,L00426,Credit Card,Bangalore,99,46.93,2023-06-27
O0001344,C000109,2023-02-21 17:15:00,Created,Website,L00198,Cash on Delivery,Chicago,0,43.57,2023-02-27
O0001345,C000978,2023-04-06 01:53:00,Packed,Retail Store,L00505,Net Banking,Jaipur,49,0.0,2023-04-07
O0001346,C000503,2024-04-26 03:25:00,Paid,Marketplace,L00144,Net Banking,Jaipur,79,423.14,2024-05-03
O0001347,C000243,2025-05-30 14:41:00,Shipped,Call Center,L00504,Debit Card,Delhi,79,0.0,2025-05-31
O0001348,C000264,2023-02-22 16:42:00,Delivered,Call Center,L00483,Cash on Delivery,Mumbai,199,0.0,2023-03-02
O0001349,C000654,2025-03-11 08:29:00,Cancelled,Marketplace,L00439,Net Banking,Los Angeles,99,0.0,2025-03-15
O0001350,C000769,2024-10-17 20:37:00,Returned,Call Center,L00287,Credit Card,Bangalore,149,54.85,2024-10-25
O0001351,C999999,2025-04-03 10:10:00,Delivered,Marketplace,L00045,Debit Card,Kolkata,79,40.5,2025-04-06
O0001352,C000158,2023-03-08 00:01:00,Returned,Marketplace,L00403,UPI,Manchester,79,56.25,2023-03-15
O0001353,C000542,2023-07-03 13:13:00,Packed,Retail Store,L00143,Debit Card,Kolkata,0,56.85,2023-07-09
O0001354,C000702,2023-12-25 12:14:00,Returned,Website,L00255,Cash on Delivery,Jaipur,149,0.0,2024-01-01
O0001355,C000022,2023-12-07 11:32:00,Packed,Mobile App,L00310,Credit Card,Chicago,79,584.52,2023-12-10
O0001356,C000529,2023-08-08 22:25:00,Created,Website,L00109,Cash on Delivery,Manchester,99,297.42,2023-08-14
O0001357,C000848,2025-05-06 15:12:00,Created,Retail Store,L00463,Credit Card,Chicago,149,252.6,2025-05-13
O0001358,C000485,2024-09-21 03:18:00,Packed,Marketplace,L00241,Net Banking,Singapore,149,131.49,2024-09-29
O0001359,C000455,2023-12-20 10:29:00,Delivered,Call Center,L00389,Cash on Delivery,Toronto,199,562.25,2023-12-24
O0001360,C000923,2023-07-01 12:40:00,Created,Mobile App,L00396,Cash on Delivery,Ahmedabad,199,547.92,2023-07-02
O0001361,C000730,2023-02-04 19:22:00,Cancelled,Website,L00064,UPI,Hyderabad,149,272.84,2023-02-08
O0001362,C000504,2024-09-20 15:58:00,Packed,Retail Store,L00155,Credit Card,Delhi,79,161.2,2024-09-24
O0001363,C000129,2024-08-19 02:25:00,Shipped,Call Center,L00018,Credit Card,New York,199,239.76,2024-08-23
O0001364,C000965,2025-12-31 01:22:00,Cancelled,Marketplace,L00086,Debit Card,Jaipur,149,48.15,2026-01-06
O0001365,C000631,2025-12-05 15:28:00,Packed,Marketplace,L00255,Cash on Delivery,Jaipur,0,246.38,2025-12-08
O0001366,C000633,2024-08-17 07:01:00,Packed,Mobile App,L00417,Wallet,Kolkata,49,252.83,2024-08-22
O0001367,C000344,2023-12-19 18:54:00,Shipped,Call Center,L00107,Cash on Delivery,Dubai,0,93.94,2023-12-22
O0001368,C000883,2024-02-26 07:06:00,Packed,Mobile App,L00192,Cash on Delivery,Singapore,99,298.28,2024-03-01
O0001369,C000999,2023-08-02 19:28:00,Packed,Retail Store,L00259,Net Banking,New York,199,0.0,2023-08-05
O0001370,C000340,2025-04-01 16:51:00,Shipped,Website,L00118,Net Banking,Los Angeles,0,420.86,2025-04-07
O0001371,C000267,2026-02-07 09:20:00,Created,Marketplace,L00466,Credit Card,Bangalore,79,451.96,2026-02-13
O0001372,C000320,2025-09-19 13:26:00,Delivered,Mobile App,L00471,Wallet,Ahmedabad,0,0.0,2025-09-20
O0001373,C000294,2024-02-07 11:38:00,Cancelled,Mobile App,L00181,UPI,Los Angeles,49,113.04,2024-02-09
O0001374,C000255,2024-01-23 11:51:00,Created,Marketplace,L00317,UPI,London,0,83.95,2024-01-25
O0001375,C000657,2025-08-05 07:36:00,Cancelled,Call Center,L00082,Wallet,Ahmedabad,79,91.27,2025-08-06
O0001376,C000908,2025-08-30 02:08:00,Shipped,Marketplace,L00454,Net Banking,Sydney,79,56.55,2025-08-31
O0001377,C000500,2025-07-12 09:17:00,Created,Website,L00259,Cash on Delivery,Kolkata,0,0.0,2025-07-13
O0001378,C000783,2023-07-18 19:39:00,Packed,Marketplace,L00399,Credit Card,Chennai,199,49.29,2023-07-23
O0001379,C000990,2024-10-15 17:28:00,Delivered,Mobile App,L00133,Debit Card,Singapore,99,145.19,2024-10-22
O0001380,C000557,2023-01-17 11:37:00,,Call Center,L00027,Wallet,Sydney,0,0.0,2023-01-18
O0001381,C000560,2025-07-23 17:09:00,,Retail Store,L00407,Cash on Delivery,Pune,199,0.0,2025-07-27
O0001382,C000782,2026-01-15 02:57:00,Delivered,Mobile App,L00435,Debit Card,Dubai,99,294.48,2026-01-22
O0001383,C000714,2023-05-22 11:54:00,Delivered,Website,L00070,Net Banking,Bangalore,199,0.0,2023-05-25
O0001384,C000573,2024-09-23 04:42:00,Paid,Mobile App,L00419,UPI,Dubai,49,220.02,2024-10-01
O0001385,C000091,2024-10-25 11:38:00,Delivered,Mobile App,L00055,Debit Card,Los Angeles,79,147.33,2024-10-28
O0001386,C000221,2024-06-21 12:41:00,Shipped,Call Center,L00100,Credit Card,Los Angeles,79,473.14,2024-06-22
O0001387,C000737,2025-04-18 02:17:00,Returned,Call Center,L00059,UPI,Delhi,99,513.26,2025-04-21
O0001388,C000749,2025-11-06 19:43:00,Packed,Marketplace,L00099,Wallet,Delhi,0,0.0,2025-11-09
O0001389,C000757,2025-11-22 09:34:00,Packed,Website,L00496,Credit Card,Dubai,49,218.38,2025-11-29
O0001390,C000190,2023-02-15 15:42:00,Returned,Website,L00022,UPI,Manchester,0,0.0,2023-02-23
O0001391,C000703,2024-10-21 14:20:00,Cancelled,Mobile App,L00151,UPI,Los Angeles,199,172.39,2024-10-28
O0001392,C000838,2026-01-25 08:27:00,Created,Call Center,L00014,Credit Card,Chennai,49,285.72,2026-01-30
O0001393,C000039,2024-08-07 15:43:00,Paid,Marketplace,L00005,Credit Card,Dubai,199,0.0,2024-08-15
O0001394,C000637,2024-07-05 13:03:00,Returned,Retail Store,L00369,Debit Card,Lucknow,149,496.88,2024-07-13
O0001395,C000218,2023-04-22 21:34:00,Shipped,Call Center,L00342,Wallet,Bangalore,149,0.0,2023-04-23
O0001396,C000657,2025-05-05 07:17:00,Packed,Website,L00472,Wallet,Bangalore,79,0.0,2025-05-08
O0001397,C000353,2026-02-28 15:56:00,Paid,Retail Store,L00468,Wallet,Pune,149,475.63,2026-03-08
O0001398,C000424,2023-10-12 10:32:00,Shipped,Marketplace,L00332,Credit Card,London,99,119.43,2023-10-20
O0001399,C000115,2024-09-26 16:30:00,Created,Mobile App,L00230,UPI,Los Angeles,79,264.11,2024-10-02
O0001400,C000358,2025-06-29 19:32:00,Delivered,Call Center,L00140,UPI,Lucknow,99,0.0,2025-07-01
O0001401,C000764,2023-03-14 10:42:00,Paid,Retail Store,L00395,Credit Card,London,149,158.93,2023-03-16
O0001402,C000661,2023-09-05 06:34:00,Returned,Call Center,L00452,UPI,New York,149,86.54,2023-09-07
O0001403,C000631,2023-11-07 09:04:00,Returned,Retail Store,L00472,Cash on Delivery,Delhi,0,0.0,2023-11-14
O0001404,C000053,2024-08-26 06:24:00,Delivered,Website,L00271,Wallet,Sydney,79,0.0,2024-08-31
O0001405,C000619,2024-07-09 15:16:00,Cancelled,Retail Store,L00211,Net Banking,Sydney,149,54.31,2024-07-16
O0001406,C000540,2023-07-05 22:59:00,Returned,Marketplace,L00493,Cash on Delivery,New York,149,0.0,2023-07-09
O0001407,C000069,2024-10-13 05:46:00,Returned,Website,L00458,Cash on Delivery,Bangalore,79,53.27,2024-10-16
O0001408,C000502,2024-10-14 22:54:00,Created,Call Center,L00307,UPI,New York,149,152.27,2024-10-22
O0001409,C000175,2026-03-03 03:40:00,Delivered,Website,L00426,Net Banking,Sydney,49,573.36,2026-03-05
O0001410,C000941,2024-05-10 11:37:00,Created,Mobile App,L00315,Cash on Delivery,Jaipur,79,0.0,2024-05-16
O0001411,C000327,2024-01-06 09:22:00,Created,Retail Store,L00512,Debit Card,Manchester,79,46.66,2024-01-11
O0001412,C000508,2025-04-23 06:08:00,,Retail Store,L00057,UPI,Mumbai,49,0.0,2025-04-30
O0001413,C000851,2025-09-19 12:14:00,Packed,Marketplace,L00304,Cash on Delivery,London,0,0.0,2025-09-26
O0001414,C000076,2025-01-20 12:17:00,Cancelled,Call Center,L00414,Cash on Delivery,Toronto,0,0.0,2025-01-22
O0001415,C000656,2023-06-30 08:43:00,Packed,Website,L00234,Net Banking,Chennai,199,53.37,2023-07-06
O0001416,C000174,2024-09-30 17:23:00,Created,Mobile App,L00398,Cash on Delivery,Ahmedabad,79,106.21,2024-10-03
O0001417,C000369,2024-10-16 23:59:00,Created,Website,L00243,Credit Card,Ahmedabad,149,0.0,2024-10-22
O0001418,C000866,2023-10-04 15:23:00,Paid,Call Center,L00170,Net Banking,Mumbai,79,256.24,2023-10-08
O0001419,C000522,2025-01-02 12:15:00,Delivered,Call Center,L00380,Debit Card,Singapore,79,52.25,2025-01-10
O0001420,C000045,2026-04-02 17:02:00,Cancelled,Mobile App,L00354,Debit Card,Sydney,0,524.75,2026-04-05
O0001421,C000011,2026-03-29 21:18:00,Packed,Marketplace,L00312,Credit Card,Hyderabad,99,120.93,2026-04-05
O0001422,C000784,2024-10-23 16:38:00,Cancelled,Call Center,L00040,Net Banking,Dubai,99,0.0,2024-10-26
O0001423,C000409,2024-05-06 00:03:00,Cancelled,Website,L00245,Credit Card,London,149,567.63,2024-05-08
O0001424,C000081,2024-05-10 10:37:00,Returned,Mobile App,L00094,Credit Card,Chennai,149,210.88,2024-05-13
O0001425,C000733,2023-09-05 08:00:00,Cancelled,Marketplace,L00135,UPI,Chennai,49,109.53,2023-09-08
O0001426,C000135,2023-11-01 07:44:00,Created,Mobile App,L00058,Debit Card,Manchester,149,0.0,2023-11-04
O0001427,C000857,2023-05-06 20:37:00,Delivered,Mobile App,L00501,UPI,Ahmedabad,49,178.39,2023-05-08
O0001428,C000288,2025-04-21 05:37:00,Shipped,Retail Store,L00282,UPI,Mumbai,149,491.67,2025-04-27
O0001429,C000194,2024-07-17 00:35:00,Cancelled,Call Center,L00001,Credit Card,Chicago,49,47.53,2024-07-20
O0001430,C000434,2023-09-07 23:21:00,Returned,Retail Store,L00482,Credit Card,Toronto,199,48.59,2023-09-10
O0001431,C000725,2026-01-21 18:30:00,Returned,Call Center,L00462,Cash on Delivery,Pune,199,87.77,2026-01-24
O0001432,C000165,2023-11-24 05:11:00,Paid,Website,L00229,Debit Card,Sydney,79,0.0,2023-11-28
O0001433,C000698,2025-02-27 04:31:00,Returned,Marketplace,L00029,Credit Card,Hyderabad,79,82.98,2025-03-04
O0001434,C000379,2023-11-14 08:51:00,Shipped,Call Center,L00398,Cash on Delivery,Dubai,49,58.1,2023-11-20
O0001435,C000709,2023-11-17 22:39:00,Paid,Retail Store,L00194,UPI,Hyderabad,79,57.18,2023-11-21
O0001436,C000374,2025-11-07 20:37:00,Cancelled,Call Center,L00082,Credit Card,New York,49,0.0,2025-11-12
O0001437,C000521,2026-03-14 11:03:00,,Retail Store,L00190,Debit Card,Ahmedabad,49,40.28,2026-03-22
O0001438,C000618,2023-05-24 17:27:00,Delivered,Retail Store,L00311,Cash on Delivery,Manchester,79,543.82,2023-05-30
O0001439,C000758,2024-07-04 17:15:00,Cancelled,Marketplace,L00376,Credit Card,Singapore,199,257.14,2024-07-07
O0001440,C000341,2023-01-02 23:11:00,Cancelled,Marketplace,L00134,Cash on Delivery,Hyderabad,0,0.0,2023-01-08
O0001441,C000433,2024-09-13 02:09:00,Shipped,Call Center,L00418,Credit Card,Dubai,79,0.0,2024-09-20
O0001442,C000274,2024-02-15 13:52:00,Returned,Marketplace,L00175,Debit Card,Chennai,0,232.02,2024-02-19
O0001443,C000306,2023-05-18 09:14:00,Cancelled,Mobile App,L00061,Net Banking,Delhi,79,0.0,2023-05-23
O0001444,C000864,2023-05-14 10:43:00,Delivered,Website,L00422,Wallet,Los Angeles,49,0.0,2023-05-17
O0001445,C000455,2025-04-02 08:37:00,Shipped,Website,L00289,Net Banking,Manchester,199,229.05,2025-04-05
O0001446,C000675,2024-04-21 01:29:00,Shipped,Website,L00031,Cash on Delivery,Delhi,199,0.0,2024-04-26
O0001447,C000402,2025-12-08 00:23:00,Paid,Call Center,L00305,Net Banking,Lucknow,199,0.0,2025-12-13
O0001448,C000716,2023-05-07 14:10:00,Cancelled,Marketplace,L00197,Wallet,Pune,0,102.74,2023-05-11
O0001449,C000272,2024-13-40 99:99:99,Paid,Retail Store,L00088,Credit Card,Jaipur,199,41.5,2024-08-21
O0001450,C000535,2023-06-30 11:46:00,Delivered,Retail Store,L00467,Net Banking,Bangalore,99,593.33,2023-07-06
O0001451,C000354,2024-06-26 16:14:00,Packed,Call Center,L00074,UPI,Hyderabad,79,0.0,2024-07-04
O0001452,C000398,2024-12-02 07:34:00,Created,Website,L00118,Credit Card,Delhi,199,217.42,2024-12-10
O0001453,C000270,2025-01-27 19:12:00,Created,Retail Store,L00115,UPI,Bangalore,199,118.15,2025-02-04
O0001454,C000716,2024-03-17 03:54:00,Shipped,Website,L00037,Debit Card,Chennai,0,429.01,2024-03-18
O0001455,C000182,2024-10-19 23:47:00,Created,Retail Store,L00308,Cash on Delivery,Mumbai,199,267.43,2024-10-22
O0001456,C000102,2024-04-25 13:02:00,Delivered,Call Center,L00016,Wallet,Ahmedabad,0,0.0,2024-04-30
O0001457,C000855,2025-10-31 03:10:00,Cancelled,Call Center,L00463,Debit Card,Pune,149,571.52,2025-11-05
O0001458,C000820,2024-06-10 19:09:00,Packed,Marketplace,L00365,Cash on Delivery,New York,0,0.0,2024-06-15
O0001459,C000641,2025-12-26 22:27:00,Returned,Marketplace,L00404,Wallet,Delhi,0,0.0,2025-12-29
O0001460,C000278,2025-08-17 04:52:00,Created,Retail Store,L00194,Net Banking,Toronto,149,53.26,2025-08-25
O0001461,C000708,2025-10-07 00:32:00,Packed,Call Center,L00138,Wallet,Ahmedabad,199,124.99,2025-10-11
O0001462,C000183,2024-12-28 14:36:00,Delivered,Mobile App,L00057,Net Banking,Chicago,0,264.29,2024-12-29
O0001463,C000991,2023-11-06 18:51:00,Cancelled,Mobile App,L00334,Net Banking,Chicago,0,295.11,2023-11-13
O0001464,C000002,2023-02-10 17:17:00,Delivered,Call Center,L00246,Debit Card,Toronto,99,443.27,2023-02-17
O0001465,C000836,2024-04-13 06:13:00,Created,Retail Store,L00355,Cash on Delivery,Toronto,99,0.0,2024-04-19
O0001466,C000348,2023-02-24 20:02:00,Cancelled,Call Center,L00050,Debit Card,Mumbai,99,0.0,2023-02-25
O0001467,C000303,2025-01-29 13:59:00,Returned,Call Center,L00320,Cash on Delivery,Lucknow,0,0.0,2025-02-05
O0001468,C000611,2023-01-27 22:11:00,Shipped,Call Center,L00044,Credit Card,Sydney,0,104.45,2023-01-31
O0001469,C000858,2023-01-30 07:08:00,Shipped,Call Center,L00096,Cash on Delivery,Delhi,0,487.09,2023-02-05
O0001470,C000846,2023-03-25 08:12:00,Packed,Mobile App,L00506,Cash on Delivery,Hyderabad,79,470.88,2023-03-28
O0001471,C000254,2023-04-18 22:34:00,Created,Call Center,L00404,Credit Card,Kolkata,99,458.23,2023-04-25
O0001472,C000874,2025-03-21 15:23:00,Returned,Website,L00209,UPI,Ahmedabad,79,456.89,2025-03-24
O0001473,C000559,2023-12-16 01:29:00,,Website,L00046,Debit Card,Toronto,149,0.0,2023-12-18
O0001474,C000868,2023-01-12 16:09:00,Packed,Retail Store,L00246,Credit Card,Berlin,199,0.0,2023-01-18
O0001475,C000411,2024-12-25 03:56:00,Created,Retail Store,L00409,Net Banking,Jaipur,79,115.83,2024-12-26
O0001476,C000724,2024-08-14 23:42:00,Cancelled,Mobile App,L00409,Debit Card,Pune,99,426.45,2024-08-16
O0001477,C000391,2023-03-19 05:46:00,Cancelled,Call Center,L00020,Cash on Delivery,Lucknow,99,163.26,2023-03-22
O0001478,C000520,2024-10-11 12:34:00,Packed,Call Center,L00411,Wallet,Kolkata,49,595.85,2024-10-17
O0001479,C000181,2023-05-10 17:02:00,Delivered,Retail Store,L00239,Net Banking,Delhi,199,92.15,2023-05-14
O0001480,C000790,2025-06-22 07:24:00,Delivered,Website,L00038,Wallet,New York,99,133.36,2025-06-30
O0001481,C000733,2024-03-18 03:33:00,Cancelled,Call Center,L00224,Credit Card,Bangalore,49,117.3,2024-03-21
O0001482,C000208,2024-12-01 05:54:00,Shipped,Website,L00303,UPI,Delhi,49,0.0,2024-12-08
O0001483,C000046,2025-12-07 19:26:00,Created,Retail Store,L00091,UPI,Sydney,149,500.41,2025-12-10
O0001484,C000566,2025-01-26 13:23:00,Returned,Call Center,L00134,UPI,Jaipur,199,0.0,2025-01-31
O0001485,C000903,2023-02-06 22:14:00,Paid,Mobile App,L00409,Cash on Delivery,Jaipur,99,260.27,2023-02-07
O0001486,C000401,2024-08-25 19:33:00,Paid,Retail Store,L00045,UPI,Ahmedabad,49,57.32,2024-08-31
O0001487,C000914,2025-09-08 00:29:00,Delivered,Marketplace,L00107,Cash on Delivery,Sydney,199,503.28,2025-09-09
O0001488,C000284,2024-04-07 07:59:00,Created,Call Center,L00327,Debit Card,Berlin,199,93.88,2024-04-09
O0001489,C000111,2025-10-13 17:33:00,Cancelled,Marketplace,L00312,Debit Card,Los Angeles,0,560.55,2025-10-18
O0001490,C000365,2023-04-04 06:38:00,Cancelled,Website,L00061,Net Banking,Sydney,99,489.29,2023-04-10
O0001491,C000327,2024-10-19 06:47:00,Returned,Retail Store,L00496,Cash on Delivery,Mumbai,199,47.85,2024-10-27
O0001492,C000996,2023-05-20 08:11:00,Shipped,Marketplace,L00260,Credit Card,London,199,43.0,2023-05-26
O0001493,C000788,2024-07-17 16:56:00,Cancelled,Mobile App,L00161,Net Banking,Lucknow,149,124.51,2024-07-20
O0001494,C000062,2025-10-11 15:12:00,Created,Retail Store,L00397,Credit Card,Delhi,99,110.64,2025-10-18
O0001495,C000746,2023-05-04 01:52:00,Packed,Call Center,L00159,Debit Card,New York,149,282.9,2023-05-12
O0001496,C000491,2026-02-14 15:30:00,Packed,Mobile App,L00392,Debit Card,Lucknow,99,0.0,2026-02-16
O0001497,C000664,2023-01-14 04:34:00,Shipped,Retail Store,L00168,UPI,Pune,149,58.26,2023-01-21
O0001498,C000258,2025-07-19 11:48:00,Cancelled,Website,L00350,Debit Card,Lucknow,149,52.1,2025-07-25
O0001499,C000644,2025-03-28 21:19:00,Paid,Call Center,L00174,UPI,Manchester,0,135.42,2025-04-02
O0001500,C000206,2025-10-29 22:44:00,Created,Retail Store,L00012,Net Banking,Berlin,49,412.49,2025-11-02
O0000021,C000440,2025-08-21 06:59:00,Created,Mobile App,L00464,Credit Card,Toronto,199,54.13,2025-08-22
O0000322,C000977,2025-05-20 05:12:00,Returned,Retail Store,L00133,Net Banking,Mumbai,0,93.22,2025-05-26
O0001000,C000906,2023-10-06 22:39:00,Created,Call Center,L00066,Net Banking,Los Angeles,49,253.1,2023-10-13
