transaction_id,order_id,product_id,transaction_date,quantity,unit_price,discount_amount,tax_amount,total_amount,transaction_type,payment_status
T00000001,O0001481,P00151,2024-07-09 20:41:00,5,3089.68,137.6,1837.3,17148.1,Exchange,Refunded
T00000002,O0001469,P00246,2024-07-28 01:09:00,5,360.55,0.0,216.33,2019.08,Exchange,Authorized
T00000003,O0001076,P00395,2026-01-09 22:28:00,5,3081.54,56.81,767.54,16118.43,Sale,Failed
T00000004,O0000954,P00107,2026-01-04 02:21:00,1,656.25,47.81,170.36,778.8,Sale,Authorized
T00000005,O0000971,P00088,2024-08-20 00:44:00,2,350.14,74.64,31.28,656.92,Sale,Failed
T00000006,O0001472,P00124,2026-01-22 16:46:00,4,1134.84,88.07,1246.36,5697.65,Refund,Captured
T00000007,O0000284,P00185,2024-06-11 15:25:00,3,2217.51,84.75,788.13,7355.91,Refund,Authorized
T00000008,O0000804,P00454,2025-07-31 19:09:00,1,1848.03,58.28,322.15,2111.9,Sale,Settled
T00000009,O0000113,P00027,2024-05-04 08:21:00,5,576.74,57.02,791.47,3618.15,Sale,Authorized
T00000010,O0000381,P99999,2025-06-29 02:50:00,1,833.04,106.58,36.32,762.78,Refund,Failed
T00000011,O0001367,P00621,2024-09-01 10:15:00,2,1796.2,0.0,1005.87,4598.27,Sale,Settled
T00000012,O0000457,P00370,2023-07-01 01:06:00,2,358.44,93.55,74.8,698.13,Refund,Settled
T00000013,O0000599,P00594,2025-08-23 01:14:00,5,,0.0,670.56,3065.41,Refund,Refunded
T00000014,O0001131,P00201,2024-11-06 09:23:00,2,3097.65,0.0,743.44,6938.74,Refund,Failed
T00000015,O0000472,P00448,2024-09-30 23:19:00,5,525.43,28.32,467.79,3066.62,Refund,Captured
T00000016,O0000919,P00198,2024-07-16 04:55:00,5,797.61,0.0,199.4,4187.45,Sale,Authorized
T00000017,O0000546,P00458,2023-04-13 13:38:00,3,330.24,94.59,161.3,1057.43,Exchange,Refunded
T00000018,O0000276,P00122,not_a_date,1,1024.21,0.0,122.91,1147.12,Sale,Authorized
T00000019,O0001365,P00377,2023-06-11 13:35:00,5,2027.92,0.0,2839.09,12978.69,Refund,Refunded
T00000020,O0000636,P00032,2025-05-10 16:01:00,1,2315.84,0.0,416.85,2732.69,Sale,Captured
T00000021,O0000733,P00506,2023-09-03 11:17:00,3,2232.8,0.0,334.92,7033.32,Exchange,Captured
T00000022,O0000971,P00610,2023-05-17 07:24:00,1,296.27,149.12,7.36,154.51,Exchange,Captured
T00000023,O0000755,P00588,2026-03-13 00:56:00,3,732.6,0.0,109.89,2307.69,Sale,Authorized
T00000024,O0001356,P00222,not_a_date,4,1030.52,19.8,738.41,4840.69,Refund,Captured
T00000025,O0001195,P00424,2023-03-01 11:14:00,1,2715.27,0.0,325.83,3041.1,Sale,Settled
T00000026,O0001120,P00576,2023-03-30 08:26:00,5,2450.29,80.04,3407.99,15579.4,Sale,Authorized
T00000027,O0000431,P00167,2024-08-15 03:05:00,3,8089.55,0.0,6795.22,31063.87,Exchange,Authorized
T00000028,O0001319,P00594,2025-06-21 21:01:00,1,478.97,126.92,98.57,450.62,Sale,Refunded
T00000029,O0001033,P00388,2024-06-17 04:37:00,5,396.28,0.0,237.77,2219.17,Exchange,Refunded
T00000030,O0001106,P00650,2024-01-28 15:01:00,3,811.17,69.99,118.18,2481.7,Sale,Authorized
T00000031,O0001137,P00420,2023-05-07 14:16:00,5,2909.81,0.0,1745.89,16294.94,Sale,Settled
T00000032,O0000715,P00121,2024-05-12 22:54:00,3,1215.4,0.0,182.31,3828.51,Sale,Authorized
T00000033,O0000733,P00312,2024-01-29 21:16:00,1,519.0,146.55,44.69,417.14,Exchange,Settled
T00000034,O0000670,P00255,2023-06-10 08:17:00,5,638.45,0.0,893.83,4086.08,Exchange,Refunded
T00000035,O0000120,P00627,2023-08-09 15:51:00,2,2752.14,0.0,990.77,6495.05,Sale,Refunded
T00000036,O0001441,P00039,2025-04-22 02:08:00,5,698.34,0.0,419.0,3910.7,Exchange,Settled
T00000037,O0001305,P00062,2023-02-16 03:26:00,1,2811.2,0.0,337.34,3148.54,Sale,Failed
T00000038,O0000383,P00227,2025-03-06 16:19:00,5,482.23,148.43,271.53,2534.25,Sale,Captured
T00000039,O0000997,P00271,2024-12-02 23:39:00,5,937.06,0.0,234.26,4919.56,Sale,Captured
T00000040,O0001113,P00237,2023-02-23 22:32:00,4,4034.42,24.8,805.64,16918.52,Sale,Authorized
T00000041,O0000163,P00359,2025-02-03 10:21:00,4,2650.85,50.45,527.65,11080.6,Sale,Captured
T00000042,O0001284,P00326,2023-10-17 08:49:00,2,796.39,17.46,283.56,1858.88,Exchange,Refunded
T00000043,O0000318,P00633,2024-10-05 03:41:00,1,992.11,37.22,267.37,1222.26,Sale,Settled
T00000044,O0000228,P00251,2025-02-02 07:03:00,1,1353.72,136.34,146.09,1363.47,Sale,Captured
T00000045,O0000432,P00068,2024-07-31 07:29:00,3,1137.01,80.74,166.51,3496.8,Sale,Settled
T00000046,O0000283,P00137,2025-05-25 01:47:00,4,600.38,0.0,288.18,2689.7,Refund,Refunded
T00000047,O0000922,P00189,2023-06-09 02:13:00,3,707.89,46.8,373.84,2450.71,Sale,Refunded
T00000048,O0001435,P00458,2023-03-24 14:07:00,4,330.24,45.54,63.77,1339.19,Sale,Authorized
T00000049,O0001301,P00189,2023-01-17 23:18:00,2,707.89,0.0,396.42,1812.2,Exchange,Captured
T00000050,O0000284,P00216,2025-04-12 02:27:00,5,625.34,0.0,156.34,3283.04,Refund,Settled
T00000051,O0000847,P00597,2023-05-20 03:07:00,4,703.13,0.0,506.25,3318.77,Sale,Refunded
T00000052,O0000241,P00330,2025-04-03 09:08:00,3,2473.61,45.03,885.1,8260.9,Sale,Settled
T00000053,O0000585,P00386,2025-08-03 20:35:00,5,3100.73,14.23,2788.1,18277.52,Sale,Settled
T00000054,O0000135,P00070,2023-05-04 04:46:00,4,1603.04,60.51,317.58,6669.23,Sale,Captured
T00000055,O0000905,P00623,2024-09-25 17:48:00,2,917.94,36.42,323.9,2123.36,Sale,Refunded
T00000056,O0001078,P00173,2025-08-07 09:37:00,4,2215.3,54.02,2466.01,11273.19,Sale,Captured
T00000057,O0000497,P00650,2024-10-12 13:31:00,1,811.17,130.32,34.04,714.89,Sale,Settled
T00000058,O0000721,P00352,2023-05-05 15:57:00,4,980.55,98.04,1070.76,4894.92,Sale,Settled
T00000059,O0000041,P00073,2023-11-06 15:11:00,4,1357.29,142.81,264.32,5550.67,Sale,Refunded
T00000060,O0000918,P00131,2024-10-30 03:31:00,3,3867.82,0.0,1392.42,12995.88,Sale,Captured
T00000061,O0000319,P00277,2023-11-12 00:11:00,2,,0.0,161.61,1508.37,Sale,Refunded
T00000062,O0000771,P00349,2024-07-24 16:29:00,2,878.16,137.61,80.94,1699.65,Sale,Failed
T00000063,O0001175,P99999,2024-02-04 05:03:00,2,1205.34,80.47,652.46,2982.67,Sale,Failed
T00000064,O0001287,P00117,2023-09-17 06:25:00,3,599.39,37.67,316.89,2077.39,Sale,Authorized
T00000065,O0000068,P00551,2023-04-30 13:09:00,5,3149.21,31.17,2828.68,18543.56,Sale,Failed
T00000066,O0000969,P00605,2024-12-25 07:05:00,2,462.86,13.19,255.51,1168.04,Sale,Captured
T00000067,O0000588,P00223,2023-12-11 05:09:00,1,584.47,0.0,163.65,748.12,Exchange,Settled
T00000068,O0000820,P00499,2025-09-22 12:56:00,3,610.27,67.31,88.17,1851.67,Refund,Captured
T00000069,O0001057,P00059,2023-12-19 21:59:00,1,3141.2,70.66,552.7,3623.24,Sale,Captured
T00000070,O0000687,P00046,2024-05-10 20:11:00,3,1515.56,65.09,1254.85,5736.44,Exchange,Settled
T00000071,O0000225,P00174,2024-09-28 04:29:00,4,1271.88,93.27,898.97,5893.22,Refund,Authorized
T00000072,O0000610,P00391,2024-09-30 15:42:00,1,926.58,66.46,43.01,903.13,Refund,Settled
T00000073,O0000092,P00272,2025-07-27 01:21:00,2,1386.16,53.31,761.32,3480.33,Sale,Captured
T00000074,O0000562,P00407,2026-01-05 11:55:00,3,991.18,89.72,519.09,3402.91,Refund,Settled
T00000075,O0000361,P00191,2025-10-03 16:21:00,4,1210.77,0.0,242.15,5085.23,Refund,Captured
T00000076,O0000831,P00612,2024-12-14 07:34:00,3,665.04,64.58,231.66,2162.2,Refund,Failed
T00000077,O0001392,P00497,2025-12-02 16:55:00,2,,0.0,138.57,908.43,Exchange,Refunded
T00000078,O0000579,P00049,2025-11-13 06:25:00,5,6552.71,130.26,9137.32,41770.61,Exchange,Captured
T00000079,O0000832,P00392,2025-05-04 10:15:00,5,569.64,0.0,512.68,3360.88,Refund,Settled
T00000080,O0000838,P00017,2024-04-25 07:28:00,3,996.95,0.0,149.54,3140.39,Sale,Failed
T00000081,O0001022,P00583,2025-10-27 19:17:00,2,716.61,48.29,387.78,1772.71,Refund,Captured
T00000082,O0000505,P00405,2023-03-02 21:30:00,5,8401.89,35.71,7555.27,49529.01,Exchange,Settled
T00000083,O0001367,P00427,2025-12-30 17:46:00,1,1459.88,0.0,72.99,1532.87,Refund,Captured
T00000084,O0000619,P00338,2025-03-09 15:14:00,2,1221.04,0.0,293.05,2735.13,Refund,Captured
T00000085,O0000646,P00357,2026-03-30 06:49:00,2,384.92,0.0,215.56,985.4,Sale,Settled
T00000086,O0000809,P00347,2024-10-27 03:14:00,1,474.59,44.95,77.34,506.98,Sale,Settled
T00000087,O0000306,P00589,2023-05-15 21:05:00,4,892.79,0.0,999.92,4571.08,Sale,Failed
T00000088,O0000244,P00597,2023-04-22 13:59:00,1,703.13,20.74,122.83,805.22,Exchange,Settled
T00000089,O0000775,P00470,2025-02-15 13:37:00,4,3117.11,0.0,623.42,13091.86,Sale,Failed
T00000090,O0001453,P00588,2023-01-10 23:17:00,3,732.6,78.93,593.28,2712.15,Sale,Refunded
T00000091,O0000881,P00203,2023-10-30 05:09:00,1,2094.39,31.6,371.3,2434.09,Sale,Refunded
T00000092,O0001052,P00095,2023-08-01 14:20:00,5,2338.52,0.0,1403.11,13095.71,Sale,Refunded
T00000093,O0000031,P00519,2024-10-05 06:47:00,2,1569.15,15.03,562.19,3685.46,Refund,Captured
T00000094,O0000462,P00068,2025-02-18 07:59:00,4,1137.01,58.69,224.47,4713.82,Sale,Settled
T00000095,O0000433,P00249,2025-09-19 13:34:00,5,2451.32,0.0,612.83,12869.43,Sale,Failed
T00000096,O0001321,P00607,2025-11-15 09:22:00,3,1106.86,59.39,391.34,3652.53,Sale,Refunded
T00000097,O0000175,P00438,2023-08-07 09:20:00,2,937.29,0.0,224.95,2099.53,Sale,Refunded
T00000098,O0000457,P00425,2023-07-25 13:52:00,4,1666.94,88.6,1842.16,8421.32,Sale,Failed
T00000099,O0000486,P00392,2023-01-09 13:38:00,4,569.64,30.02,629.59,2878.13,Sale,Captured
T00000100,O0001219,P00310,2023-10-15 19:27:00,1,3433.54,28.04,953.54,4359.04,Sale,Refunded
T00000101,O0000134,P00631,2024-10-04 23:44:00,1,351.26,26.3,90.99,415.95,Sale,Authorized
T00000102,O0001245,P00148,2024-10-30 00:16:00,3,3263.19,0.0,1762.12,11551.69,Sale,Refunded
T00000103,O0000557,P00051,2025-09-03 10:18:00,2,826.59,15.64,458.51,2096.05,Sale,Refunded
T00000104,O0000729,P00064,2024-03-22 16:21:00,5,701.5,0.0,175.38,3682.88,Sale,Captured
T00000105,O0001266,P00635,2024-02-20 11:34:00,4,722.72,0.0,520.36,3411.24,Sale,Refunded
T00000106,O0000839,P00254,2023-10-18 10:45:00,5,1966.76,30.09,1176.45,10980.16,Refund,Captured
T00000107,O0001019,P00100,2025-01-29 06:40:00,1,1098.48,0.0,307.57,1406.05,Sale,Refunded
T00000108,O0000098,P00436,2024-06-23 17:26:00,5,1014.7,0.0,608.82,5682.32,Refund,Captured
T00000109,O0001286,P00284,2024-03-25 02:19:00,1,1110.9,0.0,199.96,1310.86,Sale,Settled
T00000110,O0000068,P00594,2026-01-31 11:31:00,4,478.97,16.18,227.96,2127.66,Sale,Captured
T00000111,O0001304,P00477,2025-02-17 07:03:00,1,727.95,0.0,203.83,931.78,Refund,Refunded
T00000112,O0000158,P00001,2024-08-02 00:31:00,5,957.69,86.67,235.09,4936.87,Refund,Authorized
T00000113,O0000243,P00065,2023-04-18 18:09:00,4,879.52,0.0,422.17,,Exchange,Authorized
T00000114,O0000729,P00046,2025-07-01 05:39:00,1,1515.56,0.0,272.8,1788.36,Sale,Captured
T00000115,O0001422,P00633,2024-10-03 12:59:00,1,992.11,21.12,174.78,1145.77,Sale,Captured
T00000116,O0001300,P00572,2023-05-16 18:58:00,5,356.01,102.49,301.96,1979.52,Sale,Refunded
T00000117,O0000085,P00121,2024-06-22 18:02:00,4,1215.4,29.05,869.86,5702.41,Sale,Authorized
T00000118,O0001281,P00200,2025-07-18 03:35:00,2,2529.67,86.36,248.65,5221.63,Exchange,Captured
T00000119,O0000035,P00445,2025-08-02 20:42:00,2,450.95,0.0,252.53,1154.43,Sale,Refunded
T00000120,O0000316,P00242,2023-01-13 21:08:00,5,1047.96,37.43,1456.66,6659.03,Exchange,Settled
T00000121,O0000635,P00277,2024-12-15 09:58:00,1,673.38,57.77,73.87,689.48,Sale,Refunded
T00000122,O0000333,P00314,2023-10-22 01:14:00,1,715.07,0.0,128.71,843.78,Sale,Settled
T00000123,O0001317,P00025,2025-12-03 12:39:00,2,1937.72,0.0,465.05,4340.49,Sale,Authorized
T00000124,O0000464,P00226,2024-03-19 09:34:00,2,1204.05,0.0,433.46,2841.56,Exchange,Failed
T00000125,O9999999,P00176,2024-01-09 00:04:00,2,1562.8,0.0,562.61,3688.21,Sale,Settled
T00000126,O0000635,P00504,2023-08-03 23:52:00,5,2677.7,19.28,2406.46,15775.68,Sale,Captured
T00000127,O0000926,P00468,2025-12-20 07:36:00,3,2184.65,0.0,1179.71,7733.66,Sale,Settled
T00000128,O0001311,P00499,2025-07-18 05:38:00,2,610.27,0.0,146.46,1367.0,Sale,Authorized
T00000129,O0000115,P00058,2024-03-01 22:01:00,4,484.62,31.75,228.81,2135.54,Refund,Failed
T00000130,O0001252,P00179,2023-07-22 06:13:00,1,3493.6,19.64,416.88,3890.84,Exchange,Captured
T00000131,O0000815,P00359,2023-03-09 18:57:00,4,2650.85,72.72,1895.52,12426.2,Sale,Failed
T00000132,O0000900,P00438,2024-12-15 13:59:00,2,937.29,105.56,212.28,1981.3,Sale,Failed
T00000133,O0001360,P00332,2025-01-18 01:25:00,4,426.36,0.0,477.52,2182.96,Sale,Settled
T00000134,O9999999,P00006,2025-04-25 16:29:00,3,1321.73,149.77,686.78,4502.2,Refund,Refunded
T00000135,O0001494,P00559,2023-01-14 22:40:00,1,1448.43,0.0,405.56,1853.99,Sale,Refunded
T00000136,O0000210,P00428,2023-02-26 20:39:00,2,1494.47,0.0,358.67,3347.61,Sale,Refunded
T00000137,O0001377,P00289,2025-10-05 12:15:00,3,1918.46,36.98,686.21,6404.61,Sale,Refunded
T00000138,O0000966,P00646,2024-07-18 11:48:00,1,1613.91,0.0,290.5,1904.41,Exchange,Settled
T00000139,O0000465,P00340,2025-06-06 18:22:00,5,975.69,0.0,243.92,5122.37,Exchange,Settled
T00000140,O0000970,P00330,2023-05-15 17:05:00,1,2473.61,0.0,123.68,2597.29,Sale,Authorized
T00000141,O9999999,P00434,2023-04-21 10:42:00,2,2264.35,52.55,223.81,4699.96,Exchange,Failed
T00000142,O0001341,P00464,2025-01-21 16:13:00,3,1175.56,120.48,953.74,4359.94,Exchange,Settled
T00000143,O0000614,P00167,2026-01-21 20:59:00,1,8089.55,0.0,970.75,9060.3,Refund,Refunded
T00000144,O0000072,P00383,2025-07-26 11:53:00,3,,0.0,519.65,4850.09,Refund,Refunded
T00000145,O0000061,P00412,2024-03-08 11:52:00,1,2875.16,27.17,142.4,2990.39,Exchange,Captured
T00000146,O0000738,P00603,2025-04-18 18:39:00,3,684.45,0.0,102.67,2156.02,Sale,Settled
T00000147,O0000516,P00613,2025-10-15 13:07:00,1,991.92,0.0,119.03,1110.95,Sale,Captured
T00000148,O0000531,P00375,2025-08-19 06:45:00,5,663.73,27.09,592.48,3884.04,Sale,Failed
T00000149,O9999999,P00525,2025-12-18 15:55:00,3,869.63,0.0,730.49,3339.38,Sale,Authorized
T00000150,O0000970,P00625,2024-06-28 07:10:00,3,1540.2,0.0,231.03,4851.63,Refund,Authorized
T00000151,O0001233,P00427,2025-11-15 23:04:00,2,1459.88,49.27,143.52,3014.01,Sale,Refunded
T00000152,O0000111,P00313,2024-10-13 03:38:00,3,1062.9,98.56,370.82,3460.96,Sale,Failed
T00000153,O0000975,P00115,2023-02-04 00:45:00,1,1928.25,0.0,347.08,2275.33,Sale,Captured
T00000154,O0000090,P00128,2023-07-15 07:31:00,5,413.15,99.69,235.93,2201.99,Sale,Authorized
T00000155,O0000969,P00588,2024-04-02 07:15:00,2,732.6,113.91,378.36,1729.65,Exchange,Captured
T00000156,O0001287,P00343,2026-02-06 11:18:00,2,734.04,73.99,390.35,1784.44,Refund,Authorized
T00000157,O0000090,P00527,2025-07-25 21:24:00,2,1130.24,63.27,109.86,2307.07,Sale,Failed
T00000158,O0000239,P00252,2024-07-08 08:59:00,3,991.21,60.04,349.63,3263.22,Exchange,Settled
T00000159,O0001154,P00085,2024-12-30 08:42:00,5,2771.15,71.52,2481.16,16265.39,Refund,Captured
T00000160,O0000301,P00057,2023-08-09 14:53:00,3,1219.37,133.44,422.96,3947.63,Sale,Settled
T00000161,O0000581,P00309,2024-09-25 16:04:00,3,3773.28,97.57,3142.24,14364.51,Sale,Refunded
T00000162,O0000807,P00306,2023-02-20 08:15:00,4,660.17,0.0,316.88,2957.56,Sale,Authorized
T00000163,O0000459,P00448,2024-03-15 15:31:00,5,525.43,21.01,312.74,2918.88,Refund,Authorized
T00000164,O0000311,P00168,2024-02-21 16:43:00,3,448.93,0.0,67.34,1414.13,Refund,Captured
T00000165,O0000933,P00150,2024-03-19 15:03:00,1,676.34,0.0,121.74,798.08,Sale,Captured
T00000166,O0001141,P00643,2023-11-23 03:00:00,5,1827.15,17.74,1641.24,10759.25,Refund,Settled
T00000167,O0000368,P00426,2025-01-26 03:46:00,2,602.86,0.0,217.03,1422.75,Exchange,Refunded
T00000168,O0000192,P00541,not_a_date,1,320.93,145.43,31.59,207.09,Sale,Captured
T00000169,O0000523,P00195,2024-11-26 06:51:00,2,1391.59,62.26,489.77,3210.69,Refund,Authorized
T00000170,O0001281,P00013,2024-01-15 09:09:00,3,1661.22,106.51,585.26,5462.41,Sale,Authorized
T00000171,O0000942,P00231,2023-01-08 21:33:00,1,883.06,0.0,105.97,989.03,Sale,Settled
T00000172,O0001174,P00030,2025-01-19 15:39:00,4,3177.88,0.0,1525.38,14236.9,Exchange,Authorized
T00000173,O0000229,P00583,2024-07-29 09:41:00,5,716.61,50.94,423.85,3955.96,Refund,Refunded
T00000174,O0000729,P00147,2025-10-06 16:36:00,5,856.3,0.0,1198.82,5480.32,Sale,Authorized
T00000175,O0000763,P00283,2025-03-09 01:07:00,3,2334.85,64.39,1943.24,8883.4,Sale,Settled
T00000176,O0000051,P00035,2025-08-23 09:15:00,1,742.31,91.1,117.22,768.43,Sale,Refunded
T00000177,O0001309,P00094,2024-04-09 01:59:00,5,642.11,0.0,898.95,4109.5,Exchange,Captured
T00000178,O0000972,P00138,2024-02-26 23:05:00,3,1422.69,0.0,213.4,4481.47,Sale,Settled
T00000179,O0001380,P00302,2023-11-09 18:10:00,5,815.65,0.0,489.39,4567.64,Sale,Settled
T00000180,O0000158,P00443,2024-02-27 12:21:00,5,419.5,0.0,104.88,2202.38,Sale,Captured
T00000181,O0000327,P00262,2023-12-09 13:58:00,4,2361.96,88.4,1123.13,10482.57,Refund,Refunded
T00000182,O0000687,P00171,2025-01-07 19:50:00,2,549.04,67.07,51.55,1082.56,Sale,Refunded
T00000183,O0000557,P00235,2023-03-23 22:41:00,4,4590.46,144.27,5100.92,23318.49,Exchange,Failed
T00000184,O0000223,P00439,2026-03-05 19:23:00,1,1758.69,33.65,207.0,1932.04,Sale,Settled
T00000185,O0000192,P00356,2023-05-05 22:33:00,1,454.95,0.0,127.39,582.34,Exchange,Captured
T00000186,O0000757,P00361,2024-06-22 20:35:00,5,1208.87,0.0,1087.98,7132.33,Exchange,Failed
T00000187,O0000599,P00166,2024-03-12 12:33:00,5,5253.6,0.0,4728.24,30996.24,Sale,Refunded
T00000188,O0001082,P00336,2025-09-12 05:48:00,1,540.61,25.56,144.21,,Sale,Refunded
T00000189,O0000900,P00535,2023-11-22 09:26:00,5,982.51,0.0,589.51,5502.06,Exchange,Refunded
T00000190,O0000444,P00450,2025-02-28 06:20:00,1,456.44,0.0,82.16,538.6,Sale,Failed
T00000191,O0000371,P00043,2023-05-14 09:19:00,5,635.71,14.41,158.21,3322.35,Exchange,Failed
T00000192,O0001345,P00296,2025-12-22 00:24:00,1,2094.71,0.0,377.05,2471.76,Exchange,Refunded
T00000193,O0000188,P00468,2023-02-27 19:29:00,1,2184.65,0.0,611.7,2796.35,Exchange,Authorized
T00000194,O0001430,P00240,2026-03-15 04:28:00,4,1093.73,45.42,1212.26,5541.76,Sale,Authorized
T00000195,O0001306,P00624,2023-04-23 02:32:00,4,1264.8,0.0,1416.58,6475.78,Refund,Failed
T00000196,O0000018,P00387,2023-03-25 00:31:00,-1,,0.0,0.0,0.0,Sale,Captured
T00000197,O0001439,P00406,2024-10-14 03:54:00,5,931.19,147.88,225.4,4733.47,Sale,Refunded
T00000198,O0001160,P00201,2025-08-06 13:39:00,3,3097.65,0.0,2602.03,11894.98,Sale,Settled
T00000199,O0000872,P00235,2026-03-08 12:16:00,2,4590.46,48.89,456.6,9588.63,Sale,Refunded
T00000200,O0000914,P00150,2024-10-31 08:54:00,1,676.34,98.47,69.34,647.21,Sale,Authorized
T00000201,O0000321,P00086,2024-06-23 20:33:00,5,823.97,64.19,730.02,,Exchange,Settled
T00000202,O0000603,P00146,2025-02-06 05:14:00,3,631.65,0.0,227.39,2122.34,Exchange,Failed
T00000203,O0001406,P00199,2023-09-24 00:15:00,-2,625.96,0.0,0.0,0.0,Refund,Settled
T00000204,O0000365,P00523,2023-03-31 09:39:00,4,1468.59,35.3,291.95,6131.01,Refund,Failed
T00000205,O0000895,P00179,2024-09-30 19:38:00,5,3493.6,49.25,4877.25,22296.0,Refund,Authorized
T00000206,O0001220,P00336,2024-09-15 13:22:00,3,540.61,0.0,291.93,1913.76,Refund,Authorized
T00000207,O0000954,P00515,2024-03-16 04:59:00,5,963.16,67.45,1329.54,6077.89,Refund,Failed
T00000208,O0001095,P00647,2025-05-27 22:19:00,3,4699.55,80.51,2523.27,16541.41,Sale,Authorized
T00000209,O0000615,P00240,2025-01-05 06:35:00,4,1093.73,135.11,763.17,5002.98,Sale,Captured
T00000210,O0001482,P00251,2023-09-29 16:38:00,2,1353.72,25.37,321.85,3003.92,Refund,Settled
T00000211,O0000305,P00006,2024-02-18 07:51:00,2,1321.73,52.36,129.56,2720.66,Exchange,Authorized
T00000212,O0000987,P00009,2024-12-30 23:49:00,1,1116.34,0.0,55.82,1172.16,Sale,Authorized
T00000213,O0000329,P00562,2024-11-22 01:36:00,1,1506.43,48.13,408.32,1866.62,Refund,Settled
T00000214,O0001241,P00141,2023-05-08 00:41:00,1,3031.05,0.0,151.55,3182.6,Sale,Captured
T00000215,O0000029,P00385,2024-01-22 17:00:00,3,3602.73,0.0,3026.29,13834.48,Sale,Captured
T00000216,O0000855,P00232,2025-07-28 10:14:00,1,757.45,0.0,37.87,795.32,Refund,Authorized
T00000217,O0000381,P00443,2024-06-10 23:24:00,3,419.5,0.0,352.38,1610.88,Sale,Refunded
T00000218,O0001019,P00308,2024-09-28 01:22:00,2,779.47,82.13,265.83,1742.64,Exchange,Refunded
T00000219,O0000274,P00521,2024-11-14 19:29:00,5,3714.61,66.19,3331.23,21838.09,Sale,Captured
T00000220,O0000707,P00303,2023-01-20 03:19:00,1,713.89,0.0,35.69,749.58,Refund,Failed
T00000221,O0000762,P00214,2025-06-20 22:39:00,5,2780.21,39.85,2495.02,16356.22,Refund,Refunded
T00000222,O0000486,P00581,2023-09-19 20:22:00,3,7332.84,100.13,1094.92,22993.31,Sale,Settled
T00000223,O0000999,P00224,2025-12-23 23:53:00,1,393.28,0.0,70.79,464.07,Sale,Authorized
T00000224,O0001005,P00244,2026-02-27 20:11:00,2,1621.78,0.0,583.84,3827.4,Sale,Settled
T00000225,O0001122,P00488,2024-12-14 22:42:00,1,718.55,0.0,86.23,804.78,Sale,Settled
T00000226,O0000357,P00339,2024-07-28 06:43:00,4,1347.35,17.82,1504.04,6875.62,Sale,Authorized
T00000227,O0001126,P00431,2023-11-10 21:44:00,5,3348.87,73.17,3000.81,19671.99,Refund,Failed
T00000228,O0001209,P00451,2023-09-21 23:34:00,3,1456.88,21.89,217.44,4566.19,Sale,Refunded
T00000229,O0000861,P00293,2023-06-28 10:24:00,5,1022.92,0.0,255.73,5370.33,Sale,Captured
T00000230,O0000204,P00531,2024-05-17 13:15:00,1,319.02,86.72,11.62,243.92,Exchange,Settled
T00000231,O0001350,P00092,2025-06-20 23:51:00,4,316.65,14.83,62.59,1314.36,Sale,Settled
T00000232,O0000555,P00316,2025-07-12 23:31:00,2,3092.88,28.64,1108.28,7265.4,Sale,Failed
T00000233,O0000710,P00103,2025-01-21 07:54:00,5,949.88,18.61,567.69,5298.48,Sale,Authorized
T00000234,O0000949,P00518,2024-01-18 10:01:00,4,3736.33,0.0,747.27,15692.59,Sale,Failed
T00000235,O0000040,P00528,2025-05-11 16:39:00,3,537.85,14.55,79.95,1678.95,Sale,Captured
T00000236,O0001017,P00278,2023-01-29 21:48:00,1,790.72,0.0,142.33,933.05,Sale,Refunded
T00000237,O0000795,P00052,2023-01-16 16:31:00,-1,503.56,0.0,0.0,0.0,Exchange,Authorized
T00000238,O0001192,P00647,2026-02-18 03:39:00,2,4699.55,29.75,1124.32,,Refund,Settled
T00000239,O0000152,P00477,2025-11-30 13:45:00,3,727.95,38.1,107.29,2253.04,Sale,Failed
T00000240,O0000178,P00342,2025-04-06 13:21:00,2,740.78,36.24,72.27,1517.59,Sale,Authorized
T00000241,O0000944,P00297,2025-05-23 05:50:00,5,703.12,0.0,984.37,4499.97,Refund,Failed
T00000242,O0001063,P00131,2023-08-14 12:13:00,3,3867.82,28.15,2083.56,13658.87,Sale,Settled
T00000243,O0000353,P00548,2024-11-14 00:12:00,1,1170.16,0.0,140.42,1310.58,Sale,Refunded
T00000244,O0001035,P00452,2024-10-07 09:45:00,3,2497.94,93.37,2072.13,9472.58,Refund,Captured
T00000245,O0000363,P00109,2025-08-22 08:52:00,2,747.53,0.0,418.62,1913.68,Sale,Settled
T00000246,O0001363,P00389,2025-05-06 19:36:00,3,1152.22,87.21,606.5,3975.95,Refund,Settled
T00000247,O0000161,P00234,2024-06-23 02:01:00,3,969.08,0.0,348.87,3256.11,Sale,Refunded
T00000248,O0001272,P00457,2023-03-29 13:52:00,4,950.2,0.0,456.1,4256.9,Exchange,Captured
T00000249,O0001393,P00499,2024-02-20 18:30:00,4,610.27,59.5,428.68,2810.26,Exchange,Captured
T00000250,O0000026,P00224,2025-09-04 23:43:00,3,393.28,55.91,134.87,1258.8,Sale,Authorized
T00000251,O0000896,P00407,2025-10-24 08:30:00,4,991.18,30.06,196.73,4131.39,Exchange,Failed
T00000252,O0000624,P00359,2025-08-10 22:37:00,5,2650.85,74.37,2372.38,15552.26,Sale,Failed
T00000253,O0000602,P00427,2023-12-29 07:40:00,1,1459.88,27.71,401.01,1833.18,Exchange,Captured
T00000254,O0001374,P00530,2023-10-27 00:01:00,4,2887.29,92.57,2062.19,13518.78,Sale,Authorized
T00000255,O0000649,P00144,2025-06-26 13:23:00,3,1638.95,0.0,245.84,5162.69,Sale,Captured
T00000256,O0000766,P00488,2023-05-25 00:34:00,4,718.55,111.71,773.5,3535.99,Exchange,Captured
T00000257,O0000111,P00309,2023-05-24 04:44:00,3,3773.28,26.07,3162.26,14456.03,Sale,Authorized
T00000258,O0000402,P00344,2024-04-09 03:22:00,3,6262.46,31.27,3376.1,22132.21,Sale,Settled
T00000259,O0001181,P00601,2023-03-07 16:49:00,3,922.2,0.0,138.33,2904.93,Sale,Captured
T00000260,O0000924,P00033,2025-10-02 23:15:00,2,759.93,0.0,182.38,1702.24,Sale,Settled
T00000261,O0000901,P00127,2023-11-29 02:48:00,5,3407.1,34.28,4760.34,21761.56,Sale,Captured
T00000262,O0000364,P00101,2026-01-14 04:05:00,1,4112.23,15.89,737.34,4833.68,Sale,Authorized
T00000263,O0001163,P00432,2024-07-16 18:24:00,2,2265.79,0.0,226.58,4758.16,Sale,Authorized
T00000264,O0000986,P00095,2025-12-24 22:27:00,3,2338.52,0.0,1262.8,8278.36,Sale,Failed
T00000265,O0000919,P00474,2026-03-24 18:36:00,1,390.17,15.57,18.73,393.33,Exchange,Authorized
T00000266,O0000980,P00002,2026-03-28 13:49:00,4,473.19,0.0,529.97,2422.73,Refund,Refunded
T00000267,O0000402,P00001,2025-05-10 09:27:00,1,957.69,49.85,45.39,953.23,Exchange,Authorized
T00000268,O9999999,P00556,2024-02-01 22:11:00,3,7563.15,49.33,4075.22,26715.34,Refund,Refunded
T00000269,O0000965,P00027,2025-12-24 11:50:00,2,576.74,0.0,322.97,1476.45,Refund,Settled
T00000270,O0000534,P00429,2023-11-04 05:22:00,3,885.71,30.58,315.19,2941.74,Sale,Captured
T00000271,O0000489,P00383,2025-06-27 07:06:00,1,1443.48,140.6,234.52,1537.4,Refund,Failed
T00000272,O0000519,P00504,2025-10-25 01:30:00,4,2677.7,0.0,1285.3,11996.1,Sale,Refunded
T00000273,O0001387,P00439,2025-03-07 19:30:00,3,1758.69,28.88,629.66,5876.85,Sale,Refunded
T00000274,O0000401,P00201,2026-02-03 23:50:00,5,3097.65,26.35,1855.43,17317.33,Sale,Refunded
T00000275,O0001142,P00445,2024-05-25 10:02:00,5,450.95,21.21,268.02,2501.56,Exchange,Captured
T00000276,O0000477,P00647,2025-02-10 16:16:00,3,4699.55,55.18,702.17,14745.64,Sale,Captured
T00000277,O0001264,P00360,2025-04-16 21:40:00,1,2181.94,16.35,259.87,2425.46,Refund,Failed
T00000278,O0000910,P00552,2023-06-04 17:04:00,4,2060.17,90.9,2281.94,10431.72,Refund,Settled
T00000279,O0001176,P00583,2024-07-28 01:42:00,2,716.61,0.0,401.3,1834.52,Sale,Authorized
T00000280,O0000573,P00570,2023-08-16 19:34:00,4,1939.55,21.25,1392.65,9129.6,Sale,Refunded
T00000281,O0000747,P00484,2025-09-01 04:51:00,2,407.54,33.71,140.65,922.02,Sale,Failed
T00000282,O0001448,P00307,2023-02-25 18:39:00,2,464.47,89.59,41.97,881.32,Exchange,Captured
T00000283,O0001321,P00321,2024-09-27 16:48:00,1,447.81,0.0,22.39,470.2,Refund,Settled
T00000284,O0000659,P00241,2023-05-06 15:31:00,4,1292.19,53.27,255.77,5371.26,Refund,Captured
T00000285,O0000880,P00315,2024-05-10 07:02:00,4,792.17,0.0,570.36,3739.04,Sale,Authorized
T00000286,O0000860,P00627,2026-01-05 22:02:00,4,2752.14,70.27,1312.59,12250.88,Exchange,Failed
T00000287,O9999999,P00446,2025-10-16 10:55:00,5,945.95,0.0,236.49,4966.24,Exchange,Authorized
T00000288,O0000710,P00583,2024-06-13 08:20:00,2,716.61,49.26,166.08,1550.04,Sale,Captured
T00000289,O0001098,P00630,2023-06-24 14:25:00,3,1376.55,0.0,743.34,4872.99,Sale,Refunded
T00000290,O0000670,P00602,2025-01-26 22:04:00,1,371.55,0.0,104.03,475.58,Refund,Authorized
T00000291,O0000288,P00532,2023-05-11 14:52:00,4,490.37,98.02,93.17,1956.63,Exchange,Captured
T00000292,O0000565,P00322,2023-10-04 16:36:00,2,1025.47,101.94,545.72,2494.72,Sale,Refunded
T00000293,O0000154,P00515,2023-08-07 18:06:00,3,963.16,34.11,342.64,3198.01,Exchange,Settled
T00000294,O0000863,P00334,2024-07-11 00:38:00,3,3441.41,28.4,1853.25,12149.08,Refund,Settled
T00000295,O0001275,P00192,2024-06-03 16:29:00,4,2651.28,0.0,1908.92,12514.04,Refund,Captured
T00000296,O0001489,P00049,2024-07-11 20:25:00,3,6552.71,0.0,3538.46,23196.59,Sale,Captured
T00000297,O0000809,P00644,2023-03-01 11:39:00,3,778.94,33.41,414.61,2718.02,Sale,Failed
T00000298,O0001177,P00218,2025-09-25 08:14:00,4,400.81,0.0,288.58,1891.82,Sale,Captured
T00000299,O0001422,P00581,2023-10-10 14:27:00,4,7332.84,0.0,1466.57,30797.93,Sale,Captured
T00000300,O0000345,P00083,2025-06-13 20:26:00,1,1083.18,81.07,120.25,1122.36,Sale,Refunded
T00000301,O0000511,P00008,2025-01-27 05:15:00,5,300.57,37.17,263.82,1729.5,Sale,Settled
T00000302,O0000371,P00528,2024-10-17 12:57:00,4,537.85,0.0,602.39,2753.79,Sale,Settled
T00000303,O0000102,P00369,2026-01-20 03:20:00,5,1194.11,0.0,716.47,6687.02,Sale,Settled
T00000304,O0001410,P00342,2025-07-18 19:58:00,4,740.78,56.79,813.77,3720.1,Sale,Settled
T00000305,O0000235,P00356,2024-11-29 08:07:00,1,454.95,0.0,22.75,477.7,Refund,Settled
T00000306,O0000811,P00401,2024-11-12 07:49:00,4,711.86,0.0,512.54,3359.98,Refund,Failed
T00000307,O0000722,P00634,2023-09-29 07:57:00,5,689.02,54.65,610.28,4000.73,Sale,Failed
T00000308,O0000635,P00629,2023-11-25 17:33:00,1,1778.85,14.92,493.9,2257.83,Sale,Settled
T00000309,O0001349,P00370,2024-12-08 13:07:00,1,358.44,0.0,43.01,401.45,Sale,Failed
T00000310,O0000609,P00315,2023-12-16 23:11:00,4,792.17,64.44,869.19,3973.43,Sale,Failed
T00000311,O0001432,P00418,2025-12-06 08:42:00,5,647.45,0.0,582.71,3819.96,Sale,Failed
T00000312,O0000630,P00458,2023-11-07 18:40:00,3,330.24,17.38,272.54,1245.88,Sale,Failed
T00000313,O0000114,P00395,2023-11-02 10:07:00,1,3081.54,0.0,554.68,3636.22,Sale,Settled
T00000314,O0001357,P00130,2024-04-30 09:35:00,3,528.17,0.0,443.66,2028.17,Sale,Failed
T00000315,O0001368,P00390,2024-03-10 07:31:00,3,1046.09,0.0,564.89,3703.16,Sale,Settled
T00000316,O0000892,P00112,2025-08-28 07:12:00,4,1478.55,0.0,1064.56,6978.76,Sale,Refunded
T00000317,O0001289,P00504,2026-03-21 11:30:00,5,2677.7,25.29,668.16,14031.37,Sale,Authorized
T00000318,O0000573,P00597,2024-03-11 12:35:00,3,703.13,68.94,571.33,2611.78,Refund,Failed
T00000319,O0001060,P00051,2025-02-22 17:19:00,5,826.59,50.93,204.1,4286.12,Sale,Authorized
T00000320,O0000934,P00018,2023-01-07 07:01:00,3,,19.39,1264.34,8288.44,Sale,Authorized
T00000321,O0001048,P00086,2025-10-06 20:52:00,5,823.97,0.0,494.38,4614.23,Refund,Captured
T00000322,O0000455,P00437,2023-10-27 20:24:00,5,487.39,0.0,292.43,2729.38,Refund,Captured
T00000323,O0000289,P00169,2024-02-26 01:50:00,4,3192.33,105.82,2279.43,14942.93,Exchange,Failed
T00000324,O0000757,P00099,2024-08-29 04:26:00,2,2860.78,0.0,1602.04,7323.6,Sale,Refunded
T00000325,O0000321,P00479,2024-05-11 03:58:00,3,2517.76,61.07,1348.6,8840.81,Exchange,Refunded
T00000326,O0000890,P00376,2025-01-08 09:56:00,4,3703.62,0.0,1777.74,16592.22,Sale,Refunded
T00000327,O0000376,P00172,2024-01-20 17:41:00,2,1174.46,0.0,657.7,3006.62,Exchange,Refunded
T00000328,O0001313,P00495,2025-06-30 14:22:00,3,394.24,0.0,212.89,1395.61,Exchange,Refunded
T00000329,O0000414,P00549,2023-04-30 06:05:00,2,1188.72,23.09,659.22,3013.57,Sale,Captured
T00000330,O0001434,P00529,2024-01-01 02:19:00,4,2632.47,0.0,1895.38,12425.26,Sale,Settled
T00000331,O0000930,P00296,2025-12-01 06:35:00,5,2094.71,84.65,2908.89,13297.79,Sale,Captured
T00000332,O0000700,P00255,2024-02-05 21:18:00,3,638.45,0.0,536.3,2451.65,Refund,Refunded
T00000333,O0001460,P00156,2025-04-30 03:01:00,3,637.81,0.0,344.42,2257.85,Sale,Authorized
T00000334,O0001466,P00144,2025-05-05 19:32:00,2,1638.95,0.0,163.9,3441.8,Sale,Authorized
T00000335,O0000337,P00420,2023-08-22 09:16:00,2,2909.81,31.1,694.62,6483.14,Sale,Settled
T00000336,O0000805,P00501,2023-06-10 21:07:00,5,791.16,26.26,196.48,4126.02,Sale,Failed
T00000337,O0000359,P00403,2024-03-01 06:45:00,2,849.51,76.87,81.11,1703.26,Sale,Authorized
T00000338,O0000911,P00085,2024-12-26 09:21:00,5,2771.15,0.0,692.79,14548.54,Exchange,Failed
T00000339,O0001291,P00391,2023-02-14 21:37:00,1,926.58,0.0,166.78,1093.36,Exchange,Failed
T00000340,O0001229,P00383,2026-03-12 18:38:00,1,1443.48,46.83,391.06,1787.71,Exchange,Authorized
T00000341,O0000595,P00576,2023-01-18 01:09:00,4,2450.29,0.0,490.06,10291.22,Sale,Refunded
T00000342,O0000928,P00216,2023-09-25 16:49:00,3,625.34,0.0,93.8,1969.82,Refund,Refunded
T00000343,O0001092,P00378,2025-02-27 05:58:00,5,1141.71,0.0,285.43,5993.98,Sale,Authorized
T00000344,O0000946,P00212,2024-02-16 02:01:00,5,560.69,64.77,492.96,3231.64,Sale,Captured
T00000345,O0000295,P00473,2026-01-27 12:39:00,3,970.14,0.0,523.88,3434.3,Exchange,Settled
T00000346,O0000386,P00103,2023-12-12 11:45:00,3,949.88,83.34,138.31,2904.61,Refund,Captured
T00000347,O0001280,P00525,2024-10-11 03:51:00,1,869.63,57.94,40.58,852.27,Sale,Authorized
T00000348,O0000163,P00248,2024-03-24 13:16:00,3,1113.01,0.0,934.93,4273.96,Sale,Failed
T00000349,O0001412,P00225,2025-03-25 00:54:00,5,1231.01,0.0,738.61,6893.66,Sale,Failed
T00000350,O0000284,P00377,2025-12-17 20:21:00,2,2027.92,90.14,1110.4,5076.1,Refund,Refunded
T00000351,O0000201,P00562,not_a_date,5,1506.43,0.0,2109.0,9641.15,Sale,Refunded
T00000352,O0000017,P00623,2025-01-03 03:53:00,4,917.94,0.0,440.61,4112.37,Refund,Settled
T00000353,O9999999,P00057,2025-10-18 19:30:00,2,1219.37,0.0,292.65,2731.39,Sale,Failed
T00000354,O0001128,P00472,2023-10-11 01:43:00,2,1853.51,0.0,1037.97,4744.99,Sale,Captured
T00000355,O0000784,P00590,2024-01-26 07:04:00,4,1035.11,75.14,203.26,4268.56,Exchange,Captured
T00000356,O0001418,P00309,2025-01-23 09:56:00,2,3773.28,69.93,373.83,7850.46,Sale,Captured
T00000357,O0000638,P00583,2024-02-06 22:24:00,1,716.61,0.0,128.99,845.6,Refund,Captured
T00000358,O0000618,P00333,2023-10-13 10:43:00,2,1608.04,113.89,372.26,3474.45,Sale,Refunded
T00000359,O0000434,P00262,2024-10-07 17:15:00,5,2361.96,0.0,3306.74,,Exchange,Failed
T00000360,O0000603,P00007,2024-10-24 08:02:00,4,3150.76,0.0,630.15,13233.19,Sale,Authorized
T00000361,O0000685,P00015,2024-01-24 20:17:00,1,904.35,0.0,45.22,949.57,Sale,Captured
T00000362,O0000813,P00206,2023-06-01 05:58:00,4,1195.08,0.0,573.64,5353.96,Sale,Settled
T00000363,O0001044,P00493,2025-09-08 20:54:00,5,1150.39,28.98,1602.43,7325.4,Sale,Authorized
T00000364,O0000477,P00212,2023-07-13 14:00:00,2,560.69,63.74,126.92,1184.56,Refund,Authorized
T00000365,O0000608,P00618,2024-09-23 23:29:00,3,356.72,104.01,48.31,1014.46,Sale,Captured
T00000366,O0000669,P00154,2023-11-19 16:29:00,4,1314.69,25.39,628.0,5861.37,Sale,Authorized
T00000367,O0000144,P00378,2025-07-14 16:38:00,5,1141.71,0.0,1027.54,6736.09,Sale,Failed
T00000368,O0001441,P00228,2023-06-10 05:03:00,3,1471.82,30.92,219.23,4603.77,Sale,Captured
T00000369,O0000743,P00588,2023-11-12 01:29:00,3,732.6,59.74,256.57,2394.63,Sale,Settled
T00000370,O0000460,P00591,2024-05-08 20:48:00,5,858.73,0.0,214.68,4508.33,Refund,Captured
T00000371,O0001233,P00162,2025-12-28 05:15:00,4,472.13,22.25,522.56,2388.83,Sale,Captured
T00000372,O0000836,P00337,2024-11-24 14:17:00,1,938.34,57.02,246.77,1128.09,Sale,Failed
T00000373,O0001385,P00571,2023-10-17 01:11:00,3,350.54,56.31,278.69,1274.0,Sale,Authorized
T00000374,O0001325,P00224,2023-06-04 22:40:00,5,393.28,0.0,98.32,2064.72,Sale,Settled
T00000375,O0000573,P00586,2025-06-22 03:52:00,3,556.56,0.0,200.36,1870.04,Sale,Captured
T00000376,O0001331,P00271,2024-03-12 21:26:00,1,937.06,14.66,258.27,1180.67,Exchange,Settled
T00000377,O0001341,P00439,2023-01-29 23:20:00,2,1758.69,30.19,976.41,4463.6,Sale,Failed
T00000378,O0000849,P00343,2025-12-29 06:33:00,5,734.04,61.97,649.48,4257.71,Refund,Refunded
T00000379,O0000843,P00290,2025-09-07 03:52:00,3,947.01,33.06,505.43,3313.4,Sale,Authorized
T00000380,O0001329,P00104,2023-09-05 03:35:00,3,1852.57,142.37,974.76,6390.1,Sale,Authorized
T00000381,O0000392,P00380,2025-11-09 05:32:00,2,1495.09,96.41,810.26,3704.03,Sale,Refunded
T00000382,O0000497,P00345,2025-03-20 01:09:00,4,2652.43,0.0,2970.72,13580.44,Refund,Refunded
T00000383,O0000563,P00480,2026-01-21 02:54:00,5,325.93,95.99,76.68,1610.34,Sale,Failed
T00000384,O0000094,P00357,2025-08-29 07:00:00,1,384.92,126.29,46.55,305.18,Exchange,Captured
T00000385,O0001443,P00081,2024-09-08 23:14:00,3,725.47,0.0,108.82,2285.23,Exchange,Failed
T00000386,O0000301,P00336,2023-02-13 02:37:00,5,540.61,0.0,135.15,2838.2,Sale,Captured
T00000387,O0000530,P00107,2024-03-15 00:28:00,5,656.25,44.0,161.86,3399.11,Sale,Failed
T00000388,O0001404,P00412,2023-03-05 19:33:00,5,2875.16,91.38,1714.13,15998.55,Sale,Refunded
T00000389,O0000806,P00619,2023-04-25 10:23:00,2,1599.68,0.0,575.88,3775.24,Refund,Captured
T00000390,O0001169,P00420,2025-04-15 00:42:00,2,2909.81,16.32,290.17,6093.47,Sale,Failed
T00000391,O0000397,P00070,2025-05-17 16:58:00,5,1603.04,13.9,2240.36,10241.66,Exchange,Settled
T00000392,O0000709,P00526,2025-09-12 01:49:00,3,3415.98,115.52,1823.84,11956.26,Sale,Failed
T00000393,O0000787,P00285,2025-07-26 03:21:00,1,3076.57,0.0,861.44,3938.01,Sale,Authorized
T00000394,O0000037,P00108,2025-01-22 18:27:00,5,619.06,0.0,371.44,3466.74,Refund,Captured
T00000395,O0000282,P00354,2024-01-20 11:55:00,4,956.04,0.0,458.9,4283.06,Sale,Refunded
T00000396,O0000135,P00517,2023-01-21 08:13:00,4,720.85,89.34,335.29,3129.35,Refund,Refunded
T00000397,O0000254,P00004,2023-01-20 18:00:00,1,597.66,0.0,71.72,669.38,Refund,Settled
T00000398,O9999999,P00581,2025-06-05 10:47:00,1,7332.84,0.0,1319.91,8652.75,Refund,Authorized
T00000399,O0001225,P00048,2026-02-28 00:17:00,5,3206.16,0.0,4488.62,20519.42,Exchange,Refunded
T00000400,O0000396,P00535,2025-02-18 04:26:00,4,982.51,62.71,464.08,4331.41,Sale,Failed
T00000401,O0000973,P00069,2026-03-14 22:19:00,4,3507.98,20.46,3923.21,17934.67,Exchange,Authorized
T00000402,O0001107,P00648,2024-06-26 03:44:00,5,897.1,52.21,221.66,4654.95,Refund,Failed
T00000403,O0001093,P00484,2024-06-27 09:53:00,3,407.54,0.0,146.71,1369.33,Exchange,Refunded
T00000404,O0000906,P00529,2026-03-21 03:58:00,5,2632.47,52.5,1573.18,14683.03,Sale,Authorized
T00000405,O0000208,P00247,2024-03-09 17:56:00,3,1427.6,115.63,750.09,4917.26,Sale,Settled
T00000406,O0000639,P00487,2025-06-20 05:13:00,5,3092.57,52.2,2773.92,18184.57,Sale,Authorized
T00000407,O0000496,P00314,2024-05-24 05:53:00,3,715.07,0.0,386.14,2531.35,Exchange,Settled
T00000408,O0001152,P00429,2023-04-28 15:36:00,1,885.71,121.8,91.67,855.58,Exchange,Refunded
T00000409,O0001336,P00513,2026-03-22 11:07:00,3,2118.92,14.2,317.13,6659.69,Sale,Failed
T00000410,O0000989,P00408,2023-10-19 16:01:00,2,2971.35,84.44,292.91,6151.17,Sale,Settled
T00000411,O0000526,P00305,2024-05-02 01:58:00,3,4155.58,33.79,3481.23,15914.18,Sale,Failed
T00000412,O0000384,P00023,2026-02-23 06:36:00,2,621.95,0.0,149.27,1393.17,Sale,Captured
T00000413,O0001439,P00030,2024-07-25 16:38:00,4,3177.88,100.01,1513.38,14124.89,Refund,Failed
T00000414,O0000975,P00627,2024-02-23 05:17:00,3,2752.14,34.13,1480.01,9702.3,Sale,Failed
T00000415,O0001041,P00564,2025-06-14 11:33:00,1,446.03,21.48,76.42,500.97,Refund,Settled
T00000416,O0001192,P00184,2026-01-07 21:08:00,3,552.02,37.1,453.31,2072.27,Sale,Authorized
T00000417,O0001367,P00534,2026-02-01 14:30:00,4,1348.52,0.0,269.7,5663.78,Sale,Settled
T00000418,O0001363,P00497,2023-06-08 00:12:00,4,384.93,31.94,422.18,1929.96,Sale,Failed
T00000419,O0000857,P00057,2025-06-16 21:45:00,4,1219.37,64.73,1347.57,6160.32,Sale,Settled
T00000420,O0000665,P00482,2025-04-09 06:16:00,5,896.62,16.89,223.31,4689.52,Refund,Settled
T00000421,O0000176,P00136,2025-12-03 04:40:00,1,1187.46,0.0,142.5,1329.96,Sale,Refunded
T00000422,O0001354,P00522,2025-06-13 13:51:00,4,1779.6,0.0,1281.31,8399.71,Sale,Refunded
T00000423,O0000076,P00110,2024-09-23 02:47:00,3,713.85,66.5,581.01,2656.06,Sale,Settled
T00000424,O0001232,P00370,2024-10-11 03:24:00,4,358.44,146.81,154.43,1441.38,Sale,Captured
T00000425,O0000255,P00085,2023-06-18 23:17:00,2,2771.15,27.51,661.77,6176.56,Exchange,Settled
T00000426,O0000682,P00369,2023-11-03 17:11:00,4,1194.11,0.0,573.17,5349.61,Sale,Refunded
T00000427,O0000852,P00400,2025-01-03 18:32:00,5,721.11,0.0,432.67,4038.22,Exchange,Failed
T00000428,O0000929,P00324,2023-08-08 20:12:00,5,2636.79,0.0,3691.51,16875.46,Sale,Failed
T00000429,O0000713,P00578,2025-02-16 12:59:00,5,728.06,39.68,180.03,3780.65,Sale,Authorized
T00000430,O0000872,P00298,2023-12-30 08:17:00,4,948.1,0.0,1061.87,4854.27,Sale,Authorized
T00000431,O0000574,P00144,2026-03-07 01:37:00,1,1638.95,0.0,196.67,1835.62,Sale,Captured
T00000432,O0001344,P00099,2025-02-23 16:17:00,2,2860.78,42.7,681.46,6360.32,Refund,Settled
T00000433,O0000017,P00002,2023-06-08 19:03:00,5,473.19,24.95,421.38,2762.38,Refund,Authorized
T00000434,O0000951,P00522,2025-12-25 09:27:00,3,1779.6,24.19,956.63,6271.24,Sale,Captured
T00000435,O0001116,P00363,2024-04-28 01:47:00,3,600.7,70.1,484.96,2216.96,Exchange,Failed
T00000436,O0000699,P00617,2023-07-10 04:43:00,5,2610.78,0.0,1566.47,14620.37,Sale,Refunded
T00000437,O0001264,P00173,2023-09-19 10:29:00,2,2215.3,30.97,219.98,4619.61,Refund,Failed
T00000438,O0001497,P00191,2025-08-18 10:41:00,3,1210.77,98.86,636.02,4169.47,Sale,Settled
T00000439,O0000851,P00540,2023-11-19 12:51:00,4,1169.87,40.61,835.0,5473.87,Sale,Refunded
T00000440,O0001083,P00294,2026-03-18 00:12:00,3,823.01,44.97,121.2,2545.26,Refund,Captured
T00000441,O0001424,P00485,2023-11-13 12:19:00,3,1314.76,0.0,197.21,4141.49,Exchange,Failed
T00000442,O0001058,P00561,2026-03-11 15:02:00,1,1495.15,36.9,262.49,1720.74,Exchange,Authorized
T00000443,O0000240,P00577,2024-12-08 13:09:00,4,2755.34,76.71,1313.36,12258.01,Sale,Authorized
T00000444,O0001042,P00483,2024-01-02 04:03:00,1,696.85,0.0,83.62,780.47,Exchange,Refunded
T00000445,O0000786,P00051,2023-05-26 14:07:00,5,826.59,0.0,1157.23,5290.18,Refund,Refunded
T00000446,O0000722,P00579,2024-01-28 18:02:00,5,461.39,62.18,628.54,2873.31,Refund,Refunded
T00000447,O0000748,P00474,2023-09-06 13:01:00,4,390.17,0.0,187.28,1747.96,Sale,Settled
T00000448,O0000409,P00130,2023-11-13 08:58:00,4,528.17,0.0,380.28,2492.96,Sale,Settled
T00000449,O0001100,P00426,2025-04-23 19:54:00,4,602.86,113.55,413.62,2711.51,Sale,Authorized
T00000450,O0000028,P00113,2025-11-11 08:31:00,2,513.94,19.08,282.46,1291.26,Exchange,Captured
T00000451,O0000666,P00556,2023-10-17 06:46:00,2,7563.15,32.01,1811.31,16905.6,Sale,Authorized
T00000452,O0000946,P00552,2023-03-15 00:56:00,4,2060.17,14.46,411.31,8637.53,Exchange,Failed
T00000453,O0001024,P00623,2025-11-06 21:36:00,2,917.94,109.09,310.82,2037.61,Exchange,Failed
T00000454,O0000177,P00328,2025-10-27 15:23:00,3,1190.02,76.93,174.66,3667.79,Sale,Authorized
T00000455,O0001484,P00565,2024-07-16 08:24:00,2,690.67,13.86,246.15,1613.63,Sale,Refunded
T00000456,O0001465,P00306,2023-11-26 12:47:00,1,660.17,0.0,79.22,739.39,Refund,Failed
T00000457,O0000998,P00039,2024-12-09 09:50:00,1,698.34,0.0,34.92,733.26,Refund,Refunded
T00000458,O0001094,P00160,2025-05-06 23:38:00,4,,73.54,1765.73,11575.35,Sale,Settled
T00000459,O0000796,P00011,2023-06-23 23:55:00,5,963.46,22.57,239.74,5034.47,Sale,Authorized
T00000460,O0000883,P00312,2024-10-20 07:12:00,2,519.0,73.75,269.99,1234.24,Exchange,Captured
T00000461,O0001186,P00097,2025-03-19 17:27:00,5,1947.59,0.0,1752.83,11490.78,Exchange,Failed
T00000462,O0000348,P00177,2024-11-23 10:33:00,1,2743.67,126.78,314.03,2930.92,Sale,Refunded
T00000463,O0001131,P00472,2023-07-18 23:54:00,3,1853.51,0.0,1000.9,6561.43,Sale,Settled
T00000464,O0000492,P00088,2025-07-16 14:32:00,5,350.14,0.0,210.08,1960.78,Sale,Captured
T00000465,O0001141,P00092,2025-07-14 21:06:00,4,316.65,0.0,354.65,1621.25,Sale,Failed
T00000466,O0001021,P00319,2025-10-25 08:40:00,3,1114.92,0.0,167.24,3512.0,Sale,Authorized
T00000467,O0001408,P00173,2023-01-17 02:05:00,1,2215.3,54.44,388.95,2549.81,Exchange,Captured
T00000468,O0001144,P00080,2024-06-29 09:15:00,5,1101.88,99.2,649.22,6059.42,Sale,Failed
T00000469,O0000636,P00437,2024-02-27 12:21:00,5,487.39,0.0,292.43,2729.38,Sale,Refunded
T00000470,O0001409,P00122,2025-11-12 07:14:00,5,1024.21,83.17,251.89,5289.77,Refund,Settled
T00000471,O0001096,P00595,2025-04-22 21:39:00,4,592.43,0.0,663.52,3033.24,Exchange,Captured
T00000472,O0000928,P00028,2024-12-28 14:58:00,5,849.75,29.9,1181.28,5400.13,Refund,Settled
T00000473,O0001360,P00328,2024-03-14 22:42:00,5,1190.02,24.76,1659.1,7584.44,Refund,Settled
T00000474,O0001075,P00137,2024-04-03 18:15:00,2,600.38,0.0,144.09,1344.85,Sale,Failed
T00000475,O0000692,P00460,2024-06-19 12:00:00,1,3228.86,98.93,563.39,3693.32,Refund,Captured
T00000476,O0000007,P00341,2025-11-06 16:56:00,5,1745.54,79.53,1037.78,9685.95,Sale,Refunded
T00000477,O0001024,P00408,2025-10-17 21:02:00,5,2971.35,0.0,1782.81,16639.56,Exchange,Authorized
T00000478,O0001357,P00086,2023-06-11 18:52:00,3,823.97,0.0,444.94,2916.85,Exchange,Settled
T00000479,O0000255,P00115,2026-04-14 12:15:00,4,1928.25,0.0,1388.34,9101.34,Sale,Refunded
T00000480,O0000290,P00647,2023-12-02 17:42:00,4,4699.55,0.0,5263.5,24061.7,Sale,Authorized
T00000481,O9999999,P00460,2023-09-01 14:07:00,1,3228.86,111.97,872.73,3989.62,Exchange,Refunded
T00000482,O0000976,P00081,2023-11-03 05:05:00,5,725.47,71.69,177.78,3733.44,Refund,Authorized
T00000483,O0000640,P00395,2024-08-27 02:30:00,1,3081.54,44.24,364.48,3401.78,Refund,Settled
T00000484,O0000376,P00254,2025-04-29 09:47:00,2,1966.76,0.0,196.68,4130.2,Sale,Authorized
T00000485,O0000477,P00525,2023-04-22 14:59:00,4,869.63,44.98,171.68,3605.22,Sale,Authorized
T00000486,O0000847,P00375,2025-06-10 19:27:00,2,663.73,12.99,368.05,1682.52,Refund,Refunded
T00000487,O0000426,P00272,2026-01-26 13:17:00,1,1386.16,0.0,249.51,1635.67,Sale,Settled
T00000488,O0001370,P00272,2023-03-22 12:13:00,2,1386.16,94.27,482.05,3160.1,Refund,Settled
T00000489,O0000297,P00467,2023-12-21 13:49:00,1,1637.97,0.0,81.9,1719.87,Sale,Refunded
T00000490,O0000053,P00625,2025-01-12 01:59:00,5,1540.2,65.82,381.76,8016.94,Sale,Refunded
T00000491,O0001350,P00250,2026-02-05 13:23:00,4,430.86,74.84,197.83,1846.43,Exchange,Captured
T00000492,O0000222,P00144,2025-05-25 05:55:00,5,1638.95,71.19,406.18,8529.74,Exchange,Captured
T00000493,O0001012,P00585,2023-01-17 15:39:00,1,2788.16,15.56,776.33,3548.93,Sale,Captured
T00000494,O0000669,P00579,2025-02-03 07:22:00,1,461.39,0.0,23.07,484.46,Refund,Captured
T00000495,O0001430,P00649,2026-03-22 08:06:00,1,6279.48,107.22,308.61,6480.87,Refund,Refunded
T00000496,O0001103,P00178,2026-01-26 05:52:00,1,354.38,0.0,99.23,,Exchange,Failed
T00000497,O0001316,P00292,2024-03-21 04:08:00,4,335.25,0.0,160.92,1501.92,Exchange,Captured
T00000498,O0000325,P99999,2026-01-13 08:30:00,3,878.16,0.0,737.65,3372.13,Sale,Authorized
T00000499,O0000560,P00276,2025-03-02 22:20:00,-1,965.7,27.16,-1.36,-28.52,Sale,Captured
T00000500,O0001358,P00551,2024-10-15 00:48:00,2,3149.21,0.0,1133.72,7432.14,Sale,Settled
T00000501,O0000248,P00330,2023-01-02 03:45:00,4,2473.61,23.09,1776.84,11648.19,Sale,Failed
T00000502,O0001255,P00293,2026-04-11 04:27:00,5,1022.92,0.0,920.63,6035.23,Sale,Authorized
T00000503,O0000274,P00053,2025-10-25 00:38:00,5,660.72,33.78,915.55,4185.37,Sale,Refunded
T00000504,O0001283,P00118,2024-02-05 20:22:00,1,343.36,109.34,28.08,262.1,Sale,Captured
T00000505,O0000268,P00602,2023-12-10 05:30:00,5,371.55,0.0,92.89,1950.64,Sale,Failed
T00000506,O0001050,P00539,2024-03-09 05:27:00,2,731.66,59.57,252.68,1656.43,Sale,Authorized
T00000507,O0000959,P00485,2025-10-01 03:50:00,1,1314.76,31.8,64.15,1347.11,Sale,Settled
T00000508,O0001152,P00600,2026-01-13 10:07:00,3,683.35,0.0,102.5,2152.55,Exchange,Failed
T00000509,O0000045,P00587,2026-03-29 08:58:00,5,661.65,36.67,588.88,3860.46,Exchange,Authorized
T00000510,O0001026,P00501,2023-08-05 04:20:00,2,791.16,63.29,75.95,1594.98,Sale,Settled
T00000511,O0001156,P00453,2024-11-17 09:42:00,5,500.8,28.22,123.79,2599.57,Exchange,Settled
T00000512,O0001219,P00332,2023-04-16 01:29:00,4,426.36,40.1,466.3,2131.64,Sale,Captured
T00000513,O0000457,P00358,2024-02-18 08:00:00,5,584.18,107.51,337.61,3151.0,Sale,Refunded
T00000514,O0001323,P00445,2024-03-29 17:29:00,4,450.95,0.0,324.68,2128.48,Sale,Authorized
T00000515,O0001069,P00513,2023-10-30 23:45:00,5,2118.92,37.84,527.84,11084.6,Refund,Captured
T00000516,O0000867,P00313,not_a_date,5,1062.9,0.0,1488.06,6802.56,Sale,Authorized
T00000517,O0000840,P00254,2023-11-22 12:22:00,5,1966.76,0.0,1180.06,11013.86,Sale,Authorized
T00000518,O0001345,P00514,2024-10-29 02:28:00,1,3350.99,25.01,598.68,3924.66,Refund,Refunded
T00000519,O0001314,P00219,2023-02-28 09:39:00,3,3508.8,56.74,1256.36,11726.02,Sale,Authorized
T00000520,O0000668,P00411,2024-01-21 06:05:00,5,521.91,51.79,306.93,2864.69,Refund,Failed
T00000521,O0001434,P00244,2025-05-31 08:01:00,1,1621.78,0.0,81.09,1702.87,Sale,Refunded
T00000522,O0000757,P00101,2026-01-11 12:21:00,1,4112.23,0.0,205.61,4317.84,Sale,Settled
T00000523,O0000386,P00088,2024-11-11 08:56:00,5,350.14,123.08,455.73,2083.35,Exchange,Authorized
T00000524,O0000841,P00530,2024-05-03 05:03:00,5,2887.29,0.0,4042.21,18478.66,Sale,Authorized
T00000525,O0000248,P00476,2025-12-23 17:07:00,4,292.44,50.46,201.47,1320.77,Sale,Captured
T00000526,O0000202,P00372,2024-09-29 04:16:00,1,2634.78,37.44,467.52,3064.86,Sale,Authorized
T00000527,O0000285,P00354,2024-01-12 10:16:00,5,956.04,20.39,237.99,4997.8,Refund,Refunded
T00000528,O0000180,P00610,2023-05-17 21:45:00,4,296.27,67.69,55.87,1173.26,Sale,Settled
T00000529,O0000638,P00586,2023-08-13 13:22:00,4,556.56,106.77,254.34,2373.81,Sale,Refunded
T00000530,O0001379,P00050,2024-12-31 22:09:00,4,1341.81,31.08,1494.12,6830.28,Sale,Authorized
T00000531,O0000985,P00604,2026-02-15 02:06:00,5,2055.68,35.53,1843.72,12086.59,Refund,Failed
T00000532,O0000671,P00044,2026-03-10 04:09:00,5,574.14,27.44,142.16,2985.42,Sale,Captured
T00000533,O0000469,P00367,2023-12-22 13:21:00,2,699.03,0.0,391.46,1789.52,Sale,Failed
T00000534,O0000533,P00140,2024-03-13 06:41:00,4,888.73,0.0,426.59,3981.51,Sale,Authorized
T00000535,O0001401,P00229,2024-09-24 00:49:00,1,429.68,122.29,86.07,393.46,Sale,Captured
T00000536,O0000697,P00414,2023-12-30 23:35:00,3,722.08,0.0,606.55,2772.79,Exchange,Settled
T00000537,O0000485,P00244,2025-04-29 08:23:00,4,1621.78,0.0,778.45,7265.57,Refund,Captured
T00000538,O0000097,P00213,2025-08-13 00:06:00,2,692.82,31.45,67.71,1421.9,Sale,Settled
T00000539,O0001379,P00090,2023-08-01 17:34:00,2,1526.39,86.77,355.92,3321.93,Sale,Authorized
T00000540,O0001215,P00312,2025-08-27 13:47:00,3,519.0,63.14,268.89,1762.75,Sale,Settled
T00000541,O0000212,P00105,2025-01-21 22:30:00,4,1116.4,0.0,803.81,5269.41,Refund,Settled
T00000542,O0001268,P00177,2024-08-22 05:08:00,2,2743.67,0.0,658.48,6145.82,Refund,Settled
T00000543,O0001496,P00198,2023-11-24 02:04:00,3,797.61,109.93,639.21,2922.11,Sale,Failed
T00000544,O0001261,P00593,2024-06-09 04:03:00,2,770.03,32.8,422.03,1929.29,Sale,Failed
T00000545,O0000503,P00077,2024-06-21 12:02:00,1,950.68,68.42,44.11,926.37,Sale,Settled
T00000546,O0000856,P00548,2024-03-07 15:43:00,4,1170.16,0.0,842.52,5523.16,Exchange,Captured
T00000547,O0001230,P00009,2025-12-18 17:34:00,2,1116.34,0.0,401.88,2634.56,Refund,Refunded
T00000548,O0000731,P00474,2023-12-03 17:36:00,4,390.17,0.0,280.92,1841.6,Sale,Settled
T00000549,O0000929,P00268,2025-04-11 01:46:00,5,1310.72,136.71,320.84,6737.73,Sale,Refunded
T00000550,O0001317,P00273,2024-09-10 17:19:00,3,2698.11,78.96,2244.3,10259.67,Exchange,Settled
T00000551,O0001433,P00269,2024-06-09 04:24:00,2,373.57,0.0,37.36,784.5,Exchange,Authorized
T00000552,O0000266,P00452,2024-03-09 23:38:00,4,2497.94,67.24,1190.94,11115.46,Sale,Settled
T00000553,O0000426,P00453,2025-06-22 20:55:00,2,500.8,0.0,280.45,1282.05,Refund,Refunded
T00000554,O0001254,P00219,2024-12-04 06:36:00,3,3508.8,16.52,2942.77,13452.65,Exchange,Captured
T00000555,O0001401,P00578,2023-01-27 14:15:00,1,728.06,53.31,121.45,796.2,Sale,Settled
T00000556,O0001044,P00122,2025-08-01 16:21:00,3,1024.21,0.0,368.72,3441.35,Sale,Failed
T00000557,O0000805,P00166,2024-09-16 08:55:00,4,5253.6,0.0,1050.72,22065.12,Sale,Settled
T00000558,O0000417,P00036,2026-01-19 08:20:00,1,,31.24,935.79,8734.0,Sale,Captured
T00000559,O0001407,P00534,2023-04-20 11:56:00,5,1348.52,0.0,809.11,7551.71,Exchange,Captured
T00000560,O0000312,P00190,2023-05-22 15:27:00,2,466.67,0.0,168.0,1101.34,Refund,Refunded
T00000561,O0001132,P00169,2023-01-15 19:42:00,4,3192.33,19.74,637.48,13387.06,Sale,Refunded
T00000562,O0001364,P00613,2024-03-21 11:21:00,3,991.92,46.14,146.48,3076.1,Sale,Settled
T00000563,O0001493,P00265,2025-08-31 20:21:00,4,1026.13,0.0,1149.27,5253.79,Sale,Settled
T00000564,O0000152,P00635,2024-01-05 00:56:00,3,722.72,0.0,607.08,2775.24,Sale,Authorized
T00000565,O0001329,P00565,2025-03-04 19:18:00,3,690.67,0.0,248.64,2320.65,Sale,Failed
T00000566,O0001148,P00515,2025-12-25 20:35:00,3,963.16,34.97,342.54,3197.05,Exchange,Refunded
T00000567,O0000820,P00648,2024-08-06 09:46:00,3,897.1,51.0,475.25,3115.55,Refund,Authorized
T00000568,O0000196,P00443,2025-10-14 08:45:00,2,419.5,0.0,100.68,939.68,Sale,Authorized
T00000569,O0000010,P00454,2025-08-28 23:35:00,5,1848.03,0.0,2587.24,11827.39,Exchange,Settled
T00000570,O0001224,P00026,2026-02-12 14:33:00,3,1193.76,0.0,644.63,4225.91,Sale,Failed
T00000571,O0001393,P00525,2023-06-08 10:44:00,5,869.63,107.64,763.29,5003.8,Sale,Refunded
T00000572,O0000935,P00648,2023-01-29 09:44:00,5,897.1,0.0,807.39,5292.89,Sale,Refunded
T00000573,O0000635,P00483,2025-10-23 09:08:00,5,696.85,0.0,418.11,3902.36,Refund,Settled
T00000574,O0000911,P00287,2025-05-08 06:43:00,4,1028.88,146.28,714.46,4683.7,Sale,Authorized
T00000575,O0001061,P00378,2023-08-29 13:33:00,5,1141.71,0.0,1598.39,7306.94,Refund,Captured
T00000576,O0000355,P00333,2026-02-14 16:12:00,1,1608.04,58.19,185.98,1735.83,Sale,Settled
T00000577,O0000265,P00047,2026-02-21 02:20:00,1,428.55,80.55,62.64,410.64,Exchange,Settled
T00000578,O9999999,P00058,2024-06-21 15:47:00,2,484.62,0.0,116.31,1085.55,Sale,Refunded
T00000579,O0000744,P00460,2024-11-06 08:11:00,3,3228.86,29.85,1158.81,10815.54,Sale,Failed
T00000580,O0000653,P00300,2025-09-17 22:11:00,4,1156.14,56.29,228.41,4796.68,Sale,Authorized
T00000581,O0000897,P00027,2024-07-20 11:14:00,5,576.74,55.56,509.07,3337.21,Sale,Refunded
T00000582,O0000042,P00206,2023-10-11 17:19:00,5,1195.08,0.0,298.77,6274.17,Exchange,Captured
T00000583,O0000776,P00566,2025-07-26 19:03:00,3,7675.14,0.0,4144.58,27170.0,Sale,Failed
T00000584,O0001307,P00019,2024-05-25 21:33:00,4,824.63,63.51,388.2,3623.21,Sale,Refunded
T00000585,O0001307,P00494,2024-02-19 00:39:00,5,1420.26,0.0,1278.23,8379.53,Sale,Refunded
T00000586,O0000043,P00210,2023-11-03 07:10:00,3,1362.99,71.71,482.07,4499.33,Sale,Authorized
T00000587,O0000119,P00529,2026-01-17 18:41:00,2,2632.47,87.56,931.93,6109.31,Sale,Captured
T00000588,O0000362,P00515,2026-04-10 18:28:00,3,963.16,148.65,137.04,2877.87,Exchange,Failed
T00000589,O0000228,P00246,2023-06-15 08:22:00,2,360.55,119.29,72.22,674.03,Sale,Captured
T00000590,O0000541,P00529,2024-06-23 08:10:00,5,2632.47,83.86,3661.98,16740.47,Refund,Captured
T00000591,O0001055,P00374,2024-03-31 04:46:00,1,785.35,147.83,114.75,752.27,Sale,Failed
T00000592,O0001128,P00253,2025-02-20 15:48:00,1,964.69,24.69,263.2,1203.2,Refund,Failed
T00000593,O0000650,P00480,2025-10-18 18:02:00,2,325.93,0.0,78.22,730.08,Exchange,Settled
T00000594,O0000895,P00609,2023-12-12 14:47:00,3,543.13,22.0,80.37,1687.76,Sale,Failed
T00000595,O0000574,P00554,2023-11-24 08:42:00,1,1384.74,111.37,152.8,1426.17,Refund,Captured
T00000596,O0000112,P00081,2023-05-11 03:28:00,4,725.47,99.77,140.11,2942.22,Refund,Failed
T00000597,O0000755,P00115,2024-06-17 22:38:00,1,1928.25,30.39,341.61,2239.47,Sale,Failed
T00000598,O0001000,P00643,2024-04-26 00:51:00,4,1827.15,123.85,359.24,7543.99,Sale,Captured
T00000599,O0000020,P00574,2023-09-04 10:45:00,2,1184.21,0.0,663.16,3031.58,Sale,Refunded
T00000600,O0000471,P00522,2024-05-25 14:47:00,1,1779.6,0.0,88.98,1868.58,Sale,Authorized
T00000601,O0001055,P00642,2026-03-03 18:29:00,5,263.5,52.06,227.78,1493.22,Sale,Failed
T00000602,O0000294,P00535,2024-03-07 18:06:00,2,982.51,87.21,525.79,2403.6,Refund,Failed
T00000603,O0000083,P00228,2026-01-21 12:30:00,5,1471.82,26.97,1319.78,8651.91,Exchange,Failed
T00000604,O0000559,P00281,2023-08-05 10:16:00,5,256.4,42.55,61.97,1301.42,Sale,Settled
T00000605,O0000210,P00517,2023-12-26 07:01:00,1,720.85,0.0,129.75,850.6,Sale,Failed
T00000606,O0000325,P00118,2024-05-09 02:55:00,3,343.36,0.0,123.61,1153.69,Refund,Failed
T00000607,O0000325,P00428,2023-09-28 14:28:00,4,1494.47,0.0,1673.81,7651.69,Sale,Failed
T00000608,O0000617,P00404,2025-02-19 17:14:00,3,1478.94,19.66,220.86,4638.02,Exchange,Refunded
T00000609,O0000595,P00411,2025-09-10 06:24:00,2,521.91,29.67,283.96,1298.11,Exchange,Authorized
T00000610,O0000132,P00088,2026-01-11 07:56:00,1,350.14,33.74,88.59,404.99,Sale,Failed
T00000611,O0000145,P00601,2024-01-16 10:03:00,5,922.2,41.07,548.39,5118.32,Exchange,Captured
T00000612,O0000529,P00299,2024-08-02 15:10:00,3,5385.02,63.75,2896.44,18987.75,Sale,Settled
T00000613,O0001387,P00471,2026-02-16 12:28:00,1,974.06,0.0,272.74,1246.8,Sale,Failed
T00000614,O0001248,P00545,2024-10-11 23:38:00,2,3192.33,14.64,764.4,7134.42,Sale,Refunded
T00000615,O0001012,P00578,2023-12-27 02:10:00,1,728.06,0.0,36.4,764.46,Exchange,Authorized
T00000616,O0000069,P00178,2024-02-14 06:20:00,4,354.38,61.85,67.78,1423.45,Sale,Settled
T00000617,O0001109,P00189,2024-12-27 22:08:00,5,707.89,104.59,412.18,3847.04,Exchange,Authorized
T00000618,O0001331,P00121,2025-06-01 21:29:00,2,1215.4,44.87,668.06,3053.99,Refund,Captured
T00000619,O0001260,P00625,2025-09-24 13:56:00,2,1540.2,21.26,367.1,3426.24,Exchange,Authorized
T00000620,O0001461,P00610,2026-02-13 09:52:00,4,,67.91,55.86,1173.03,Sale,Refunded
T00000621,O0001051,P00345,2026-01-10 09:48:00,1,2652.43,0.0,742.68,3395.11,Sale,Settled
T00000622,O0000097,P00473,2023-12-04 04:55:00,3,970.14,47.64,801.58,3664.36,Sale,Authorized
T00000623,O0001264,P00255,2023-12-12 11:17:00,1,638.45,68.47,159.59,729.57,Sale,Settled
T00000624,O0000028,P00464,2025-08-19 14:09:00,5,1175.56,0.0,1645.78,7523.58,Exchange,Captured
T00000625,O0000655,P00083,2025-04-08 15:39:00,4,1083.18,0.0,519.93,4852.65,Sale,Failed
T00000626,O0000348,P00633,2025-03-30 02:18:00,1,992.11,0.0,119.05,1111.16,Sale,Captured
T00000627,O0001253,P00371,2026-02-21 09:04:00,4,724.58,99.66,503.76,3302.42,Sale,Refunded
T00000628,O0000823,P00035,2023-05-12 02:42:00,2,742.31,36.71,260.62,1708.53,Exchange,Failed
T00000629,O0001107,P00048,2023-01-13 21:50:00,3,3206.16,36.59,2682.93,12264.82,Sale,Failed
T00000630,O0000897,P00165,2026-01-13 21:52:00,4,1160.48,0.0,232.1,4874.02,Sale,Settled
T00000631,O0000814,P00107,2025-01-07 10:32:00,2,656.25,0.0,367.5,1680.0,Exchange,Failed
T00000632,O0000167,P00437,2023-06-09 03:36:00,4,487.39,0.0,350.92,2300.48,Refund,Settled
T00000633,O0000398,P00186,2024-08-23 10:29:00,1,833.04,37.35,143.22,938.91,Sale,Failed
T00000634,O0000701,P00348,2025-04-28 09:48:00,5,1248.15,51.81,1114.01,7302.95,Refund,Settled
T00000635,O0000146,P00330,2024-12-06 12:10:00,4,2473.61,23.85,493.53,10364.12,Exchange,Authorized
T00000636,O0000258,P00462,2025-03-26 07:52:00,5,942.97,0.0,848.67,5563.52,Refund,Authorized
T00000637,O0001300,P00317,2024-11-16 10:44:00,5,1430.04,66.07,1983.56,9067.69,Sale,Captured
T00000638,O0000510,P00159,2025-10-24 20:11:00,3,1994.44,41.23,713.05,6655.14,Refund,Failed
T00000639,O0001251,P00460,2023-01-01 01:01:00,1,3228.86,0.0,161.44,3390.3,Refund,Authorized
T00000640,O0001470,P00524,2025-03-12 04:31:00,4,2658.53,0.0,531.71,11165.83,Sale,Refunded
T00000641,O0000332,P00363,2025-01-10 06:23:00,1,600.7,0.0,30.04,630.74,Sale,Failed
T00000642,O0000810,P00404,2024-03-11 16:01:00,1,1478.94,0.0,177.47,1656.41,Refund,Authorized
T00000643,O0000602,P00316,2024-06-27 18:07:00,4,3092.88,0.0,3464.03,15835.55,Sale,Authorized
T00000644,O0000456,P00119,2025-02-11 05:06:00,3,331.19,0.0,278.2,1271.77,Sale,Failed
T00000645,O0000778,P00287,2024-01-24 19:45:00,5,1028.88,29.87,613.74,5728.27,Sale,Failed
T00000646,O0001077,P00297,2025-01-06 11:58:00,5,703.12,148.52,404.05,3771.13,Sale,Authorized
T00000647,O0001161,P00083,2023-09-22 10:12:00,3,1083.18,60.74,573.98,3762.78,Sale,Authorized
T00000648,O0000557,P00583,2024-06-08 11:43:00,4,716.61,146.31,489.62,,Sale,Authorized
T00000649,O0000420,P00517,2024-05-20 23:40:00,5,720.85,0.0,180.21,3784.46,Sale,Captured
T00000650,O0000013,P00035,2023-10-23 02:02:00,3,742.31,27.72,395.86,2595.07,Sale,Settled
T00000651,O0000679,P00444,2024-10-21 08:18:00,5,2184.05,0.0,546.01,11466.26,Refund,Failed
T00000652,O0001270,P00222,2025-02-17 08:43:00,4,1030.52,53.3,203.44,4272.22,Sale,Refunded
T00000653,O0001493,P00193,2023-06-19 14:56:00,5,1853.42,58.35,1657.58,10866.33,Refund,Authorized
T00000654,O0001429,P00008,2025-01-11 10:13:00,4,300.57,34.38,140.15,1308.05,Sale,Refunded
T00000655,O0000809,P00166,2024-09-14 16:13:00,2,5253.6,34.3,1256.75,11729.65,Sale,Captured
T00000656,O0000842,P00263,2025-12-21 01:50:00,4,1999.28,144.91,942.27,8794.48,Sale,Refunded
T00000657,O0000435,P00599,2023-02-10 08:48:00,4,657.29,0.0,131.46,2760.62,Sale,Refunded
T00000658,O0001204,P00248,2023-04-23 23:33:00,3,1113.01,66.94,163.6,3435.69,Sale,Refunded
T00000659,O0001374,P00311,2025-03-10 16:22:00,2,775.66,0.0,434.37,1985.69,Sale,Settled
T00000660,O0001013,P00506,2023-09-25 22:26:00,3,2232.8,35.51,1199.32,7862.21,Sale,Captured
T00000661,O0001256,P00364,2026-01-26 14:04:00,2,2420.65,60.23,860.59,5641.66,Sale,Settled
T00000662,O0001276,P00226,2025-11-25 12:45:00,1,1204.05,0.0,144.49,1348.54,Sale,Failed
T00000663,O0000447,P00479,2024-03-21 01:55:00,2,2517.76,37.07,1399.57,6398.02,Exchange,Settled
T00000664,O0000883,P00365,2024-12-08 21:40:00,3,1475.48,97.12,216.47,4545.79,Sale,Captured
T00000665,O0000657,P00541,2023-09-17 18:33:00,1,320.93,95.53,40.57,265.97,Refund,Authorized
T00000666,O0000049,P00325,2025-01-15 03:02:00,4,390.36,63.54,269.62,1767.52,Exchange,Authorized
T00000667,O0001241,P00391,2023-05-12 15:04:00,1,926.58,51.39,43.76,918.95,Refund,Authorized
T00000668,O0000850,P00520,2024-06-18 05:03:00,2,325.81,0.0,78.19,729.81,Sale,Authorized
T00000669,O0000987,P00428,2025-04-10 17:50:00,5,1494.47,0.0,896.68,8369.03,Sale,Failed
T00000670,O0001419,P00135,2024-05-19 04:21:00,2,625.43,45.4,337.53,1542.99,Sale,Captured
T00000671,O0000416,P00307,2024-10-26 13:45:00,5,464.47,132.34,109.5,2299.51,Sale,Failed
T00000672,O0000118,P00287,2025-12-11 22:24:00,4,1028.88,56.67,202.94,4261.79,Sale,Refunded
T00000673,O0000429,P00359,2024-01-24 03:35:00,1,2650.85,0.0,477.15,,Sale,Failed
T00000674,O9999999,P00512,2024-12-01 08:44:00,2,2244.56,0.0,224.46,4713.58,Refund,Authorized
T00000675,O0000788,P00134,2024-01-24 02:18:00,5,1268.73,26.21,315.87,6633.31,Exchange,Settled
T00000676,O0000960,P00137,2024-12-11 21:33:00,1,600.38,31.61,102.38,671.15,Sale,Captured
T00000677,O0000776,P00006,2025-09-20 04:21:00,2,1321.73,0.0,740.17,3383.63,Sale,Settled
T00000678,O9999999,P00603,2023-05-14 23:53:00,1,684.45,19.93,79.74,744.26,Sale,Failed
T00000679,O0000410,P00502,2024-11-10 14:56:00,1,826.7,76.41,90.03,840.32,Sale,Failed
T00000680,O0001410,P00265,2025-12-01 19:32:00,5,1026.13,0.0,1436.58,6567.23,Sale,Captured
T00000681,O0000453,P99999,2024-06-19 20:25:00,1,2652.43,0.0,742.68,3395.11,Sale,Failed
T00000682,O0000977,P00010,2024-11-17 04:10:00,3,388.06,34.49,316.31,1446.0,Sale,Authorized
T00000683,O0001299,P00154,2024-01-20 07:43:00,2,1314.69,0.0,131.47,2760.85,Sale,Settled
T00000684,O0000736,P00034,2024-05-06 17:12:00,1,1062.85,0.0,297.6,1360.45,Sale,Failed
T00000685,O0001497,P00638,2023-08-22 07:45:00,3,5461.97,53.85,2939.77,19271.83,Sale,Captured
T00000686,O0001020,P00510,2026-01-14 06:05:00,2,408.47,0.0,98.03,914.97,Sale,Failed
T00000687,O0000500,P00307,2023-07-19 10:16:00,2,464.47,53.47,43.77,919.24,Exchange,Failed
T00000688,O0001388,P00266,2023-03-06 13:23:00,5,2371.52,107.4,2115.04,13865.24,Sale,Captured
T00000689,O0001402,P00281,2024-12-14 03:12:00,5,256.4,21.41,151.27,1411.86,Sale,Refunded
T00000690,O0001231,P00334,2023-11-14 22:56:00,4,3441.41,0.0,1651.88,15417.52,Sale,Failed
T00000691,O0000875,P00459,2023-06-21 05:17:00,4,1275.1,86.4,1403.92,6417.92,Sale,Settled
T00000692,O0001188,P00394,2025-01-31 21:10:00,5,8520.28,70.47,5103.71,47634.64,Exchange,Captured
T00000693,O0000694,P00164,2025-03-11 22:42:00,5,780.65,0.0,195.16,4098.41,Sale,Failed
T00000694,O0001077,P00462,2023-07-18 12:39:00,2,942.97,14.08,93.59,1965.45,Sale,Failed
T00000695,O0001371,P00085,2024-12-03 07:46:00,5,2771.15,29.66,691.3,14517.39,Sale,Settled
T00000696,O0000133,P00597,2023-09-06 03:58:00,5,703.13,104.07,614.08,4025.66,Sale,Captured
T00000697,O0000608,P00367,2025-10-23 18:41:00,1,699.03,66.64,113.83,746.22,Exchange,Authorized
T00000698,O0000928,P00283,2023-03-17 00:19:00,2,2334.85,53.33,230.82,4847.19,Refund,Authorized
T00000699,O0000309,P00556,2024-01-01 12:49:00,3,7563.15,80.22,6330.58,,Exchange,Authorized
T00000700,O0000906,P00055,2025-07-08 19:01:00,3,1741.58,62.93,929.13,6090.94,Refund,Settled
T00000701,O0000326,P00228,2025-03-26 19:42:00,3,1471.82,39.0,1225.41,5601.87,Exchange,Settled
T00000702,O0000305,P00244,2025-10-20 01:45:00,3,1621.78,0.0,583.84,5449.18,Sale,Failed
T00000703,O0000430,P00391,2023-04-29 22:20:00,1,926.58,145.37,218.74,999.95,Exchange,Refunded
T00000704,O0000620,P00516,2024-06-06 13:07:00,4,925.39,97.58,1009.11,4613.09,Sale,Refunded
T00000705,O0000830,P00046,2025-07-19 14:33:00,1,1515.56,25.08,417.33,1907.81,Exchange,Failed
T00000706,O0001256,P00215,2023-09-15 12:46:00,1,540.91,35.8,60.61,565.72,Refund,Authorized
T00000707,O0001316,P00293,2025-03-15 17:12:00,2,1022.92,144.63,228.15,2129.36,Refund,Authorized
T00000708,O0000660,P00552,2023-10-28 01:16:00,5,2060.17,0.0,515.04,10815.89,Sale,Failed
T00000709,O0000430,P00401,2024-03-03 19:09:00,2,711.86,58.37,68.27,1433.62,Sale,Authorized
T00000710,O0000375,P00100,2023-03-04 09:41:00,1,1098.48,62.48,124.32,1160.32,Sale,Failed
T00000711,O0000190,P00179,2025-10-09 20:30:00,2,,94.74,827.1,7719.56,Sale,Refunded
T00000712,O0001272,P00133,2025-06-28 00:47:00,5,787.31,0.0,472.39,4408.94,Sale,Refunded
T00000713,O0001483,P00484,2024-04-07 19:09:00,3,407.54,0.0,61.13,1283.75,Exchange,Failed
T00000714,O0001119,P00152,2023-02-09 22:43:00,4,1562.51,0.0,312.5,6562.54,Sale,Failed
T00000715,O0000407,P00415,2023-06-06 19:18:00,1,757.43,0.0,212.08,969.51,Sale,Refunded
T00000716,O0000154,P00012,2026-03-30 05:10:00,4,3578.69,55.12,1711.16,15970.8,Exchange,Refunded
T00000717,O0001462,P00536,2023-03-21 21:35:00,5,909.18,48.54,224.87,4722.23,Sale,Failed
T00000718,O0000291,P00510,2023-07-05 19:56:00,3,,25.47,60.0,1259.94,Exchange,Captured
T00000719,O0000513,P00156,2023-07-08 15:32:00,3,637.81,0.0,344.42,2257.85,Sale,Captured
T00000720,O0001373,P00195,2023-07-11 00:18:00,1,1391.59,0.0,69.58,1461.17,Exchange,Captured
T00000721,O0000636,P00093,2023-10-23 11:02:00,1,833.2,65.25,138.23,906.18,Sale,Failed
T00000722,O0001148,P00301,2025-06-03 21:58:00,3,747.57,48.43,614.4,2808.68,Refund,Refunded
T00000723,O0000855,P00129,2026-01-23 20:05:00,1,1764.17,108.67,297.99,1953.49,Sale,Authorized
T00000724,O0001490,P00154,2025-03-03 11:06:00,3,1314.69,50.92,194.66,4087.81,Sale,Authorized
T00000725,O0001035,P00527,2023-02-20 11:17:00,1,1130.24,0.0,316.47,1446.71,Exchange,Settled
T00000726,O0000685,P00090,2023-04-12 09:30:00,4,1526.39,0.0,732.67,6838.23,Refund,Refunded
T00000727,O0000260,P00396,2024-08-28 03:14:00,2,2086.55,124.84,728.69,4776.95,Sale,Captured
T00000728,O0000442,P00492,2024-10-12 17:08:00,4,1244.51,0.0,597.36,5575.4,Refund,Captured
T00000729,O0000758,P00485,2023-12-09 16:25:00,1,1314.76,137.47,141.27,1318.56,Sale,Captured
T00000730,O0001461,P00312,2024-09-21 11:42:00,5,519.0,93.93,300.13,2801.2,Sale,Captured
T00000731,O0000558,P00017,2026-01-26 02:32:00,2,996.95,0.0,358.9,,Sale,Settled
T00000732,O0000257,P00617,2024-07-19 19:04:00,2,2610.78,103.54,255.9,5373.92,Sale,Failed
T00000733,O0000138,P00181,2024-11-19 12:49:00,5,2233.41,77.28,1996.16,,Sale,Captured
T00000734,O0000767,P00195,2025-07-10 19:23:00,5,1391.59,99.59,823.0,7681.36,Sale,Failed
T00000735,O0001400,P00379,not_a_date,5,879.24,15.33,525.7,4906.57,Exchange,Captured
T00000736,O0000911,P00078,2023-08-13 14:51:00,4,1094.96,0.0,525.58,4905.42,Refund,Captured
T00000737,O0000454,P00247,2023-07-28 15:20:00,5,1427.6,142.67,839.44,7834.77,Refund,Authorized
T00000738,O0000325,P00262,2023-10-03 10:36:00,1,2361.96,87.81,113.71,2387.86,Exchange,Authorized
T00000739,O0001309,P00047,2023-01-27 21:33:00,2,428.55,36.33,147.74,968.51,Exchange,Settled
T00000740,O0000710,P00084,2025-06-07 09:11:00,5,3481.12,0.0,2088.67,19494.27,Exchange,Refunded
T00000741,O0000477,P00286,2025-09-20 20:39:00,3,620.78,81.86,213.66,1994.14,Sale,Refunded
T00000742,O0000012,P00355,2025-08-10 00:50:00,3,2166.1,147.51,1143.14,7493.93,Sale,Authorized
T00000743,O0000558,P00569,2025-03-07 16:30:00,1,1806.43,53.12,210.4,1963.71,Sale,Authorized
T00000744,O0000024,P00147,2023-01-16 07:38:00,5,856.3,0.0,214.07,4495.57,Refund,Settled
T00000745,O0001101,P00448,2025-11-02 09:47:00,2,525.43,35.16,182.83,1198.53,Sale,Captured
T00000746,O0001299,P00491,2024-04-14 17:09:00,3,1134.64,0.0,408.47,3812.39,Refund,Authorized
T00000747,O0000175,P00596,2025-10-01 07:50:00,3,1376.2,67.83,203.04,4263.81,Sale,Failed
T00000748,O0000292,P00547,2026-01-17 14:11:00,3,1009.15,65.84,355.39,3317.0,Exchange,Captured
T00000749,O0000987,P00063,2025-09-03 22:18:00,3,1009.6,0.0,363.46,3392.26,Sale,Refunded
T00000750,O0000104,P00170,2025-10-29 11:41:00,2,2519.6,0.0,251.96,5291.16,Sale,Authorized
T00000751,O0001069,P00181,2026-03-30 01:37:00,4,2233.41,95.56,1590.85,10428.93,Sale,Refunded
T00000752,O0000136,P00207,2024-08-06 13:06:00,2,2263.16,0.0,226.32,4752.64,Sale,Failed
T00000753,O0000659,P00330,2024-08-18 20:35:00,3,2473.61,118.97,876.22,8178.08,Sale,Failed
T00000754,O0001144,P00058,2025-05-28 13:23:00,4,484.62,31.75,228.81,2135.54,Sale,Authorized
T00000755,O0000370,P00459,2024-12-15 18:41:00,3,1275.1,19.38,1065.66,4871.58,Refund,Failed
T00000756,O0000973,P00237,2025-10-11 03:11:00,4,4034.42,70.12,1928.11,17995.67,Sale,Authorized
T00000757,O0000423,P00022,2024-03-20 04:15:00,3,788.83,138.5,623.84,2851.83,Sale,Failed
T00000758,O0000597,P00618,2023-07-23 12:01:00,2,356.72,18.2,83.43,778.67,Exchange,Refunded
T00000759,O0000008,P00633,2025-03-12 08:30:00,2,992.11,81.39,342.51,2245.34,Sale,Refunded
T00000760,O0000798,P00168,2023-10-01 13:29:00,1,448.93,0.0,125.7,574.63,Sale,Failed
T00000761,O0000428,P00442,2024-01-17 04:07:00,1,2299.41,22.19,273.27,2550.49,Refund,Settled
T00000762,O0000612,P00272,2024-11-30 07:57:00,4,1386.16,0.0,998.04,6542.68,Refund,Refunded
T00000763,O0000208,P00446,2024-05-16 18:26:00,2,945.95,0.0,340.54,2232.44,Sale,Authorized
T00000764,O0000355,P00213,2025-08-28 16:31:00,2,692.82,122.74,63.15,1326.05,Refund,Captured
T00000765,O0001032,P00465,2025-02-23 20:55:00,5,5699.3,0.0,3419.58,31916.08,Sale,Authorized
T00000766,O0001306,P00640,2025-12-07 10:51:00,4,1209.91,0.0,1355.1,6194.74,Exchange,Settled
T00000767,O0001214,P00168,2025-03-05 13:55:00,5,448.93,67.4,108.86,2286.11,Sale,Refunded
T00000768,O0000272,P00584,2025-09-30 14:52:00,4,2272.63,18.31,2540.22,11612.43,Sale,Captured
T00000769,O0000038,P00464,2023-08-22 22:12:00,3,1175.56,0.0,634.8,4161.48,Sale,Authorized
T00000770,O0000306,P00558,2025-10-15 15:54:00,-2,3367.52,72.69,-3.63,-76.32,Exchange,Failed
T00000771,O0000766,P00425,2026-02-05 20:00:00,1,1666.94,0.0,200.03,1866.97,Sale,Captured
T00000772,O0000795,P00444,2025-01-06 17:27:00,1,2184.05,20.64,605.75,2769.16,Sale,Failed
T00000773,O0000448,P00558,2025-12-05 08:01:00,5,3367.52,107.09,2007.66,18738.17,Refund,Refunded
T00000774,O0000522,P00590,2023-12-10 14:13:00,5,1035.11,36.89,924.96,6063.62,Sale,Failed
T00000775,O0000660,P00308,2024-07-02 12:44:00,4,779.47,112.03,841.64,3847.49,Refund,Refunded
T00000776,O0000227,P00514,2026-01-12 01:31:00,5,3350.99,0.0,4691.39,21446.34,Sale,Authorized
T00000777,O0001166,P00483,2023-11-24 00:01:00,4,696.85,40.99,329.57,3075.98,Sale,Captured
T00000778,O0000509,P00352,2023-12-05 08:21:00,3,980.55,0.0,147.08,3088.73,Sale,Captured
T00000779,O0000347,P00370,2023-08-05 02:56:00,3,358.44,99.03,175.73,1152.02,Sale,Captured
T00000780,O0000911,P00399,2024-09-12 19:20:00,3,1314.22,53.02,1089.1,4978.74,Refund,Captured
T00000781,O0000988,P99999,2023-07-23 09:44:00,4,1495.09,87.27,707.17,6600.26,Sale,Captured
T00000782,O0001083,P00592,2025-04-28 19:36:00,5,808.72,0.0,202.18,4245.78,Sale,Captured
T00000783,O0000123,P00265,2024-04-02 21:27:00,3,1026.13,14.9,153.17,3216.66,Refund,Refunded
T00000784,O0000644,P00552,2025-09-18 19:50:00,1,2060.17,0.0,576.85,2637.02,Refund,Settled
T00000785,O0001423,P00639,2026-03-28 14:41:00,3,854.95,75.17,298.76,2788.44,Refund,Failed
T00000786,O0000007,P00032,2023-12-04 20:58:00,3,2315.84,0.0,833.7,7781.22,Exchange,Settled
T00000787,O0000017,P00271,2023-03-10 22:55:00,2,937.06,64.11,90.5,1900.51,Refund,Captured
T00000788,O0000458,P00266,2023-12-09 02:04:00,5,2371.52,0.0,2134.37,13991.97,Refund,Settled
T00000789,O0000347,P00325,2023-05-24 14:59:00,1,390.36,0.0,109.3,499.66,Sale,Authorized
T00000790,O0000316,P00259,2025-08-05 08:03:00,4,739.57,67.39,144.54,3035.43,Sale,Authorized
T00000791,O0001067,P00278,2023-04-25 12:36:00,1,790.72,0.0,142.33,933.05,Sale,Captured
T00000792,O0000398,P00006,2026-02-03 20:48:00,1,1321.73,81.99,61.99,1301.73,Sale,Refunded
T00000793,O0000460,P00212,2024-03-19 20:32:00,4,560.69,61.64,109.06,2290.18,Sale,Captured
T00000794,O0000937,P00193,2025-06-23 21:43:00,3,1853.42,0.0,278.01,5838.27,Exchange,Failed
T00000795,O0000245,P00389,2024-02-06 23:45:00,1,1152.22,0.0,322.62,1474.84,Sale,Failed
T00000796,O0000273,P00543,2024-10-13 05:56:00,1,394.57,27.65,66.05,432.97,Sale,Captured
T00000797,O0000685,P00392,2023-08-03 06:17:00,4,569.64,59.24,621.41,2840.73,Exchange,Captured
T00000798,O0001065,P00069,2024-01-06 08:28:00,1,3507.98,71.24,618.61,4055.35,Sale,Settled
T00000799,O0000662,P00268,2025-03-03 18:03:00,5,1310.72,0.0,327.68,6881.28,Exchange,Refunded
T00000800,O0001184,P00296,2024-07-27 00:25:00,5,2094.71,68.32,1872.94,12278.17,Sale,Refunded
T00000801,O0000100,P00354,2024-01-19 00:50:00,2,956.04,51.32,93.04,1953.8,Exchange,Refunded
T00000802,O0000041,P00167,2025-07-08 01:22:00,5,8089.55,0.0,11325.37,51773.12,Sale,Refunded
T00000803,O0000296,P00460,2024-03-27 07:08:00,5,3228.86,72.44,2892.93,18964.79,Sale,Authorized
T00000804,O0000354,P00498,2023-06-30 23:53:00,3,2853.81,0.0,428.07,8989.5,Sale,Settled
T00000805,O0000718,P00016,2023-02-07 21:44:00,2,1626.04,90.76,158.07,3319.39,Sale,Failed
T00000806,O0000993,P00595,2023-07-15 22:19:00,4,,56.71,416.34,2729.35,Sale,Failed
T00000807,O0000499,P00183,2023-11-21 02:28:00,3,2588.85,0.0,388.33,8154.88,Sale,Settled
T00000808,O0000691,P00374,2023-06-19 05:33:00,1,785.35,25.79,91.15,850.71,Refund,Failed
T00000809,O0001250,P00514,2023-03-13 18:18:00,2,3350.99,0.0,804.24,7506.22,Sale,Captured
T00000810,O0001186,P00611,2023-05-18 09:24:00,1,1260.46,36.16,61.22,1285.52,Sale,Captured
T00000811,O0001273,P00133,2023-07-02 09:44:00,3,787.31,25.95,280.32,2616.3,Sale,Refunded
T00000812,O0000487,P00145,2024-09-16 22:42:00,3,2996.97,45.55,2504.7,11450.06,Sale,Captured
T00000813,O0001212,P00169,2024-09-18 00:59:00,5,3192.33,0.0,1915.4,17877.05,Sale,Failed
T00000814,O0000307,P00459,2025-01-04 21:33:00,3,1275.1,0.0,1071.08,4896.38,Refund,Refunded
T00000815,O0000456,P00644,2026-02-21 01:11:00,5,778.94,0.0,701.05,4595.75,Refund,Settled
T00000816,O0000609,P00060,2024-10-07 12:09:00,3,8548.94,0.0,7181.11,32827.93,Refund,Settled
T00000817,O0000056,P00450,2025-01-01 22:13:00,2,456.44,34.83,43.9,921.95,Exchange,Captured
T00000818,O0000778,P00618,2024-09-16 23:11:00,2,356.72,73.61,76.78,716.61,Sale,Captured
T00000819,O0001312,P00423,2023-08-05 05:17:00,1,1943.59,75.35,523.11,2391.35,Exchange,Failed
T00000820,O0000587,P00518,2026-02-03 03:11:00,1,3736.33,101.56,1017.74,4652.51,Sale,Settled
T00000821,O0000968,P00193,2025-12-02 02:01:00,2,1853.42,71.84,654.3,4289.3,Refund,Settled
T00000822,O0001289,P00549,2024-11-19 08:07:00,4,1188.72,0.0,237.74,4992.62,Refund,Refunded
T00000823,O0000952,P00496,2023-02-03 23:09:00,1,906.16,43.77,103.49,965.88,Sale,Failed
T00000824,O0001147,P00074,2023-10-09 06:20:00,2,388.71,54.64,202.38,925.16,Sale,Captured
T00000825,O0000737,P00559,2025-01-15 04:18:00,5,1448.43,0.0,1303.59,8545.74,Sale,Settled
T00000826,O0000045,P00409,2026-03-31 10:36:00,4,978.33,0.0,195.67,4108.99,Exchange,Authorized
T00000827,O0001048,P00253,2023-12-12 03:06:00,2,964.69,0.0,96.47,2025.85,Sale,Captured
T00000828,O0001435,P00187,2024-12-17 13:55:00,5,1063.29,0.0,1488.61,6805.06,Refund,Refunded
T00000829,O0000750,P00265,2024-10-09 07:35:00,5,1026.13,32.58,254.9,5352.97,Sale,Settled
T00000830,O0001436,P00289,2025-08-11 17:47:00,2,1918.46,0.0,1074.34,4911.26,Refund,Authorized
T00000831,O0000718,P00409,2024-09-21 21:03:00,5,978.33,35.5,1359.72,6215.87,Refund,Authorized
T00000832,O0000156,P00483,2024-08-05 23:40:00,5,696.85,44.04,172.01,3612.22,Exchange,Authorized
T00000833,O0001497,P00138,2026-04-12 09:25:00,4,1422.69,0.0,1593.41,7284.17,Sale,Failed
T00000834,O0000802,P00322,2024-02-05 17:27:00,5,1025.47,78.46,908.8,5957.69,Exchange,Authorized
T00000835,O0000561,P00109,2025-07-19 06:35:00,3,747.53,42.68,395.98,2595.89,Refund,Refunded
T00000836,O0001318,P00135,2023-09-14 20:14:00,5,625.43,14.6,155.63,3268.18,Refund,Captured
T00000837,O0001457,P00647,2025-03-16 16:29:00,5,4699.55,49.97,6565.38,30013.16,Refund,Settled
T00000838,O0001093,P00083,2023-08-09 20:36:00,4,1083.18,0.0,1213.16,5545.88,Sale,Authorized
T00000839,O0000859,P00224,2023-08-30 01:37:00,3,393.28,0.0,141.58,1321.42,Sale,Failed
T00000840,O0000860,P00492,2024-03-15 05:51:00,2,1244.51,32.2,294.82,2751.64,Refund,Captured
T00000841,O0001059,P00179,2023-09-16 01:02:00,3,3493.6,50.01,521.54,10952.33,Sale,Failed
T00000842,O0000865,P00599,2023-05-30 05:39:00,1,657.29,91.01,28.31,594.59,Exchange,Settled
T00000843,O0000783,P00283,2023-01-03 13:40:00,4,2334.85,45.56,464.69,9758.53,Exchange,Settled
T00000844,O0000534,P00336,2025-12-29 10:39:00,3,540.61,75.69,432.92,1979.06,Sale,Authorized
T00000845,O0000710,P00639,not_a_date,4,854.95,0.0,615.56,4035.36,Sale,Settled
T00000846,O0000776,P00563,2023-02-26 08:53:00,4,379.38,0.0,424.91,1942.43,Sale,Refunded
T00000847,O0000795,P00146,2024-04-26 01:16:00,1,631.65,24.59,72.85,679.91,Refund,Settled
T00000848,O0001382,P00648,2024-04-05 13:51:00,1,897.1,21.45,43.78,919.43,Sale,Authorized
T00000849,O0001403,P00029,2023-02-20 18:59:00,2,3410.95,52.09,1218.57,7988.38,Refund,Refunded
T00000850,O0001121,P00074,2024-06-16 22:28:00,3,388.71,117.21,125.87,1174.79,Sale,Captured
T00000851,O0000232,P00479,2024-01-16 02:14:00,3,2517.76,88.55,2090.12,9554.85,Sale,Refunded
T00000852,O0001384,P00602,2023-10-03 03:25:00,4,371.55,0.0,178.34,1664.54,Exchange,Failed
T00000853,O0001390,P00035,2025-12-09 17:13:00,3,742.31,46.09,261.7,2442.54,Sale,Refunded
T00000854,O0000963,P00192,2024-07-09 04:49:00,5,2651.28,72.1,659.22,13843.52,Exchange,Authorized
T00000855,O0000466,P00114,2025-04-21 15:59:00,1,971.24,34.43,168.63,1105.44,Refund,Settled
T00000856,O0001058,P00320,2023-11-23 05:16:00,1,2042.1,80.02,235.45,2197.53,Sale,Authorized
T00000857,O0000176,P00354,2025-10-01 12:44:00,5,956.04,47.1,236.66,4969.76,Exchange,Captured
T00000858,O0000714,P00346,2023-08-23 22:30:00,5,556.75,0.0,139.19,2922.94,Sale,Authorized
T00000859,O0001308,P00040,2025-12-13 15:58:00,5,446.72,145.53,104.4,2192.47,Sale,Failed
T00000860,O0000544,P00159,2023-05-02 23:14:00,1,1994.44,111.92,527.11,2409.63,Sale,Settled
T00000861,O0000383,P00491,2026-03-25 23:39:00,5,1134.64,0.0,1588.5,7261.7,Sale,Failed
T00000862,O0000467,P00492,2025-09-28 02:24:00,1,1244.51,30.6,339.89,1553.8,Sale,Captured
T00000863,O0000078,P00170,2026-01-30 06:53:00,4,2519.6,0.0,503.92,10582.32,Exchange,Authorized
T00000864,O0000251,P00592,2024-11-05 07:05:00,2,808.72,139.84,73.88,1551.48,Sale,Captured
T00000865,O0000164,P00236,2024-01-03 16:28:00,5,684.81,52.05,944.16,4316.16,Sale,Settled
T00000866,O0000961,P00409,2025-09-18 21:47:00,5,978.33,81.56,240.5,5050.59,Refund,Failed
T00000867,O0000948,P00543,2024-01-21 16:20:00,3,394.57,0.0,59.19,1242.9,Refund,Settled
T00000868,O0000687,P00125,2024-02-25 08:16:00,5,1252.07,0.0,751.24,7011.59,Exchange,Settled
T00000869,O0000020,P00539,2023-07-16 00:57:00,5,731.66,98.67,996.7,4556.33,Sale,Authorized
T00000870,O0001220,P00444,2023-10-03 10:16:00,3,2184.05,29.95,1826.22,8348.42,Sale,Refunded
T00000871,O0000922,P00446,2025-12-09 02:51:00,5,945.95,0.0,1324.33,6054.08,Sale,Failed
T00000872,O0001066,P00583,2023-07-04 13:35:00,4,716.61,0.0,343.97,3210.41,Sale,Authorized
T00000873,O0001461,P00630,2024-11-29 03:38:00,1,1376.55,57.82,237.37,1556.1,Sale,Captured
T00000874,O0000872,P00067,2023-12-02 10:10:00,5,1531.06,28.83,1372.76,8999.23,Refund,Authorized
T00000875,O0001464,P00304,2024-12-23 06:21:00,4,1836.07,81.0,2033.72,9297.0,Sale,Captured
T00000876,O0001482,P00370,2025-02-02 08:12:00,1,358.44,0.0,100.36,458.8,Sale,Settled
T00000877,O0001017,P00565,2025-09-13 05:48:00,5,690.67,107.16,936.93,4283.12,Refund,Authorized
T00000878,O0000560,P00146,2024-10-09 13:18:00,4,631.65,65.69,689.05,3149.96,Exchange,Captured
T00000879,O0000417,P00273,2024-06-29 09:00:00,4,2698.11,45.07,1934.53,12681.9,Sale,Captured
T00000880,O0000387,P00407,2023-05-31 03:41:00,5,991.18,112.58,242.17,5085.49,Sale,Refunded
T00000881,O0000035,P00169,2024-11-30 14:56:00,1,3192.33,85.39,869.94,3976.88,Sale,Failed
T00000882,O0000880,P00072,2024-07-08 01:44:00,5,626.2,74.39,855.85,3912.46,Sale,Authorized
T00000883,O0000607,P00506,2025-11-15 16:19:00,4,2232.8,0.0,446.56,9377.76,Sale,Captured
T00000884,O0000727,P00417,2024-01-12 07:21:00,2,975.29,0.0,97.53,2048.11,Refund,Refunded
T00000885,O0000217,P00121,2023-02-26 22:20:00,5,1215.4,53.7,722.8,6746.1,Sale,Settled
T00000886,O0000544,P00471,2023-10-15 07:57:00,5,974.06,0.0,1363.68,6233.98,Refund,Failed
T00000887,O0001488,P00273,2024-10-27 16:09:00,2,2698.11,66.41,959.37,6289.18,Refund,Captured
T00000888,O0000086,P00229,2023-11-07 07:18:00,1,429.68,0.0,120.31,549.99,Sale,Authorized
T00000889,O0001289,P00092,2023-10-06 18:22:00,5,316.65,50.39,76.64,1609.5,Sale,Refunded
T00000890,O0000201,P00311,2025-07-11 01:31:00,4,775.66,91.76,361.31,3372.19,Refund,Captured
T00000891,O0000753,P00084,2024-06-22 13:47:00,3,3481.12,0.0,1879.8,12323.16,Sale,Failed
T00000892,O0000073,P00058,2026-03-24 02:41:00,5,484.62,140.69,114.12,2396.53,Exchange,Authorized
T00000893,O0001115,P00380,2025-11-09 19:51:00,5,1495.09,0.0,1345.58,8821.03,Refund,Refunded
T00000894,O0001224,P00322,2025-01-08 11:27:00,4,1025.47,66.23,1129.98,5165.63,Sale,Authorized
T00000895,O0001429,P00336,2023-07-03 11:01:00,2,540.61,0.0,54.06,1135.28,Sale,Captured
T00000896,O0000224,P00471,2024-06-07 05:11:00,2,974.06,0.0,233.77,2181.89,Sale,Refunded
T00000897,O0000933,P00525,2025-07-02 04:13:00,4,869.63,0.0,417.42,3895.94,Refund,Authorized
T00000898,O0000141,P00514,2024-03-03 23:55:00,4,3350.99,49.87,2403.74,15757.83,Sale,Refunded
T00000899,O0000653,P00332,2024-08-20 07:26:00,5,426.36,0.0,106.59,2238.39,Sale,Settled
T00000900,O0001050,P00302,2023-09-01 09:19:00,5,815.65,39.94,726.9,4765.21,Sale,Refunded
T00000901,O0000394,P00255,2023-07-26 10:22:00,4,,26.85,126.35,2653.3,Refund,Captured
T00000902,O0000681,P00279,2025-03-07 11:15:00,-3,519.86,0.0,0.0,0.0,Refund,Failed
T00000903,O0001246,P00567,2023-04-22 11:06:00,3,954.17,26.21,510.53,3346.83,Sale,Captured
T00000904,O0001300,P00503,2023-02-12 07:40:00,1,2810.02,0.0,505.8,3315.82,Sale,Settled
T00000905,O0000253,P00030,2024-08-12 12:01:00,3,3177.88,107.06,471.33,9897.91,Exchange,Captured
T00000906,O0000896,P00203,2025-02-04 23:20:00,3,2094.39,21.9,313.06,6574.33,Exchange,Authorized
T00000907,O0000606,P00197,2024-03-09 02:44:00,4,1399.17,72.2,276.22,5800.7,Sale,Authorized
T00000908,O0000445,P00556,2023-03-10 14:47:00,4,7563.15,110.01,1507.13,31649.72,Exchange,Authorized
T00000909,O0001131,P00464,2025-11-09 21:32:00,1,1175.56,34.06,319.62,1461.12,Sale,Failed
T00000910,O0000438,P00231,2023-04-02 03:54:00,5,883.06,0.0,794.75,5210.05,Exchange,Captured
T00000911,O0001059,P00616,2024-05-23 18:20:00,5,535.55,55.89,471.93,3093.79,Sale,Refunded
T00000912,O0000689,P00238,2023-03-14 06:11:00,3,,45.66,520.02,10920.45,Exchange,Captured
T00000913,O0000817,P00062,2025-01-14 11:03:00,1,2811.2,42.74,498.32,3266.78,Refund,Failed
T00000914,O0000327,P00396,2025-09-04 22:00:00,4,2086.55,0.0,2336.94,10683.14,Sale,Authorized
T00000915,O0000366,P00403,2024-06-13 16:37:00,3,849.51,0.0,713.59,3262.12,Sale,Failed
T00000916,O0000908,P00501,2025-06-23 05:22:00,5,791.16,0.0,474.7,4430.5,Refund,Captured
T00000917,O0000630,P00560,2023-02-20 05:16:00,5,603.82,28.03,149.55,3140.62,Sale,Failed
T00000918,O0000797,P00408,2026-01-19 15:18:00,2,2971.35,43.52,1651.77,7550.95,Sale,Refunded
T00000919,O0000360,P00498,2023-04-23 21:47:00,3,2853.81,48.64,1532.3,10045.09,Exchange,Authorized
T00000920,O0000895,P00072,2023-11-09 12:55:00,4,626.2,0.0,125.24,2630.04,Refund,Refunded
T00000921,O0001322,P00353,2024-02-05 01:38:00,1,1523.37,0.0,182.8,1706.17,Exchange,Captured
T00000922,O0001214,P00560,2024-04-18 08:19:00,3,603.82,13.99,503.29,2300.76,Sale,Settled
T00000923,O0001166,P00444,2023-05-25 11:08:00,3,2184.05,0.0,327.61,6879.76,Exchange,Authorized
T00000924,O0000728,P00554,2025-02-25 01:32:00,5,1384.74,0.0,1938.64,8862.34,Sale,Settled
T00000925,O0001200,P00337,2025-01-10 14:01:00,2,938.34,57.34,327.48,2146.82,Sale,Authorized
T00000926,O0001339,P00220,2023-04-27 16:06:00,2,2869.55,0.0,688.69,6427.79,Refund,Settled
T00000927,O9999999,P00281,2024-04-19 20:12:00,3,256.4,0.0,215.38,984.58,Sale,Refunded
T00000928,O0001087,P00093,2024-11-18 20:43:00,3,833.2,0.0,449.93,2949.53,Exchange,Failed
T00000929,O0000444,P00445,2025-09-17 05:56:00,1,450.95,34.21,75.01,491.75,Sale,Settled
T00000930,O0000831,P00325,2026-01-25 21:00:00,1,,79.06,15.56,326.86,Exchange,Settled
T00000931,O0000028,P00620,2025-03-25 22:06:00,3,1221.81,0.0,1026.32,4691.75,Exchange,Failed
T00000932,O0000873,P00338,2023-02-15 21:59:00,5,1221.04,0.0,1709.46,7814.66,Refund,Settled
T00000933,O0000247,P00433,2026-03-24 16:57:00,4,431.69,0.0,86.34,1813.1,Exchange,Settled
T00000934,O0000365,P00024,2025-08-16 19:19:00,2,897.81,86.77,307.59,2016.44,Sale,Authorized
T00000935,O0000818,P00527,2023-06-14 12:43:00,5,1130.24,0.0,282.56,5933.76,Exchange,Failed
T00000936,O0000114,P00573,2025-04-22 14:23:00,3,484.07,0.0,406.62,1858.83,Exchange,Settled
T00000937,O0000193,P00206,2025-02-22 18:39:00,3,1195.08,66.37,422.26,3941.13,Exchange,Settled
T00000938,O0000866,P00561,2023-05-08 05:14:00,3,1495.15,48.44,798.66,5235.67,Exchange,Captured
T00000939,O0000606,P00477,2024-01-12 23:58:00,4,727.95,0.0,815.3,3727.1,Sale,Settled
T00000940,O0001457,P00366,2026-03-03 17:54:00,2,951.02,0.0,95.1,1997.14,Refund,Captured
T00000941,O0000813,P00475,2026-03-28 15:13:00,3,410.58,57.37,211.39,1385.76,Sale,Failed
T00000942,O0001412,P00063,2026-02-22 04:36:00,5,1009.6,35.19,1403.59,6416.4,Sale,Settled
T00000943,O0001000,P00153,2026-04-11 02:27:00,5,619.2,30.5,153.28,3218.78,Exchange,Refunded
T00000944,O0000552,P00459,2024-03-13 18:28:00,-2,1275.1,92.19,-11.06,-103.25,Exchange,Failed
T00000945,O0000648,P00173,2023-04-01 04:39:00,3,2215.3,0.0,332.3,6978.2,Sale,Failed
T00000946,O0000073,P00037,2023-10-29 15:01:00,5,721.86,63.05,638.33,4184.58,Exchange,Authorized
T00000947,O0000571,P00193,2023-03-27 10:47:00,1,1853.42,0.0,222.41,2075.83,Exchange,Captured
T00000948,O0001405,P00614,2025-10-07 08:32:00,5,400.56,25.46,98.87,2076.21,Refund,Settled
T00000949,O0000390,P00176,2023-01-18 09:26:00,5,1562.8,0.0,1406.52,9220.52,Refund,Settled
T00000950,O0001115,P00558,2023-11-04 08:22:00,3,3367.52,23.39,503.96,10583.13,Sale,Captured
T00000951,O0000235,P00568,2024-01-01 23:06:00,1,578.72,13.82,158.17,723.07,Sale,Failed
T00000952,O0001149,P00278,2024-02-04 02:50:00,4,790.72,0.0,885.61,4048.49,Sale,Settled
T00000953,O0000732,P00305,2024-08-07 04:36:00,1,4155.58,93.56,1137.37,5199.39,Refund,Captured
T00000954,O0000938,P00141,2023-03-17 13:58:00,4,3031.05,0.0,3394.78,15518.98,Sale,Failed
T00000955,O0000725,P00487,2024-02-14 09:44:00,1,3092.57,0.0,865.92,3958.49,Sale,Authorized
T00000956,O0001144,P00080,2023-09-28 18:00:00,2,1101.88,66.03,384.79,2522.52,Exchange,Settled
T00000957,O0000451,P00272,2026-03-11 04:08:00,2,1386.16,0.0,499.02,3271.34,Sale,Failed
T00000958,O0000058,P00287,2024-06-23 03:17:00,5,1028.88,80.35,607.69,5671.74,Sale,Failed
T00000959,O0000447,P00619,2023-10-13 23:58:00,4,1599.68,27.1,318.58,6690.2,Refund,Settled
T00000960,O0000978,P00635,2024-12-30 13:17:00,3,722.72,0.0,607.08,2775.24,Refund,Settled
T00000961,O0000451,P00310,2023-01-25 06:10:00,5,3433.54,63.22,3078.81,20183.29,Sale,Settled
T00000962,O0001392,P00291,2023-07-14 00:01:00,3,362.67,0.0,304.64,1392.65,Exchange,Authorized
T00000963,O0001029,P00103,2024-08-22 12:37:00,5,949.88,0.0,237.47,4986.87,Sale,Failed
T00000964,O0000937,P00591,2024-06-07 02:01:00,1,858.73,37.26,98.58,920.05,Exchange,Settled
T00000965,O0000434,P00332,2024-07-17 01:08:00,3,426.36,0.0,358.14,1637.22,Sale,Authorized
T00000966,O0001200,P00330,2025-01-07 10:58:00,1,2473.61,59.96,120.68,2534.33,Sale,Refunded
T00000967,O0000144,P00623,2025-02-15 01:07:00,4,917.94,20.95,438.1,4088.91,Sale,Captured
T00000968,O0000510,P00155,2024-07-01 22:45:00,3,342.6,0.0,185.0,1212.8,Sale,Failed
T00000969,O0001118,P00124,2026-02-06 15:11:00,1,1134.84,79.43,295.51,1350.92,Sale,Captured
T00000970,O0000528,P00359,2025-08-02 07:05:00,1,2650.85,0.0,742.24,3393.09,Sale,Captured
T00000971,O0001365,P00391,2024-02-17 22:51:00,4,926.58,0.0,185.32,3891.64,Exchange,Settled
T00000972,O0000787,P00003,2023-09-26 00:21:00,1,1239.58,0.0,61.98,1301.56,Sale,Settled
T00000973,O0001268,P00205,2024-02-18 21:12:00,4,994.41,0.0,198.88,4176.52,Refund,Refunded
T00000974,O0000718,P00114,2025-03-02 11:34:00,5,971.24,0.0,874.12,5730.32,Sale,Refunded
T00000975,O0000770,P00091,2023-01-05 10:00:00,2,1325.23,63.03,724.48,3311.91,Exchange,Authorized
T00000976,O0000513,P00542,2025-04-07 14:12:00,3,1230.15,74.83,1012.37,4627.99,Refund,Captured
T00000977,O0000419,P00558,2023-06-12 05:05:00,5,3367.52,0.0,841.88,17679.48,Sale,Refunded
T00000978,O0000912,P00175,2024-12-20 13:23:00,5,2895.57,64.91,720.65,15133.59,Sale,Authorized
T00000979,O0000577,P00313,2024-02-26 07:21:00,4,1062.9,0.0,212.58,4464.18,Exchange,Captured
T00000980,O0000268,P00238,2024-03-16 18:15:00,3,3482.03,26.16,1875.59,12295.52,Exchange,Failed
T00000981,O0000865,P00202,2026-04-13 09:30:00,5,2686.29,0.0,1611.77,15043.22,Refund,Settled
T00000982,O0000738,P00430,2025-10-29 12:23:00,1,1504.8,46.63,408.29,1866.46,Sale,Refunded
T00000983,O0001242,P00423,2025-08-01 15:07:00,3,1943.59,0.0,699.69,6530.46,Sale,Refunded
T00000984,O0001482,P00233,2026-03-30 03:07:00,4,1868.41,70.91,888.33,8291.06,Sale,Authorized
T00000985,O0001428,P00002,2023-08-14 15:41:00,5,473.19,0.0,662.47,3028.42,Exchange,Settled
T00000986,O0000350,P00453,2025-01-09 10:39:00,1,500.8,67.31,78.03,511.52,Exchange,Refunded
T00000987,O0001303,P00489,2025-02-05 13:48:00,3,1259.88,105.88,1028.65,4702.41,Exchange,Captured
T00000988,O0000621,P00470,2023-11-30 11:01:00,1,3117.11,0.0,155.86,3272.97,Sale,Authorized
T00000989,O0000754,P00527,2024-11-08 02:39:00,1,1130.24,142.72,276.51,1264.03,Refund,Captured
T00000990,O0000542,P00033,2025-01-13 19:04:00,3,759.93,48.3,267.78,2499.27,Exchange,Refunded
T00000991,O0000734,P00161,2024-01-08 11:40:00,2,367.66,46.94,34.42,722.8,Sale,Settled
T00000992,O0000078,P00330,2023-12-31 18:07:00,3,2473.61,61.26,2060.68,9420.25,Exchange,Failed
T00000993,O9999999,P00242,2023-10-27 06:03:00,4,1047.96,69.63,494.67,4616.88,Sale,Settled
T00000994,O0000881,P00194,2025-03-15 13:08:00,2,1286.18,0.0,128.62,2700.98,Refund,Settled
T00000995,O0000421,P00509,2024-03-11 13:25:00,3,356.66,0.0,53.5,1123.48,Sale,Captured
T00000996,O0000239,P00468,2024-11-14 07:48:00,3,2184.65,0.0,327.7,6881.65,Exchange,Settled
T00000997,O0001309,P00481,2025-05-04 01:00:00,4,,16.42,1595.56,10459.78,Sale,Refunded
T00000998,O0001082,P00462,2024-07-05 21:47:00,1,942.97,0.0,47.15,990.12,Sale,Refunded
T00000999,O0001354,P00265,2023-12-22 21:20:00,1,1026.13,72.96,47.66,1000.83,Sale,Settled
T00001000,O0000685,P00187,2026-02-21 21:46:00,3,1063.29,63.75,875.31,4001.43,Sale,Captured
T00001001,O0001336,P00234,2024-10-24 20:43:00,5,969.08,0.0,1356.71,6202.11,Sale,Captured
T00001002,O0000113,P00564,2023-06-03 23:54:00,5,446.03,97.32,597.19,2730.02,Refund,Failed
T00001003,O0000127,P00394,2025-05-09 09:01:00,1,8520.28,0.0,426.01,8946.29,Exchange,Settled
T00001004,O0000200,P00301,2025-11-23 18:56:00,3,747.57,26.01,266.0,2482.7,Refund,Captured
T00001005,O0000888,P00112,2023-06-14 02:15:00,3,1478.55,0.0,798.42,5234.07,Sale,Captured
T00001006,O0000273,P00394,2025-08-24 07:34:00,3,8520.28,0.0,3067.3,28628.14,Exchange,Failed
T00001007,O0000836,P00028,2025-11-11 20:54:00,4,849.75,38.42,940.96,4301.54,Sale,Authorized
T00001008,O0001364,P00604,2024-06-01 08:52:00,4,2055.68,0.0,986.73,9209.45,Sale,Refunded
T00001009,O0001424,P00567,2024-05-27 19:41:00,3,954.17,133.08,491.3,3220.73,Sale,Authorized
T00001010,O0000235,P00318,2026-02-13 13:00:00,4,673.87,39.87,318.67,2974.28,Refund,Failed
T00001011,O0000065,P00523,2024-03-24 15:33:00,1,1468.59,60.59,70.4,1478.4,Sale,Refunded
T00001012,O0001430,P00260,2024-12-15 12:30:00,3,825.53,0.0,297.19,2773.78,Sale,Refunded
T00001013,O0000178,P00008,2025-04-03 11:57:00,5,300.57,88.97,169.67,1583.55,Refund,Settled
T00001014,O0000889,P00177,2025-05-12 09:47:00,1,2743.67,0.0,768.23,3511.9,Refund,Captured
T00001015,O0000668,P00440,2026-02-28 07:22:00,5,1708.73,51.74,1528.54,10020.45,Refund,Captured
T00001016,O0001458,P00074,2025-07-05 15:28:00,5,388.71,61.11,225.89,2108.33,Sale,Captured
T00001017,O0000653,P00595,2023-05-20 20:18:00,2,592.43,40.68,205.95,1350.13,Sale,Failed
T00001018,O0000466,P00602,2023-08-02 16:32:00,4,371.55,133.31,67.64,1420.53,Sale,Failed
T00001019,O0001397,P00033,2024-10-13 17:42:00,3,759.93,107.79,390.96,2562.96,Sale,Settled
T00001020,O0000898,P00480,2023-09-26 11:56:00,4,325.93,24.46,153.51,1432.77,Refund,Authorized
T00001021,O0000440,P00508,2023-11-16 03:25:00,2,1044.58,0.0,104.46,2193.62,Refund,Captured
T00001022,O0000791,P00535,2024-06-27 05:25:00,2,982.51,0.0,98.25,2063.27,Refund,Authorized
T00001023,O0001354,P00413,2023-10-26 02:39:00,5,1558.22,0.0,934.93,8726.03,Sale,Authorized
T00001024,O0000195,P00490,2025-05-02 08:55:00,5,3508.49,0.0,3157.64,20700.09,Sale,Settled
T00001025,O0001403,P00299,2024-08-12 03:31:00,1,5385.02,0.0,1507.81,6892.83,Exchange,Authorized
T00001026,O0000903,P00273,2025-03-19 00:23:00,2,2698.11,105.73,1481.34,6771.83,Exchange,Settled
T00001027,O0000270,P00573,2025-06-17 04:17:00,5,484.07,13.8,120.33,2526.88,Sale,Refunded
T00001028,O0000947,P00150,2025-06-30 07:17:00,2,676.34,46.18,365.82,1672.32,Refund,Authorized
T00001029,O0000074,P00046,2026-03-24 02:45:00,5,1515.56,41.13,1356.6,8893.27,Refund,Refunded
T00001030,O0000904,P00067,2025-09-16 03:32:00,5,1531.06,0.0,382.76,8038.06,Exchange,Captured
T00001031,O0000972,P00144,2024-06-15 14:05:00,1,1638.95,93.7,278.14,1823.39,Sale,Refunded
T00001032,O0001136,P00093,2025-02-25 04:23:00,2,833.2,0.0,199.97,1866.37,Sale,Captured
T00001033,O0001234,P00246,2025-02-17 05:58:00,1,360.55,145.3,60.27,275.52,Sale,Authorized
T00001034,O0001406,P00067,2023-07-07 16:39:00,5,1531.06,67.86,2124.48,9711.92,Refund,Settled
T00001035,O0000789,P00116,2026-02-23 15:35:00,3,584.26,43.26,85.48,1795.0,Refund,Settled
T00001036,O0001324,P00077,2023-07-19 16:38:00,2,950.68,0.0,532.38,2433.74,Sale,Authorized
T00001037,O0001281,P00640,2023-02-05 01:43:00,2,1209.91,0.0,290.38,2710.2,Exchange,Refunded
T00001038,O0001422,P00368,2025-06-11 23:47:00,4,432.4,110.2,291.49,1910.89,Sale,Authorized
T00001039,O0000758,P00142,2023-01-13 06:31:00,1,3893.51,83.75,685.76,4495.52,Sale,Captured
T00001040,O0001050,P00261,2024-10-25 09:55:00,3,296.38,106.3,140.91,923.75,Exchange,Settled
T00001041,O0000531,P00094,2024-10-07 16:49:00,2,642.11,52.7,221.67,1453.19,Sale,Captured
T00001042,O0001288,P00233,2025-10-05 04:13:00,1,1868.41,86.72,213.8,1995.49,Exchange,Authorized
T00001043,O0000256,P00217,2023-06-06 03:04:00,3,723.16,0.0,260.34,2429.82,Exchange,Captured
T00001044,O0000988,P00599,2024-01-21 16:51:00,5,657.29,0.0,164.32,3450.77,Exchange,Failed
T00001045,O0000037,P00523,2026-01-22 03:17:00,2,1468.59,28.93,145.41,3053.66,Exchange,Failed
T00001046,O0000757,P00518,2025-09-22 21:52:00,5,3736.33,51.23,5216.52,23846.94,Exchange,Failed
T00001047,O0000582,P00429,2024-07-10 16:17:00,3,885.71,0.0,744.0,3401.13,Sale,Failed
T00001048,O0000083,P00497,2024-06-23 17:37:00,3,384.93,0.0,138.57,1293.36,Exchange,Refunded
T00001049,O0000425,P00412,2025-03-13 11:48:00,2,2875.16,62.72,1023.77,6711.37,Sale,Settled
T00001050,O0000556,P00552,2025-07-20 18:52:00,3,2060.17,0.0,1730.54,7911.05,Refund,Captured
T00001051,O0000912,P00060,2025-02-12 13:51:00,5,8548.94,0.0,7694.05,50438.75,Refund,Failed
T00001052,O0001199,P00061,2025-08-21 03:03:00,5,3069.57,142.59,2736.95,17942.21,Sale,Captured
T00001053,O0001312,P00348,2024-12-21 05:11:00,5,1248.15,35.54,1116.94,7322.15,Sale,Authorized
T00001054,O0000440,P00446,2025-12-29 21:44:00,1,945.95,0.0,170.27,1116.22,Exchange,Authorized
T00001055,O0000648,P00452,2025-06-07 19:44:00,4,2497.94,0.0,1199.01,11190.77,Exchange,Failed
T00001056,O0001328,P00049,2025-08-10 14:17:00,2,6552.71,59.99,652.27,13697.7,Sale,Settled
T00001057,O0001397,P00468,2024-02-13 06:12:00,1,2184.65,0.0,109.23,2293.88,Sale,Authorized
T00001058,O0000275,P00499,2025-10-23 16:22:00,3,610.27,29.89,90.05,1890.97,Refund,Authorized
T00001059,O0000680,P00534,2024-03-02 02:02:00,3,1348.52,0.0,485.47,4531.03,Sale,Failed
T00001060,O0000577,P00429,2023-02-07 23:44:00,2,885.71,0.0,212.57,1983.99,Exchange,Captured
T00001061,O0000622,P00048,2025-06-19 23:16:00,1,3206.16,29.59,889.44,4066.01,Sale,Failed
T00001062,O0000212,P00199,2025-08-14 13:44:00,1,625.96,33.48,71.1,663.58,Refund,Captured
T00001063,O0001090,P00542,2025-08-25 07:53:00,4,1230.15,69.69,873.16,5724.07,Refund,Captured
T00001064,O0000933,P00610,2025-06-24 02:08:00,2,296.27,86.29,25.31,531.56,Sale,Authorized
T00001065,O0000328,P00225,2023-02-11 08:43:00,4,1231.01,81.87,1355.81,6197.98,Exchange,Refunded
T00001066,O0000809,P00277,2025-03-27 07:08:00,2,673.38,0.0,67.34,1414.1,Sale,Settled
T00001067,O0000077,P00016,2025-11-30 16:21:00,3,1626.04,50.38,1351.77,6179.51,Exchange,Failed
T00001068,O0000800,P00453,2025-10-07 17:43:00,5,500.8,53.31,294.08,2744.77,Refund,Refunded
T00001069,O0001162,P00499,2025-10-20 21:57:00,5,610.27,51.22,150.01,3150.14,Sale,Refunded
T00001070,O0000388,P00414,2024-11-15 21:09:00,2,722.08,62.16,69.1,1451.1,Refund,Failed
T00001071,O0000659,P00422,2023-02-16 11:19:00,2,563.18,67.8,190.54,1249.1,Exchange,Settled
T00001072,O0000024,P00384,2023-02-28 04:34:00,5,2405.35,19.67,600.35,12607.43,Sale,Failed
T00001073,O0000607,P00180,2023-09-09 07:58:00,3,355.01,57.97,50.35,1057.41,Sale,Refunded
T00001074,O0000607,P00033,2024-04-01 16:43:00,5,759.93,91.93,1038.16,4745.88,Sale,Captured
T00001075,O0000281,P00088,2024-11-06 12:00:00,3,350.14,78.26,48.61,1020.77,Sale,Captured
T00001076,O0001413,P00087,2025-12-30 00:03:00,2,1009.13,101.8,536.61,2453.07,Refund,Settled
T00001077,O0000473,P00574,2023-12-25 00:02:00,3,1184.21,0.0,426.32,3978.95,Sale,Settled
T00001078,O0001214,P00125,not_a_date,2,1252.07,33.59,123.53,2594.08,Exchange,Captured
T00001079,O0000783,P00281,2025-11-08 04:11:00,1,256.4,0.0,12.82,269.22,Sale,Refunded
T00001080,O0000261,P00251,2024-03-21 18:36:00,2,1353.72,49.36,132.9,2790.98,Sale,Refunded
T00001081,O0000383,P00507,2023-06-23 12:54:00,2,2313.64,0.0,832.91,5460.19,Exchange,Settled
T00001082,O0000189,P00001,2026-01-11 02:51:00,3,957.69,57.08,337.92,3153.91,Sale,Authorized
T00001083,O0000624,P00126,2025-09-21 13:15:00,5,382.58,36.1,93.84,1970.64,Sale,Authorized
T00001084,O0000429,P00117,2023-08-13 00:59:00,4,599.39,0.0,431.56,2829.12,Exchange,Refunded
T00001085,O0000538,P00357,2026-01-25 06:40:00,4,384.92,84.42,72.76,1528.02,Sale,Captured
T00001086,O0000419,P00625,2023-04-16 23:40:00,4,1540.2,92.22,728.23,6796.81,Refund,Refunded
T00001087,O0000872,P00456,2024-07-09 22:01:00,1,3075.55,0.0,553.6,3629.15,Refund,Captured
T00001088,O0001329,P00170,2025-07-27 21:12:00,3,2519.6,47.73,375.55,7886.62,Exchange,Failed
T00001089,O0000238,P00589,2023-10-16 17:44:00,2,,56.07,207.54,1937.05,Refund,Authorized
T00001090,O0001065,P00262,2023-09-24 05:21:00,3,2361.96,0.0,1984.05,9069.93,Sale,Failed
T00001091,O0001321,P00625,2025-08-28 01:21:00,5,1540.2,26.23,1381.46,9056.23,Refund,Authorized
T00001092,O0000254,P00175,2024-04-01 08:22:00,4,2895.57,0.0,1389.87,12972.15,Sale,Refunded
T00001093,O0000930,P00518,2023-04-13 16:21:00,5,3736.33,0.0,2241.8,20923.45,Sale,Settled
T00001094,O0000388,P00265,2024-12-31 23:39:00,3,1026.13,65.38,843.64,3856.65,Sale,Captured
T00001095,O0000072,P00258,2026-02-27 23:56:00,3,1558.8,85.23,826.41,5417.58,Sale,Settled
T00001096,O0001235,P00089,2025-07-16 22:36:00,2,959.68,0.0,95.97,2015.33,Sale,Captured
T00001097,O0000289,P00640,2023-11-15 14:58:00,5,1209.91,69.51,1076.41,7056.45,Sale,Authorized
T00001098,O0000657,P00350,2025-12-24 20:43:00,1,936.94,137.02,223.98,1023.9,Sale,Refunded
T00001099,O0001373,P00066,2024-12-13 03:10:00,1,1721.99,0.0,206.64,1928.63,Sale,Failed
T00001100,O0000172,P00445,2025-05-22 07:00:00,4,450.95,86.88,206.03,1922.95,Sale,Captured
T00001101,O0000084,P00081,2024-11-05 22:25:00,3,725.47,0.0,391.75,2568.16,Refund,Failed
T00001102,O0000299,P00517,2025-01-24 15:55:00,2,720.85,111.56,159.62,1489.76,Sale,Failed
T00001103,O0001408,P00403,2024-03-11 07:24:00,3,849.51,20.25,707.92,3236.2,Sale,Authorized
T00001104,O0000838,P00471,2024-07-28 18:41:00,5,974.06,0.0,584.44,5454.74,Sale,Failed
T00001105,O0000647,P00086,2024-08-05 14:28:00,3,823.97,77.01,670.57,3065.47,Sale,Captured
T00001106,O0000238,P00055,2025-01-23 06:18:00,4,1741.58,24.45,347.09,7288.96,Exchange,Authorized
T00001107,O0001359,P00372,2025-03-15 03:32:00,3,2634.78,56.38,392.4,,Refund,Failed
T00001108,O0000760,P00463,2025-02-08 06:42:00,4,2646.28,133.67,1254.17,11705.62,Refund,Failed
T00001109,O0001274,P00643,2025-06-10 13:29:00,2,1827.15,0.0,657.77,4312.07,Sale,Failed
T00001110,O0001014,P00168,2024-06-14 14:44:00,2,448.93,70.97,41.34,868.23,Refund,Authorized
T00001111,O0000321,P00162,2024-02-05 08:55:00,4,472.13,86.94,216.19,2017.77,Sale,Failed
T00001112,O0001218,P00090,2025-05-15 03:19:00,4,1526.39,60.89,725.36,6770.03,Exchange,Settled
T00001113,O0000146,P00576,2023-01-26 07:40:00,2,2450.29,94.58,1345.68,,Refund,Failed
T00001114,O0000509,P00042,2026-01-17 21:24:00,5,2991.45,0.0,1794.87,16752.12,Sale,Refunded
T00001115,O0000854,P00586,2025-01-04 16:24:00,1,556.56,69.43,136.4,623.53,Sale,Authorized
T00001116,O0000201,P00399,2024-02-17 00:25:00,1,1314.22,85.67,61.43,1289.98,Exchange,Failed
T00001117,O0000027,P00298,2024-10-06 20:30:00,5,948.1,53.1,234.37,4921.77,Exchange,Failed
T00001118,O0000519,P00055,2023-05-17 06:34:00,2,1741.58,37.19,964.87,4410.84,Sale,Settled
T00001119,O0000539,P00276,2024-12-01 23:28:00,3,965.7,70.27,141.34,2968.17,Sale,Refunded
T00001120,O0000811,P00077,2024-08-27 11:46:00,3,950.68,117.96,328.09,3062.17,Sale,Settled
T00001121,O0000172,P00422,2023-07-02 14:15:00,2,563.18,54.27,128.65,1200.74,Exchange,Settled
T00001122,O0000808,P00585,2023-08-23 10:43:00,3,2788.16,92.16,413.62,8685.94,Sale,Failed
T00001123,O0001489,P00330,2024-05-05 11:28:00,4,2473.61,73.86,1178.47,10999.05,Sale,Failed
T00001124,O0000142,P00225,2023-09-30 21:42:00,5,1231.01,25.11,1716.38,7846.32,Sale,Failed
T00001125,O0000478,P00123,2025-09-05 00:00:00,1,554.02,81.34,23.63,496.31,Exchange,Refunded
T00001126,O0000467,P00331,2023-05-26 13:44:00,5,812.24,0.0,1137.14,5198.34,Refund,Captured
T00001127,O0001391,P00084,2023-12-02 06:04:00,1,3481.12,43.41,412.53,3850.24,Refund,Captured
T00001128,O0000469,P00041,2024-12-02 00:13:00,5,2903.0,73.93,1732.93,16174.0,Refund,Captured
T00001129,O0001496,P00540,2023-07-24 20:04:00,1,1169.87,0.0,210.58,1380.45,Sale,Refunded
T00001130,O0000640,P00253,2024-02-02 23:43:00,4,964.69,0.0,463.05,4321.81,Refund,Failed
T00001131,O0000264,P00631,2025-08-24 00:15:00,2,351.26,0.0,84.3,786.82,Sale,Failed
T00001132,O0001040,P00350,2023-03-04 09:17:00,1,936.94,66.71,243.66,1113.89,Sale,Captured
T00001133,O0001049,P00553,2024-04-23 17:02:00,4,961.8,0.0,692.5,4539.7,Exchange,Settled
T00001134,O0000476,P00007,2026-01-02 00:49:00,1,3150.76,92.56,152.91,3211.11,Sale,Refunded
T00001135,O0001209,P00566,2023-01-19 00:55:00,3,7675.14,31.57,6438.28,29432.13,Exchange,Refunded
T00001136,O0000688,P00299,2024-02-08 21:48:00,5,5385.02,69.51,4834.01,31689.6,Sale,Settled
T00001137,O0000474,P00258,2025-10-11 16:02:00,4,1558.8,43.47,1733.68,7925.41,Refund,Refunded
T00001138,O0001439,P00318,2025-11-20 05:16:00,3,,0.0,363.89,2385.5,Refund,Settled
T00001139,O0001333,P00519,2025-12-03 15:24:00,5,1569.15,121.22,1390.42,9114.95,Sale,Failed
T00001140,O0000170,P00394,2026-02-03 21:28:00,3,8520.28,0.0,7157.04,32717.88,Sale,Authorized
T00001141,O0000266,P00422,2024-01-05 10:58:00,2,563.18,17.95,55.42,1163.83,Exchange,Failed
T00001142,O0000985,P00565,2023-02-27 07:58:00,4,690.67,35.04,763.74,3491.38,Sale,Settled
T00001143,O0000734,P00282,2024-06-27 22:45:00,4,969.69,67.88,685.96,4496.84,Exchange,Failed
T00001144,O0000985,P00430,2025-11-12 04:58:00,2,1504.8,133.19,143.82,3020.23,Refund,Authorized
T00001145,O0001414,P00622,2023-11-08 15:50:00,5,399.15,30.2,235.87,2201.42,Refund,Settled
T00001146,O0001471,P00101,2023-05-13 16:23:00,1,4112.23,0.0,1151.42,5263.65,Refund,Failed
T00001147,O0000415,P00120,2023-10-19 20:47:00,3,1114.75,0.0,936.39,4280.64,Sale,Authorized
T00001148,O0001160,P00169,2023-03-17 04:27:00,5,3192.33,58.54,2862.56,18765.67,Sale,Settled
T00001149,O0001111,P00581,2023-05-05 16:50:00,4,7332.84,53.42,5270.03,34547.97,Sale,Settled
T00001150,O0000515,P00632,2025-06-06 14:20:00,2,775.91,35.65,272.91,1789.08,Exchange,Authorized
T00001151,O0001322,P00218,2024-02-14 23:56:00,5,400.81,60.5,97.18,2040.73,Refund,Settled
T00001152,O0001231,P00307,2023-02-18 16:18:00,3,464.47,73.09,158.44,1478.76,Exchange,Authorized
T00001153,O0000647,P00488,2026-02-28 13:05:00,5,718.55,0.0,431.13,4023.88,Sale,Refunded
T00001154,O0001178,P00049,2023-11-08 02:40:00,4,6552.71,0.0,4717.95,30928.79,Refund,Captured
T00001155,O0000850,P00157,2025-05-18 13:59:00,5,346.09,111.84,80.93,1699.54,Refund,Failed
T00001156,O0000099,P00451,2025-01-17 15:49:00,1,1456.88,0.0,262.24,1719.12,Exchange,Captured
T00001157,O0000928,P00569,2025-08-31 20:49:00,3,1806.43,14.83,270.22,5674.68,Exchange,Settled
T00001158,O0000827,P00633,2025-10-23 17:31:00,1,992.11,91.46,45.03,945.68,Sale,Settled
T00001159,O0001083,P00646,2023-04-27 16:41:00,4,1613.91,35.27,1155.67,7576.04,Sale,Failed
T00001160,O0000218,P00010,2026-03-15 09:02:00,1,388.06,0.0,19.4,407.46,Sale,Refunded
T00001161,O0000910,P00005,2025-05-16 06:37:00,5,892.69,0.0,803.42,5266.87,Sale,Captured
T00001162,O0001037,P00199,2023-08-15 23:55:00,4,625.96,15.95,298.55,2786.44,Sale,Failed
T00001163,O0000834,P00161,2025-03-05 04:03:00,5,367.66,27.2,217.33,2028.43,Sale,Authorized
T00001164,O0001023,P00448,2023-09-26 16:07:00,2,525.43,81.91,271.31,1240.26,Refund,Refunded
T00001165,O0001209,P00071,2024-05-26 15:58:00,2,490.29,34.33,264.95,1211.2,Exchange,Refunded
T00001166,O0001404,P00635,2024-03-12 18:07:00,1,722.72,25.84,83.63,780.51,Exchange,Refunded
T00001167,O0001268,P00188,2023-04-12 11:59:00,4,592.29,0.0,663.36,3032.52,Sale,Settled
T00001168,O0000375,P00303,2025-09-03 01:50:00,1,713.89,37.16,33.84,710.57,Exchange,Authorized
T00001169,O0001414,P00482,2025-10-12 11:47:00,1,,47.96,237.62,1086.28,Sale,Settled
T00001170,O0001021,P00622,2024-03-15 14:13:00,3,399.15,86.97,310.93,1421.41,Exchange,Settled
T00001171,O0000640,P00281,2023-11-22 12:58:00,5,256.4,108.79,140.79,1314.0,Sale,Failed
T00001172,O0000096,P00062,2024-04-27 09:47:00,5,2811.2,0.0,2530.08,16586.08,Sale,Refunded
T00001173,O0001040,P00624,2023-06-06 06:55:00,4,1264.8,29.09,251.51,5281.62,Refund,Refunded
T00001174,O0000456,P00503,2024-11-08 23:58:00,4,2810.02,0.0,562.0,11802.08,Exchange,Authorized
T00001175,O0000993,P00624,2023-07-31 10:37:00,3,1264.8,0.0,682.99,4477.39,Sale,Settled
T00001176,O0000331,P00473,2023-03-23 01:49:00,1,970.14,0.0,174.63,1144.77,Exchange,Settled
T00001177,O0000197,P00473,2025-08-27 18:28:00,4,970.14,0.0,698.5,4579.06,Sale,Settled
T00001178,O0000132,P00432,2025-11-30 17:15:00,3,2265.79,0.0,815.68,7613.05,Sale,Authorized
T00001179,O0000216,P00566,2024-12-23 15:59:00,5,7675.14,63.73,10727.35,49039.32,Refund,Captured
T00001180,O0000107,P00450,2023-07-12 12:20:00,3,456.44,0.0,383.41,1752.73,Sale,Authorized
T00001181,O0000419,P00165,2025-05-10 20:27:00,2,1160.48,0.0,116.05,2437.01,Refund,Authorized
T00001182,O0000169,P00030,2025-04-05 06:46:00,2,3177.88,87.53,752.19,7020.42,Sale,Refunded
T00001183,O0001146,P00056,2023-12-14 23:27:00,2,1034.64,0.0,248.31,2317.59,Refund,Failed
T00001184,O0001323,P00189,2025-12-23 03:08:00,3,707.89,0.0,594.63,2718.3,Sale,Captured
T00001185,O0001301,P00091,2023-02-03 15:13:00,5,1325.23,0.0,795.14,7421.29,Sale,Authorized
T00001186,O0000279,P00271,2024-12-18 04:52:00,2,937.06,118.22,491.65,2247.55,Sale,Settled
T00001187,O0001486,P00357,2023-08-28 10:32:00,1,384.92,29.0,99.66,455.58,Sale,Authorized
T00001188,O0000662,P00024,2023-05-03 02:07:00,3,897.81,66.16,472.91,3100.18,Sale,Authorized
T00001189,O0000958,P00043,2025-06-17 19:37:00,2,635.71,49.25,61.11,1283.28,Sale,Refunded
T00001190,O0000227,P00311,2025-10-10 10:48:00,1,775.66,77.86,34.89,732.69,Sale,Settled
T00001191,O0001221,P00067,2024-09-08 15:39:00,2,1531.06,0.0,367.45,3429.57,Sale,Captured
T00001192,O0000631,P00488,2025-09-18 17:12:00,3,718.55,125.87,101.49,2131.27,Refund,Settled
T00001193,O0001293,P00378,2026-01-21 11:22:00,5,1141.71,52.63,282.8,5938.72,Refund,Failed
T00001194,O0000888,P00135,2023-07-31 01:18:00,4,625.43,131.17,663.75,3034.3,Refund,Captured
T00001195,O9999999,P00576,2025-08-14 17:01:00,4,2450.29,100.06,1746.2,11447.3,Exchange,Failed
T00001196,O0000879,P00620,2025-08-13 10:20:00,1,1221.81,40.88,212.57,1393.5,Sale,Settled
T00001197,O0001210,P00269,2023-12-24 13:49:00,3,373.57,33.41,304.44,1391.74,Exchange,Authorized
T00001198,O0000478,P00194,2023-06-12 10:58:00,3,1286.18,111.57,674.45,4421.42,Exchange,Captured
T00001199,O0001389,P00465,2023-08-29 12:01:00,1,5699.3,55.87,1580.16,7223.59,Refund,Refunded
T00001200,O0001108,P00483,2026-03-16 07:03:00,5,696.85,90.63,407.23,3800.85,Refund,Captured
T00001201,O0000100,P00054,2024-11-09 00:37:00,5,806.86,91.46,473.14,4415.98,Refund,Authorized
T00001202,O0000004,P00427,2025-01-27 23:10:00,5,1459.88,139.81,1288.73,8448.32,Refund,Captured
T00001203,O0000053,P00453,2024-07-03 03:26:00,1,500.8,0.0,60.1,560.9,Refund,Captured
T00001204,O0001297,P00451,2024-02-03 01:07:00,2,1456.88,51.49,343.47,3205.74,Exchange,Failed
T00001205,O0001082,P00382,2024-08-24 22:17:00,3,1510.94,0.0,1269.19,5802.01,Refund,Settled
T00001206,O0000203,P00332,2025-11-11 04:27:00,1,426.36,0.0,51.16,477.52,Sale,Captured
T00001207,O0000221,P00327,2025-05-21 21:30:00,2,731.08,67.35,390.55,1785.36,Refund,Authorized
T00001208,O0001229,P00460,2024-05-16 13:21:00,2,3228.86,52.71,1793.4,8198.41,Exchange,Settled
T00001209,O0001350,P00216,2025-10-07 16:12:00,1,625.34,0.0,31.27,656.61,Sale,Refunded
T00001210,O0001419,P00420,2025-11-04 16:05:00,4,2909.81,37.12,2088.38,13690.5,Sale,Failed
T00001211,O0000863,P00070,2025-07-12 11:34:00,4,1603.04,0.0,320.61,6732.77,Refund,Refunded
T00001212,O0000859,P00273,2024-09-20 06:17:00,1,2698.11,0.0,485.66,3183.77,Sale,Refunded
T00001213,O0001047,P00468,2024-05-20 10:31:00,4,2184.65,0.0,2446.81,11185.41,Exchange,Authorized
T00001214,O0000414,P00166,2024-11-04 09:14:00,1,5253.6,52.79,1456.23,6657.04,Refund,Refunded
T00001215,O0000941,P00140,2024-09-27 17:31:00,2,888.73,22.69,210.57,1965.34,Sale,Authorized
T00001216,O0000877,P00135,2025-10-05 03:34:00,3,625.43,0.0,337.73,2214.02,Sale,Failed
T00001217,O0001086,P00267,2025-05-04 11:34:00,4,1059.24,138.44,737.73,4836.25,Exchange,Authorized
T00001218,O0000907,P00274,2025-04-29 15:04:00,5,2291.79,0.0,2062.61,13521.56,Exchange,Refunded
T00001219,O0001311,P00309,2023-09-06 21:15:00,1,3773.28,33.23,448.81,4188.86,Exchange,Authorized
T00001220,O0001077,P00248,2026-03-27 14:27:00,5,1113.01,0.0,667.81,6232.86,Refund,Authorized
T00001221,O0000442,P00375,2025-04-25 16:48:00,1,663.73,54.56,170.57,779.74,Exchange,Captured
T00001222,O0000975,P00493,2024-11-10 14:07:00,3,1150.39,0.0,621.21,4072.38,Sale,Settled
T00001223,O0001107,P00260,2024-06-17 02:58:00,4,825.53,29.67,163.62,3436.07,Refund,Authorized
T00001224,O0001200,P00605,2026-04-08 12:13:00,3,462.86,0.0,166.63,1555.21,Sale,Settled
T00001225,O0000761,P00330,2023-04-12 01:28:00,3,2473.61,36.25,886.15,8270.73,Sale,Refunded
T00001226,O0000372,P00277,2025-03-13 22:30:00,2,673.38,82.53,353.98,1618.21,Exchange,Refunded
T00001227,O0001129,P00492,2023-08-28 18:48:00,3,1244.51,0.0,672.04,4405.57,Sale,Failed
T00001228,O0000237,P00069,2025-04-01 14:02:00,5,3507.98,73.23,3144.0,20610.67,Exchange,Captured
T00001229,O0000489,P00524,2023-01-10 21:28:00,1,2658.53,67.22,725.57,3316.88,Sale,Captured
T00001230,O0000629,P00048,2023-02-11 03:30:00,3,3206.16,0.0,1731.33,11349.81,Sale,Authorized
T00001231,O0000600,P00607,2023-11-06 15:31:00,2,1106.86,30.76,109.15,2292.11,Sale,Captured
T00001232,O0001224,P00139,2023-11-12 07:32:00,5,266.95,33.42,65.07,1366.4,Exchange,Failed
T00001233,O0000093,P00057,2026-01-03 23:40:00,4,1219.37,64.34,577.58,5390.72,Refund,Failed
T00001234,O0000437,P00328,2023-10-26 09:52:00,4,1190.02,0.0,856.81,5616.89,Refund,Settled
T00001235,O0000507,P00251,2023-04-01 21:43:00,2,1353.72,0.0,758.08,3465.52,Sale,Failed
T00001236,O0000725,P00541,2025-07-23 07:01:00,2,320.93,0.0,32.09,673.95,Sale,Refunded
T00001237,O0001177,P00147,2023-08-13 05:38:00,3,856.3,115.95,441.53,2894.48,Refund,Settled
T00001238,O0001041,P00234,2024-06-20 19:35:00,2,969.08,36.02,532.6,2434.74,Sale,Refunded
T00001239,O0001093,P00377,2024-08-04 08:46:00,1,2027.92,0.0,365.03,2392.95,Refund,Captured
T00001240,O0000386,P00168,2024-02-20 15:43:00,2,448.93,75.37,98.7,921.19,Sale,Failed
T00001241,O0001217,P00201,2023-10-25 13:16:00,1,3097.65,20.75,153.84,3230.74,Refund,Failed
T00001242,O0000072,P00363,2023-06-27 20:34:00,4,600.7,97.88,414.89,2719.81,Sale,Settled
T00001243,O0001339,P00381,2023-08-20 01:45:00,3,2393.2,0.0,1292.33,8471.93,Sale,Failed
T00001244,O0000049,P00132,2023-09-16 20:27:00,2,1612.31,18.21,384.77,3591.18,Exchange,Failed
T00001245,O0001140,P00424,2024-08-04 17:34:00,4,2715.27,98.06,3013.65,13776.67,Exchange,Refunded
T00001246,O0000880,P00575,2026-03-21 02:05:00,1,1562.2,53.47,271.57,1780.3,Sale,Refunded
T00001247,O0000390,P00328,2025-01-25 06:08:00,1,1190.02,0.0,333.21,1523.23,Exchange,Failed
T00001248,O0000258,P00057,2025-03-22 10:49:00,1,1219.37,107.87,55.58,1167.08,Refund,Refunded
T00001249,O0001143,P00387,2024-11-25 02:47:00,4,460.84,94.84,87.43,1835.95,Sale,Failed
T00001250,O0000302,P00197,2026-02-23 04:27:00,5,,0.0,1958.84,,Sale,Failed
T00001251,O0000853,P00042,2024-01-24 18:05:00,1,2991.45,63.61,527.01,3454.85,Sale,Authorized
T00001252,O0000748,P00218,2023-07-26 05:39:00,5,400.81,86.98,230.05,2147.12,Sale,Captured
T00001253,O0000297,P00244,2025-10-04 04:47:00,4,1621.78,0.0,324.36,6811.48,Sale,Refunded
T00001254,O0001311,P00097,2025-04-29 01:54:00,1,1947.59,0.0,97.38,2044.97,Exchange,Failed
T00001255,O0001381,P00159,2025-04-10 13:42:00,1,1994.44,101.67,529.98,2422.75,Exchange,Settled
T00001256,O0001490,P00648,2023-12-03 15:05:00,3,897.1,0.0,322.96,3014.26,Sale,Settled
T00001257,O0000313,P00201,2023-03-22 18:42:00,2,3097.65,95.83,1097.9,7197.37,Sale,Refunded
T00001258,O0001364,P00294,2023-05-31 12:05:00,5,823.01,0.0,205.75,4320.8,Refund,Captured
T00001259,O0000410,P00477,2026-01-21 08:33:00,2,727.95,61.21,251.04,1645.73,Sale,Authorized
T00001260,O0001259,P00571,2026-02-11 16:08:00,5,350.54,0.0,490.76,2243.46,Sale,Settled
T00001261,O0000561,P00146,2023-10-23 13:19:00,2,631.65,0.0,151.6,1414.9,Sale,Captured
T00001262,O0000800,P00346,2023-08-10 20:40:00,4,556.75,0.0,623.56,2850.56,Sale,Settled
T00001263,O0000638,P00241,2026-03-07 00:15:00,5,1292.19,71.6,766.72,7156.07,Refund,Failed
T00001264,O0000308,P00402,2023-07-30 14:52:00,5,757.34,79.45,185.36,3892.61,Refund,Authorized
T00001265,O0001402,P00385,2025-05-21 09:50:00,5,3602.73,81.43,5021.02,22953.24,Exchange,Authorized
T00001266,O0000969,P00466,2024-11-11 22:18:00,3,1521.86,77.78,538.54,5026.34,Sale,Failed
T00001267,O0000084,P00049,2025-01-11 05:46:00,1,6552.71,66.48,778.35,7264.58,Sale,Settled
T00001268,O0000590,P00430,2023-05-07 10:51:00,3,1504.8,0.0,1264.03,5778.43,Refund,Failed
T00001269,O0000090,P00049,2024-01-26 06:03:00,2,6552.71,0.0,2358.98,15464.4,Sale,Authorized
T00001270,O0000183,P99999,2026-03-13 19:21:00,2,358.44,52.16,33.24,697.96,Sale,Failed
T00001271,O0000787,P00205,2025-06-03 12:28:00,1,994.41,0.0,49.72,1044.13,Refund,Captured
T00001272,O0000068,P00432,2024-10-15 08:58:00,3,2265.79,0.0,1903.26,8700.63,Sale,Authorized
T00001273,O0000296,P00242,2023-05-02 00:00:00,5,1047.96,125.09,1432.12,6546.83,Sale,Failed
T00001274,O0000698,P00641,2024-01-17 06:56:00,4,2777.24,53.02,552.8,11608.74,Sale,Captured
T00001275,O0000317,P00006,2025-10-17 01:28:00,2,1321.73,13.9,131.48,2761.04,Exchange,Authorized
T00001276,O0001248,P00453,2025-02-26 20:27:00,4,500.8,82.97,345.64,2265.87,Sale,Authorized
T00001277,O0000386,P00281,2023-06-24 11:39:00,3,256.4,28.38,207.43,948.25,Exchange,Captured
T00001278,O0000665,P00345,2024-06-18 23:22:00,3,2652.43,0.0,397.86,8355.15,Exchange,Authorized
T00001279,O0000852,P00239,2023-06-10 13:36:00,3,1013.12,44.11,838.67,3833.92,Sale,Captured
T00001280,O0000354,P00547,2024-06-11 08:17:00,1,1009.15,0.0,282.56,1291.71,Sale,Refunded
T00001281,O0000197,P00337,2023-08-12 11:26:00,2,938.34,26.29,333.07,2183.46,Refund,Refunded
T00001282,O0001340,P00626,2023-10-13 11:28:00,1,342.71,92.53,12.51,262.69,Exchange,Refunded
T00001283,O0000544,P00564,2023-04-16 13:31:00,5,446.03,14.17,620.47,2836.45,Sale,Authorized
T00001284,O9999999,P00462,2024-09-13 20:28:00,5,942.97,125.47,1285.03,5874.41,Sale,Authorized
T00001285,O0000291,P00318,2023-05-12 04:54:00,4,673.87,0.0,485.19,3180.67,Sale,Refunded
T00001286,O0000783,P00112,2025-10-19 09:24:00,3,1478.55,0.0,798.42,5234.07,Sale,Failed
T00001287,O0000562,P00553,2024-11-20 21:35:00,1,961.8,0.0,115.42,1077.22,Sale,Failed
T00001288,O0000192,P00458,2023-03-25 11:33:00,1,330.24,0.0,39.63,369.87,Exchange,Captured
T00001289,O0001478,P00173,2024-03-29 22:19:00,4,2215.3,119.63,437.08,9178.65,Sale,Refunded
T00001290,O0000263,P00112,2023-10-02 05:59:00,5,1478.55,72.75,878.4,8198.4,Sale,Captured
T00001291,O0000637,P00495,2024-06-11 19:46:00,5,394.24,92.18,93.95,1972.97,Exchange,Captured
T00001292,O0000357,P00018,2024-09-26 07:48:00,4,2347.83,0.0,1690.44,11081.76,Sale,Captured
T00001293,O0001155,P00215,2024-02-18 02:00:00,5,540.91,71.04,474.03,3107.54,Exchange,Failed
T00001294,O0000905,P00223,2025-12-27 17:56:00,1,584.47,33.34,27.56,578.69,Exchange,Refunded
T00001295,O0000303,P00279,2023-06-29 13:34:00,1,519.86,16.82,25.15,528.19,Sale,Refunded
T00001296,O0000752,P00641,2025-06-01 13:58:00,1,2777.24,0.0,138.86,2916.1,Refund,Settled
T00001297,O0000048,P00052,2025-07-20 04:51:00,2,503.56,14.57,49.63,1042.18,Exchange,Settled
T00001298,O0000192,P00643,2024-07-25 22:57:00,4,1827.15,0.0,365.43,7674.03,Exchange,Captured
T00001299,O0000052,P00303,2025-04-25 17:39:00,3,713.89,0.0,385.5,2527.17,Refund,Authorized
T00001300,O0000075,P00051,2025-08-31 07:28:00,1,826.59,107.35,35.96,755.2,Sale,Failed
T00001301,O0000679,P00495,2026-01-24 13:51:00,2,394.24,0.0,94.62,883.1,Sale,Failed
T00001302,O0000706,P00604,2023-09-05 05:49:00,1,2055.68,0.0,246.68,2302.36,Sale,Authorized
T00001303,O0000222,P00179,2025-12-06 13:06:00,5,,34.09,3138.1,20572.01,Sale,Refunded
T00001304,O0001409,P00088,2024-11-30 21:37:00,1,350.14,0.0,63.03,413.17,Refund,Captured
T00001305,O0000512,P00334,2025-02-25 05:52:00,3,3441.41,71.42,2870.79,13123.6,Sale,Captured
T00001306,O0000403,P00477,2024-11-09 02:44:00,3,,131.37,102.62,2155.1,Refund,Failed
T00001307,O0000439,P00438,2025-03-23 08:57:00,5,937.29,0.0,843.56,5530.01,Sale,Captured
T00001308,O0000279,P00421,2024-01-10 15:20:00,4,1537.18,60.24,1095.93,7184.41,Sale,Captured
T00001309,O0001270,P99999,2026-03-08 08:17:00,4,4112.23,110.9,4574.65,20912.67,Sale,Refunded
T00001310,O0000855,P00539,2025-01-08 08:21:00,3,731.66,67.17,255.34,2383.15,Sale,Settled
T00001311,O0000386,P00034,2026-04-03 09:12:00,5,1062.85,42.98,632.55,5903.82,Sale,Authorized
T00001312,O0001376,P00253,2023-05-07 18:19:00,5,964.69,0.0,241.17,5064.62,Sale,Refunded
T00001313,O0000359,P00522,2023-08-18 00:37:00,2,1779.6,43.5,175.78,3691.48,Refund,Authorized
T00001314,O0000607,P00638,2024-09-03 23:29:00,1,5461.97,26.94,652.2,6087.23,Sale,Refunded
T00001315,O0000798,P00452,2023-10-28 03:59:00,5,2497.94,0.0,3497.12,15986.82,Sale,Authorized
T00001316,O0000280,P00496,2025-11-16 20:16:00,5,906.16,97.78,1241.25,5674.27,Refund,Captured
T00001317,O0000793,P00196,2023-06-28 02:55:00,3,3304.26,71.92,492.04,10332.9,Sale,Refunded
T00001318,O0000836,P00298,2025-02-04 12:04:00,3,948.1,0.0,142.22,2986.52,Sale,Captured
T00001319,O0000598,P00441,2024-09-01 01:30:00,1,1987.94,0.0,556.62,2544.56,Sale,Authorized
T00001320,O0001239,P00495,2026-01-12 08:35:00,1,394.24,35.71,17.93,376.46,Refund,Failed
T00001321,O0000333,P00506,2025-05-21 02:54:00,3,2232.8,28.36,800.4,7470.44,Sale,Failed
T00001322,O0000350,P00199,2026-02-27 19:59:00,4,625.96,74.07,680.34,3110.11,Sale,Authorized
T00001323,O0000794,P00093,2025-06-02 19:28:00,5,833.2,34.94,1156.7,5287.76,Refund,Authorized
T00001324,O0001118,P00178,2023-04-22 14:13:00,4,354.38,0.0,70.88,1488.4,Sale,Failed
T00001325,O0000288,P00088,2025-04-05 04:29:00,3,350.14,65.02,49.27,1034.67,Sale,Refunded
T00001326,O0000531,P00148,2025-10-21 08:00:00,4,3263.19,30.87,3646.13,16668.02,Sale,Captured
T00001327,O0000774,P00525,2024-06-29 19:43:00,4,869.63,12.82,623.83,4089.53,Sale,Settled
T00001328,O0001245,P00129,2025-01-02 19:32:00,4,1764.17,0.0,846.8,7903.48,Exchange,Authorized
T00001329,O0001363,P00593,2023-11-22 03:20:00,2,770.03,35.15,270.88,1775.79,Refund,Authorized
T00001330,O0000136,P00139,2024-12-20 06:38:00,5,266.95,24.68,366.82,1676.89,Refund,Failed
T00001331,O0000468,P00161,2025-06-11 21:26:00,4,367.66,80.71,166.79,1556.72,Sale,Captured
T00001332,O0000281,P00498,2023-05-29 22:47:00,5,2853.81,0.0,3995.33,18264.38,Refund,Failed
T00001333,O0001462,P00315,2023-08-30 07:05:00,5,792.17,61.15,701.95,4601.65,Sale,Captured
T00001334,O0000294,P00631,2025-04-21 00:38:00,3,351.26,0.0,189.68,1243.46,Exchange,Authorized
T00001335,O0000879,P00642,2024-02-22 20:25:00,3,263.5,124.5,33.3,699.3,Sale,Captured
T00001336,O0001294,P00301,2023-11-21 15:35:00,2,747.57,0.0,74.76,1569.9,Sale,Settled
T00001337,O0001410,P00530,2024-12-31 16:30:00,2,2887.29,83.59,1024.38,6715.37,Sale,Failed
T00001338,O0000673,P00386,2023-08-06 11:33:00,3,3100.73,0.0,1674.39,10976.58,Sale,Authorized
T00001339,O0000560,P00102,2023-02-04 14:21:00,3,603.1,110.25,305.83,2004.88,Refund,Captured
T00001340,O0000197,P00312,2024-07-18 22:57:00,5,519.0,44.71,306.03,2856.32,Sale,Settled
T00001341,O0000153,P00437,2025-05-24 21:21:00,1,487.39,0.0,58.49,545.88,Exchange,Captured
T00001342,O0000470,P00285,2024-09-10 16:43:00,1,3076.57,104.32,148.61,3120.86,Refund,Settled
T00001343,O0001144,P00392,2023-06-07 18:14:00,1,569.64,32.6,26.85,563.89,Sale,Failed
T00001344,O0000356,P00521,2024-09-23 15:51:00,4,3714.61,0.0,2674.52,17532.96,Sale,Captured
T00001345,O0000076,P00553,2024-10-12 23:44:00,1,961.8,16.01,113.49,1059.28,Refund,Authorized
T00001346,O0001220,P00086,2024-04-14 10:13:00,2,823.97,0.0,296.63,1944.57,Sale,Failed
T00001347,O0001346,P00047,2023-01-08 22:09:00,4,428.55,0.0,85.71,1799.91,Sale,Authorized
T00001348,O0000060,P00093,2024-11-17 11:55:00,3,833.2,87.58,120.6,2532.62,Refund,Authorized
T00001349,O0000107,P00320,2024-08-17 23:27:00,3,2042.1,51.81,1700.86,7775.35,Exchange,Authorized
T00001350,O0001279,P00329,2025-10-24 11:53:00,2,1228.46,0.0,122.85,2579.77,Sale,Captured
T00001351,O0001146,P00110,2026-02-17 17:25:00,1,713.85,0.0,128.49,842.34,Sale,Refunded
T00001352,O0001116,P00352,2024-11-05 05:54:00,5,980.55,111.78,1341.47,6132.44,Sale,Authorized
T00001353,O0001433,P00297,2023-03-08 22:59:00,3,703.12,0.0,253.12,2362.48,Sale,Refunded
T00001354,O0001405,P00253,2023-07-07 06:24:00,5,,96.25,1323.62,6050.82,Sale,Captured
T00001355,O0001172,P00152,2023-03-16 01:44:00,1,1562.51,0.0,437.5,2000.01,Refund,Authorized
T00001356,O0000677,P00395,2025-10-14 13:19:00,2,3081.54,0.0,1109.35,7272.43,Sale,Settled
T00001357,O0000767,P00635,2024-10-02 19:39:00,1,722.72,0.0,36.14,758.86,Sale,Captured
T00001358,O0000832,P00138,2024-05-23 00:32:00,3,1422.69,0.0,768.25,5036.32,Sale,Settled
T00001359,O0000858,P00640,2023-01-11 13:18:00,4,1209.91,71.05,1335.21,,Exchange,Authorized
T00001360,O0001154,P00629,2024-12-20 03:21:00,4,1778.85,0.0,1280.77,8396.17,Sale,Captured
T00001361,O0000190,P00450,2025-10-05 20:02:00,1,456.44,0.0,82.16,538.6,Sale,Refunded
T00001362,O0000999,P00292,2024-03-03 18:39:00,4,335.25,17.7,238.19,1561.49,Refund,Captured
T00001363,O0001403,P00239,2023-10-08 11:26:00,3,1013.12,0.0,547.08,3586.44,Sale,Failed
T00001364,O0001446,P00233,2026-03-13 13:23:00,1,1868.41,0.0,523.15,2391.56,Exchange,Captured
T00001365,O0000505,P00640,2023-11-14 08:55:00,2,1209.91,65.37,282.53,2636.98,Sale,Settled
T00001366,O0001005,P00248,2023-05-16 03:21:00,1,1113.01,79.1,124.07,1157.98,Exchange,Captured
T00001367,O0000487,P00430,2025-01-29 11:06:00,1,1504.8,13.49,178.96,1670.27,Exchange,Refunded
T00001368,O0000880,P00200,2025-08-25 11:24:00,3,2529.67,0.0,379.45,7968.46,Refund,Authorized
T00001369,O0000319,P00140,2025-06-09 00:12:00,3,888.73,63.78,130.12,2732.53,Sale,Settled
T00001370,O0001109,P00081,2025-09-03 22:17:00,3,725.47,0.0,261.17,2437.58,Sale,Settled
T00001371,O0000280,P00512,2025-08-21 09:17:00,1,2244.56,0.0,112.23,2356.79,Refund,Captured
T00001372,O0000998,P00521,2024-10-23 06:33:00,2,3714.61,75.31,1323.7,8677.61,Sale,Failed
T00001373,O0000552,P00013,2025-05-16 17:46:00,1,1661.22,54.22,192.84,1799.84,Sale,Authorized
T00001374,O0000955,P00290,2024-05-26 20:05:00,3,947.01,0.0,511.39,3352.42,Refund,Settled
T00001375,O0000319,P00453,2023-03-12 07:32:00,2,500.8,0.0,180.29,1181.89,Sale,Refunded
T00001376,O0000385,P00155,2024-01-05 05:40:00,3,342.6,24.38,180.62,1184.04,Exchange,Settled
T00001377,O0000588,P00368,2024-10-23 10:14:00,3,432.4,15.86,64.07,1345.41,Exchange,Refunded
T00001378,O0000202,P00543,2025-08-24 14:43:00,5,394.57,0.0,355.11,2327.96,Sale,Refunded
T00001379,O0000215,P00127,2023-10-24 23:53:00,1,3407.1,0.0,408.85,3815.95,Refund,Authorized
T00001380,O0001328,P00464,2024-02-28 21:06:00,4,1175.56,0.0,1316.63,6018.87,Exchange,Refunded
T00001381,O0000193,P00147,2023-01-04 01:57:00,4,856.3,64.13,168.05,3529.12,Exchange,Refunded
T00001382,O0000982,P00078,2024-05-18 17:56:00,1,1094.96,39.59,189.97,1245.34,Refund,Settled
T00001383,O0000645,P00214,2024-05-08 19:13:00,5,2780.21,16.39,1666.16,15550.82,Sale,Refunded
T00001384,O0000737,P00577,2023-04-16 14:57:00,2,2755.34,0.0,991.92,6502.6,Refund,Captured
T00001385,O0000117,P00493,2024-03-06 04:02:00,4,1150.39,31.43,548.42,5118.55,Refund,Captured
T00001386,O0000024,P00072,2023-04-04 15:23:00,2,626.2,0.0,225.43,1477.83,Sale,Failed
T00001387,O0000658,P00607,2025-10-31 15:32:00,5,1106.86,0.0,996.17,6530.47,Sale,Settled
T00001388,O0000982,P00414,2024-01-24 14:36:00,4,722.08,0.0,808.73,3697.05,Exchange,Authorized
T00001389,O0000251,P00589,2023-03-09 02:11:00,5,892.79,67.81,791.31,5187.45,Sale,Captured
T00001390,O0001253,P00473,2023-11-07 12:09:00,1,970.14,0.0,271.64,1241.78,Sale,Authorized
T00001391,O0001004,P00451,2025-10-23 17:14:00,3,,79.97,214.53,4505.2,Exchange,Refunded
T00001392,O0001442,P00064,2024-08-06 09:46:00,5,701.5,0.0,982.1,4489.6,Sale,Settled
T00001393,O0001454,P00236,2024-10-20 04:58:00,5,684.81,51.19,607.11,3979.97,Sale,Authorized
T00001394,O0000955,P00206,2025-11-27 15:03:00,4,1195.08,0.0,1338.49,6118.81,Sale,Settled
T00001395,O0000429,P00645,2025-11-12 11:33:00,4,343.35,0.0,164.81,1538.21,Sale,Failed
T00001396,O0001269,P00544,2025-06-17 23:58:00,5,2311.18,15.94,577.0,12116.96,Exchange,Settled
T00001397,O0000134,P00548,2023-05-28 07:05:00,5,1170.16,87.65,1037.37,6800.52,Exchange,Failed
T00001398,O0000032,P00458,2024-02-23 17:24:00,3,330.24,104.83,248.05,1133.94,Refund,Refunded
T00001399,O0000925,P00468,2024-10-17 16:57:00,5,2184.65,0.0,1966.18,12889.43,Exchange,Authorized
T00001400,O0000071,P00301,2025-05-02 04:15:00,5,747.57,46.42,664.46,4355.89,Sale,Authorized
T00001401,O0000097,P00036,2023-05-01 23:42:00,2,7829.45,118.0,4351.45,19892.35,Sale,Authorized
T00001402,O0000671,P00376,2024-12-19 19:55:00,2,3703.62,0.0,888.87,8296.11,Refund,Authorized
T00001403,O0001397,P00135,2023-04-21 15:32:00,2,625.43,122.62,135.39,1263.63,Refund,Settled
T00001404,O0001496,P00413,2026-01-01 21:42:00,1,1558.22,0.0,436.3,1994.52,Sale,Failed
T00001405,O0000106,P00553,2025-04-04 07:57:00,5,961.8,94.07,848.69,5563.62,Sale,Captured
T00001406,O0000103,P00522,2023-05-28 14:57:00,1,1779.6,0.0,498.29,2277.89,Exchange,Refunded
T00001407,O0000565,P00383,2023-06-24 23:30:00,3,1443.48,0.0,519.65,4850.09,Sale,Authorized
T00001408,O0000974,P00426,2025-09-05 13:09:00,3,602.86,0.0,90.43,1899.01,Sale,Settled
T00001409,O0000582,P00192,2024-06-23 02:02:00,1,2651.28,28.78,131.12,2753.62,Sale,Refunded
T00001410,O0001173,P00261,2023-09-12 12:06:00,1,296.38,77.04,39.48,,Sale,Failed
T00001411,O0001048,P00483,2024-04-01 05:48:00,5,696.85,73.45,409.3,3820.1,Refund,Failed
T00001412,O0001164,P00380,2025-10-13 01:07:00,2,1495.09,0.0,149.51,3139.69,Sale,Captured
T00001413,O0000718,P00138,2025-10-31 15:07:00,3,1422.69,37.49,211.53,4442.11,Exchange,Refunded
T00001414,O0000141,P00107,2023-09-09 01:37:00,2,656.25,0.0,367.5,1680.0,Sale,Authorized
T00001415,O0001171,P00400,2025-06-17 16:01:00,4,721.11,34.0,798.12,3648.56,Refund,Captured
T00001416,O0001425,P00312,2026-01-14 10:28:00,5,519.0,0.0,129.75,2724.75,Refund,Authorized
T00001417,O0001069,P00590,2025-03-14 18:24:00,4,1035.11,0.0,745.28,4885.72,Sale,Settled
T00001418,O0000862,P00002,2025-03-05 06:16:00,5,473.19,110.54,270.65,2526.06,Sale,Settled
T00001419,O0000229,P00356,2023-04-14 02:42:00,2,454.95,70.74,41.96,881.12,Sale,Captured
T00001420,O0000701,P00167,2025-08-31 07:39:00,3,8089.55,108.54,6764.83,30924.94,Refund,Captured
T00001421,O0001105,P00523,2024-05-10 09:14:00,3,1468.59,37.52,1223.11,5591.36,Exchange,Settled
T00001422,O0000566,P00404,2025-08-02 10:43:00,5,1478.94,143.64,2030.3,9281.36,Sale,Settled
T00001423,O0000273,P00644,2025-09-01 14:56:00,4,778.94,101.71,542.53,3556.58,Sale,Settled
T00001424,O0001125,P00538,2024-10-03 22:48:00,5,863.83,46.61,512.7,4785.24,Sale,Refunded
T00001425,O0001426,P99999,2023-06-07 02:23:00,2,497.06,38.44,172.02,1127.7,Sale,Failed
T00001426,O0000397,P00395,2025-10-14 04:16:00,4,3081.54,28.64,1475.7,13773.22,Exchange,Refunded
T00001427,O0000964,P00267,2023-11-14 11:08:00,3,1059.24,0.0,381.33,3559.05,Sale,Failed
T00001428,O0000836,P00527,2023-03-16 11:26:00,1,1130.24,135.27,49.75,1044.72,Sale,Authorized
T00001429,O0000988,P00285,2023-11-20 21:28:00,2,3076.57,35.2,1713.02,7830.96,Exchange,Captured
T00001430,O0000361,P00293,2024-05-20 22:09:00,2,1022.92,0.0,245.5,2291.34,Sale,Authorized
T00001431,O0000155,P00126,2026-01-18 06:37:00,5,382.58,108.79,216.49,2020.6,Sale,Captured
T00001432,O0001023,P00080,2025-11-04 08:48:00,2,1101.88,0.0,264.45,2468.21,Refund,Authorized
T00001433,O0000190,P00582,2023-09-23 07:47:00,2,898.82,57.59,208.81,1948.86,Sale,Refunded
T00001434,O0000505,P00313,2026-02-06 23:39:00,3,1062.9,0.0,382.64,3571.34,Refund,Refunded
T00001435,O0000471,P00335,2026-04-14 16:38:00,5,951.56,140.3,554.1,5171.6,Sale,Refunded
T00001436,O0001260,P00343,2024-09-08 04:54:00,1,734.04,24.7,198.62,907.96,Sale,Failed
T00001437,O0000079,P00285,2024-07-09 21:34:00,5,3076.57,0.0,769.14,16151.99,Exchange,Settled
T00001438,O0000865,P00220,2025-11-11 00:59:00,2,2869.55,24.71,685.73,6400.12,Sale,Authorized
T00001439,O0000023,P00277,2023-02-13 10:29:00,5,673.38,0.0,942.73,4309.63,Sale,Authorized
T00001440,O0001000,P00072,2024-10-12 11:31:00,2,626.2,0.0,150.29,1402.69,Sale,Captured
T00001441,O0000452,P00520,2026-02-10 12:27:00,5,,105.85,76.16,1599.36,Sale,Authorized
T00001442,O0001016,P00164,2024-12-18 22:50:00,3,780.65,26.44,416.79,2732.3,Sale,Authorized
T00001443,O0001495,P00317,2026-03-13 05:57:00,1,1430.04,0.0,257.41,1687.45,Sale,Refunded
T00001444,O0001486,P00638,2025-04-11 11:04:00,5,5461.97,73.23,4902.59,32139.21,Refund,Captured
T00001445,O0001360,P00331,2026-03-21 18:36:00,2,812.24,43.77,284.53,1865.24,Sale,Failed
T00001446,O0000285,P00464,2025-04-27 06:57:00,2,1175.56,120.13,267.72,2498.71,Refund,Authorized
T00001447,O0001124,P00195,2023-03-01 11:09:00,3,,99.22,203.78,4279.33,Sale,Failed
T00001448,O0000751,P00319,2024-11-23 15:39:00,2,1114.92,0.0,267.58,2497.42,Sale,Authorized
T00001449,O0001166,P00500,2023-12-18 05:31:00,5,1723.65,0.0,1551.29,10169.54,Refund,Settled
T00001450,O0000083,P00416,2023-02-22 13:34:00,3,2578.8,0.0,386.82,8123.22,Sale,Captured
T00001451,O0000046,P00296,2024-06-19 05:33:00,2,2094.71,0.0,209.47,4398.89,Sale,Authorized
T00001452,O0000989,P00142,2023-04-20 00:33:00,3,3893.51,55.77,1394.97,13019.73,Refund,Settled
T00001453,O0000464,P00164,2024-03-25 03:01:00,4,780.65,0.0,562.07,3684.67,Sale,Authorized
T00001454,O0000700,P00533,2025-12-03 13:08:00,2,1203.38,15.35,669.59,3061.0,Exchange,Refunded
T00001455,O0001140,P00219,2023-10-16 12:32:00,2,3508.8,25.82,1258.52,8250.3,Sale,Failed
T00001456,O0000713,P00034,2025-01-02 14:12:00,2,,34.61,104.55,2195.64,Exchange,Failed
T00001457,O0000054,P00020,2025-08-01 23:03:00,2,3582.6,103.01,353.11,7415.3,Exchange,Settled
T00001458,O0000078,P00573,2025-10-01 05:04:00,5,484.07,0.0,290.44,2710.79,Sale,Refunded
T00001459,O0000612,P00571,2025-05-09 05:03:00,2,350.54,12.93,123.87,812.02,Exchange,Settled
T00001460,O0000751,P00401,2025-05-11 16:09:00,2,711.86,0.0,398.64,1822.36,Sale,Settled
T00001461,O0000430,P00176,2024-10-02 07:50:00,5,1562.8,0.0,1406.52,9220.52,Sale,Settled
T00001462,O0000062,P00483,2026-03-10 04:44:00,3,696.85,0.0,585.35,2675.9,Sale,Captured
T00001463,O0001390,P00464,2025-12-11 16:34:00,1,1175.56,0.0,141.07,1316.63,Sale,Failed
T00001464,O0000285,P00063,2023-08-12 00:51:00,4,1009.6,0.0,726.91,4765.31,Refund,Failed
T00001465,O0000386,P00143,2025-08-21 06:59:00,2,2031.9,0.0,1137.86,5201.66,Exchange,Settled
T00001466,O0001354,P00483,2024-06-30 22:44:00,2,696.85,60.99,66.64,1399.35,Sale,Captured
T00001467,O0000109,P00549,2025-12-06 01:36:00,4,1188.72,0.0,237.74,4992.62,Sale,Settled
T00001468,O0000656,P00204,2023-03-11 05:47:00,4,971.97,0.0,194.39,4082.27,Exchange,Failed
T00001469,O0000804,P00619,2023-05-26 21:14:00,2,1599.68,41.21,378.98,3537.13,Sale,Refunded
T00001470,O0001459,P00336,2023-10-30 18:41:00,4,540.61,50.97,591.21,2702.68,Sale,Refunded
T00001471,O0000024,P00384,2024-03-27 17:05:00,4,2405.35,0.0,481.07,10102.47,Sale,Failed
T00001472,O0000046,P00486,2024-04-25 15:15:00,5,1691.0,0.0,1014.6,9469.6,Refund,Failed
T00001473,O0001409,P00052,2023-09-08 17:45:00,4,503.56,32.96,237.75,2219.03,Sale,Refunded
T00001474,O0001232,P00367,2024-07-31 05:08:00,4,699.03,0.0,782.91,3579.03,Exchange,Captured
T00001475,O0001198,P00161,2023-01-14 08:07:00,4,367.66,0.0,176.48,1647.12,Sale,Refunded
T00001476,O0001220,P00231,2024-10-11 20:48:00,4,883.06,0.0,989.03,4521.27,Refund,Captured
T00001477,O0000941,P00128,2024-12-21 10:54:00,1,413.15,25.32,108.59,496.42,Sale,Captured
T00001478,O0001395,P00301,2025-01-03 15:36:00,2,747.57,0.0,418.64,1913.78,Exchange,Authorized
T00001479,O0000607,P00278,2023-12-11 07:25:00,4,790.72,33.37,876.26,4005.77,Sale,Failed
T00001480,O0000246,P00187,2025-10-14 13:30:00,1,1063.29,0.0,297.72,1361.01,Sale,Settled
T00001481,O0000063,P00406,2023-06-27 11:42:00,5,931.19,58.51,229.87,4827.31,Sale,Refunded
T00001482,O0001137,P00128,2024-06-29 13:30:00,2,413.15,0.0,41.31,867.61,Exchange,Captured
T00001483,O0000111,P00155,2024-02-18 21:55:00,4,342.6,109.0,353.19,1614.59,Sale,Captured
T00001484,O0001073,P00321,2023-06-01 18:01:00,1,447.81,0.0,22.39,470.2,Refund,Refunded
T00001485,O0000932,P00318,2026-04-11 21:48:00,4,673.87,0.0,485.19,3180.67,Sale,Authorized
T00001486,O0000128,P00366,2025-05-16 23:26:00,2,951.02,0.0,532.57,2434.61,Exchange,Refunded
T00001487,O0000594,P00362,2023-09-09 01:51:00,2,479.75,0.0,115.14,1074.64,Refund,Authorized
T00001488,O0000962,P00455,2024-06-24 02:17:00,4,472.52,0.0,529.22,2419.3,Sale,Failed
T00001489,O0001131,P00015,2024-11-09 05:57:00,2,904.35,0.0,217.04,2025.74,Exchange,Failed
T00001490,O0000640,P00410,2024-12-25 21:35:00,4,1389.08,0.0,1555.77,7112.09,Sale,Refunded
T00001491,O9999999,P00197,2023-06-01 01:05:00,3,1399.17,0.0,1175.3,5372.81,Sale,Settled
T00001492,O0000283,P00460,2023-03-18 16:34:00,5,3228.86,122.69,4486.05,20507.66,Sale,Authorized
T00001493,O0001116,P00320,2025-03-07 19:01:00,1,2042.1,0.0,367.58,2409.68,Sale,Authorized
T00001494,O0000661,P00493,2024-01-24 10:24:00,4,1150.39,0.0,552.19,5153.75,Sale,Failed
T00001495,O0000481,P00102,2026-02-19 20:23:00,5,603.1,0.0,844.34,3859.84,Refund,Failed
T00001496,O0001222,P00628,2025-04-15 13:22:00,3,2328.36,65.41,1245.54,8165.21,Sale,Settled
T00001497,O0000776,P00276,not_a_date,5,965.7,0.0,241.43,5069.93,Refund,Settled
T00001498,O0000300,P00052,2025-09-02 17:33:00,3,503.56,0.0,271.92,1782.6,Refund,Captured
T00001499,O0001361,P99999,2023-03-15 12:09:00,2,2060.17,51.62,1139.24,5207.96,Refund,Refunded
T00001500,O0000202,P00097,2024-10-29 13:44:00,5,1947.59,60.43,483.88,10161.4,Sale,Captured
T00001501,O0000884,P00503,2023-06-17 18:46:00,2,2810.02,0.0,281.0,5901.04,Sale,Authorized
T00001502,O0000951,P00174,2024-08-27 21:43:00,2,1271.88,0.0,712.25,3256.01,Exchange,Refunded
T00001503,O0000459,P00286,2024-10-17 09:27:00,1,620.78,0.0,74.49,695.27,Refund,Captured
T00001504,O0001215,P00435,2024-07-21 04:42:00,4,1117.44,25.86,1244.29,5688.19,Exchange,Authorized
T00001505,O0000056,P00010,2023-02-13 19:51:00,2,388.06,72.93,196.89,900.08,Sale,Settled
T00001506,O0001414,P00255,2026-01-26 02:35:00,4,638.45,0.0,306.46,2860.26,Exchange,Failed
T00001507,O0001396,P00345,2023-11-06 11:01:00,2,2652.43,59.06,1468.82,6714.62,Sale,Captured
T00001508,O0000451,P00462,2025-03-12 09:18:00,1,942.97,0.0,169.73,1112.7,Sale,Captured
T00001509,O0001148,P00230,2023-03-22 19:00:00,2,1153.03,116.42,394.14,2583.78,Sale,Refunded
T00001510,O0000614,P00342,2023-04-28 12:29:00,5,740.78,0.0,185.19,3889.09,Sale,Captured
T00001511,O0000081,P00391,2025-10-06 09:30:00,1,926.58,14.11,45.62,958.09,Sale,Authorized
T00001512,O0001469,P00451,2026-01-27 13:24:00,4,1456.88,137.63,682.79,6372.68,Refund,Captured
T00001513,O0000257,P00105,2023-08-11 12:58:00,5,1116.4,0.0,669.84,6251.84,Sale,Failed
T00001514,O0000762,P00251,2025-04-21 12:32:00,3,1353.72,106.63,711.82,4666.35,Sale,Failed
T00001515,O0000723,P00181,2025-02-05 07:41:00,5,2233.41,125.69,552.07,11593.43,Sale,Authorized
T00001516,O0001284,P99999,2023-07-19 18:45:00,1,945.95,0.0,47.3,993.25,Exchange,Failed
T00001517,O0000858,P00147,2023-01-20 11:36:00,4,856.3,21.28,408.47,3812.39,Sale,Settled
T00001518,O0001498,P00162,2024-08-02 04:41:00,2,472.13,0.0,264.39,1208.65,Exchange,Settled
T00001519,O0000634,P00439,2025-02-14 06:58:00,3,1758.69,39.82,942.52,6178.77,Sale,Captured
T00001520,O0001048,P00604,2023-08-04 22:55:00,3,2055.68,49.17,1101.22,7219.09,Sale,Captured
T00001521,O0001029,P00011,2023-03-20 21:09:00,5,963.46,0.0,578.08,5395.38,Exchange,Refunded
T00001522,O0001373,P00425,2024-10-09 07:16:00,5,1666.94,0.0,1000.16,9334.86,Refund,Refunded
T00001523,O0000892,P00073,2025-07-29 16:34:00,4,1357.29,0.0,271.46,5700.62,Sale,Failed
T00001524,O0000825,P00627,2024-04-29 07:58:00,5,2752.14,138.77,1634.63,15256.56,Sale,Settled
T00001525,O0001164,P00325,2023-05-18 21:52:00,3,390.36,0.0,327.9,1498.98,Sale,Settled
T00001526,O0000395,P00396,2023-06-01 07:09:00,1,2086.55,57.2,243.52,2272.87,Refund,Failed
T00001527,O0001195,P00107,2025-09-23 04:27:00,3,656.25,0.0,98.44,2067.19,Sale,Authorized
T00001528,O0000117,P00436,2024-08-25 11:06:00,3,1014.7,0.0,547.94,3592.04,Refund,Captured
T00001529,O0001097,P00636,2024-08-04 19:30:00,5,951.46,92.27,1306.21,5971.24,Sale,Settled
T00001530,O0000615,P00565,2024-02-27 15:22:00,3,690.67,146.47,231.06,2156.6,Sale,Refunded
T00001531,O0001123,P00546,2025-02-23 23:28:00,1,485.85,0.0,87.45,573.3,Exchange,Captured
T00001532,O0000373,P00318,2025-08-18 21:36:00,4,673.87,0.0,485.19,3180.67,Sale,Settled
T00001533,O0000867,P00511,2023-01-26 13:09:00,4,3906.75,0.0,4375.56,20002.56,Sale,Failed
T00001534,O0001022,P00139,2024-10-02 02:06:00,3,266.95,73.98,203.52,930.39,Sale,Captured
T00001535,O0000430,P00632,2024-09-30 08:31:00,5,775.91,37.43,192.11,4034.23,Exchange,Failed
T00001536,O0001179,P00265,2023-06-10 08:02:00,3,1026.13,0.0,861.95,3940.34,Sale,Authorized
T00001537,O0000292,P00390,2025-01-11 04:38:00,3,1046.09,0.0,376.59,3514.86,Refund,Refunded
T00001538,O0001347,P00061,2024-07-25 10:52:00,3,3069.57,0.0,2578.44,11787.15,Refund,Authorized
T00001539,O0000960,P00264,2024-12-07 20:10:00,5,297.25,90.64,251.21,1646.82,Sale,Refunded
T00001540,O0000541,P00504,2024-04-29 22:00:00,1,2677.7,91.6,724.11,3310.21,Sale,Authorized
T00001541,O0001327,P00253,2025-04-15 04:48:00,2,964.69,75.9,518.97,2372.45,Sale,Refunded
T00001542,O0000841,P00251,2023-12-20 11:19:00,1,1353.72,45.3,366.36,1674.78,Exchange,Refunded
T00001543,O0000851,P00520,2023-10-04 14:31:00,2,325.81,0.0,32.58,684.2,Sale,Captured
T00001544,O0001314,P00272,2024-07-06 04:29:00,2,1386.16,79.38,323.15,3016.09,Refund,Settled
T00001545,O0001119,P00009,2025-06-22 01:23:00,5,1116.34,0.0,1004.71,6586.41,Exchange,Failed
T00001546,O0000074,P00495,2026-01-17 16:43:00,2,394.24,59.72,204.05,932.81,Exchange,Authorized
T00001547,O0000073,P00562,2026-03-04 08:03:00,2,1506.43,133.41,143.97,3023.42,Refund,Settled
T00001548,O0000508,P00217,2024-11-29 08:37:00,4,723.16,36.58,514.09,3370.15,Exchange,Authorized
T00001549,O0000289,P00238,2025-10-20 22:25:00,1,3482.03,44.93,962.39,4399.49,Sale,Captured
T00001550,O0001062,P00529,2025-03-28 21:56:00,2,2632.47,0.0,263.25,5528.19,Refund,Captured
T00001551,O0000370,P00593,2023-03-21 20:08:00,5,770.03,0.0,1078.04,4928.19,Sale,Failed
T00001552,O0000501,P00145,2023-05-26 04:04:00,1,2996.97,0.0,839.15,3836.12,Sale,Captured
T00001553,O0001338,P00425,2026-03-27 08:52:00,4,1666.94,81.74,329.3,6915.32,Sale,Authorized
T00001554,O0001033,P00057,2023-12-07 03:42:00,-2,,53.44,-9.62,-63.06,Refund,Authorized
T00001555,O0000317,P00064,2024-10-26 23:46:00,1,,139.51,67.44,629.43,Exchange,Refunded
T00001556,O0000299,P00495,2026-02-05 09:54:00,2,394.24,0.0,141.93,930.41,Sale,Settled
T00001557,O0000464,P00443,2024-06-18 20:00:00,1,419.5,25.16,70.98,465.32,Sale,Authorized
T00001558,O0001297,P00580,2024-08-02 23:50:00,4,1099.87,0.0,527.94,4927.42,Refund,Authorized
T00001559,O0000927,P00305,2025-07-02 20:16:00,2,4155.58,22.36,2320.86,10609.66,Exchange,Settled
T00001560,O0001326,P00437,2024-12-06 18:24:00,4,487.39,124.58,219.0,2043.98,Sale,Refunded
T00001561,O0000784,P00368,2023-12-23 05:43:00,2,432.4,117.56,209.23,956.47,Sale,Refunded
T00001562,O0001288,P00298,2025-12-07 05:24:00,2,948.1,0.0,341.32,2237.52,Sale,Failed
T00001563,O0001184,P00465,2025-07-22 16:00:00,3,5699.3,0.0,854.89,17952.79,Exchange,Authorized
T00001564,O0000024,P00642,2025-10-25 08:08:00,1,263.5,87.67,49.23,225.06,Sale,Captured
T00001565,O0001201,P00097,2025-01-15 14:10:00,2,1947.59,69.71,1071.13,4896.6,Sale,Refunded
T00001566,O0000235,P00312,2025-11-09 01:10:00,4,519.0,128.67,233.68,2181.01,Exchange,Settled
T00001567,O0000947,P00496,2023-05-29 16:07:00,1,906.16,34.53,156.89,1028.52,Exchange,Refunded
T00001568,O0000456,P00440,2025-07-06 19:51:00,2,1708.73,0.0,410.1,3827.56,Sale,Settled
T00001569,O0000087,P00579,2025-03-04 15:22:00,4,461.39,0.0,516.76,2362.32,Refund,Failed
T00001570,O0001279,P00178,2026-01-20 07:39:00,4,354.38,29.29,166.59,1554.82,Sale,Captured
T00001571,O0000394,P00218,2024-08-23 13:53:00,4,400.81,146.95,72.81,1529.1,Sale,Refunded
T00001572,O0001452,P00189,2024-08-30 23:32:00,4,707.89,0.0,339.79,3171.35,Sale,Failed
T00001573,O0001321,P00405,2023-02-06 17:05:00,4,8401.89,56.05,6039.27,39590.78,Exchange,Settled
T00001574,O0001001,P00452,2023-12-16 14:42:00,3,2497.94,95.18,887.84,8286.48,Sale,Settled
T00001575,O0001254,P00323,2025-08-29 03:59:00,4,673.1,66.22,315.14,2941.32,Sale,Failed
T00001576,O0000227,P00427,2023-04-12 06:51:00,3,1459.88,147.09,1185.11,5417.66,Sale,Captured
T00001577,O0000211,P00439,2024-10-06 10:19:00,5,1758.69,0.0,1582.82,10376.27,Sale,Settled
T00001578,O0000709,P00208,2023-03-11 02:18:00,5,7764.38,47.39,4652.94,43427.45,Exchange,Captured
T00001579,O0000369,P00376,2024-10-20 00:24:00,5,3703.62,82.54,5161.96,23597.52,Refund,Settled
T00001580,O0000817,P00363,2025-01-27 17:06:00,1,600.7,0.0,108.13,708.83,Sale,Failed
T00001581,O0000868,P00496,2025-06-12 00:02:00,4,906.16,0.0,434.96,4059.6,Sale,Refunded
T00001582,O0000871,P00252,2024-05-14 13:37:00,5,991.21,0.0,594.73,5550.78,Exchange,Failed
T00001583,O0000133,P00591,2025-06-03 10:05:00,1,858.73,0.0,42.94,901.67,Refund,Captured
T00001584,O0000967,P00033,2025-09-19 01:57:00,1,759.93,0.0,38.0,797.93,Sale,Settled
T00001585,O0001114,P00462,2024-06-23 04:14:00,5,942.97,0.0,565.78,5280.63,Sale,Captured
T00001586,O0000432,P00179,2023-10-16 10:32:00,1,3493.6,60.18,171.67,3605.09,Sale,Captured
T00001587,O0000277,P00144,2025-09-17 20:16:00,4,1638.95,80.97,1165.47,7640.3,Sale,Refunded
T00001588,O0000248,P00032,2025-05-08 12:30:00,4,2315.84,79.22,2571.56,11755.7,Sale,Settled
T00001589,O0000497,P00360,2023-05-31 16:48:00,4,2181.94,0.0,436.39,9164.15,Refund,Authorized
T00001590,O0001445,P00335,2025-02-05 03:57:00,1,951.56,0.0,114.19,1065.75,Refund,Refunded
T00001591,O0000725,P00462,2023-01-27 07:17:00,2,942.97,66.8,218.3,2037.44,Sale,Captured
T00001592,O0000263,P00412,2023-02-23 04:11:00,5,2875.16,15.87,4020.78,18380.71,Refund,Settled
T00001593,O0000008,P00191,2023-01-24 18:49:00,5,1210.77,101.14,1071.49,7024.2,Exchange,Refunded
T00001594,O0000563,P00364,2023-05-12 06:56:00,5,2420.65,57.97,3372.68,15417.96,Sale,Refunded
T00001595,O0000342,P00110,2023-07-11 07:56:00,2,713.85,52.79,164.99,1539.9,Sale,Settled
T00001596,O0000678,P00385,2023-01-04 18:21:00,1,3602.73,62.9,424.78,3964.61,Sale,Authorized
T00001597,O0000103,P00021,2025-11-13 13:00:00,2,1447.36,27.35,143.37,3010.74,Sale,Settled
T00001598,O0000618,P00237,2025-05-09 04:31:00,4,4034.42,0.0,2904.78,19042.46,Refund,Failed
T00001599,O0001300,P00191,2025-03-01 15:49:00,3,1210.77,55.81,1001.42,4577.92,Exchange,Authorized
T00001600,O0000474,P00511,2024-09-25 07:04:00,3,3906.75,72.27,582.4,12230.38,Exchange,Refunded
T00001601,O0000332,P00627,2023-07-31 16:59:00,3,2752.14,70.21,2292.14,10478.35,Exchange,Settled
T00001602,O0001286,P00546,2024-01-10 21:34:00,5,485.85,54.13,118.76,2493.88,Sale,Authorized
T00001603,O0000828,P00274,2025-01-23 11:36:00,5,2291.79,64.47,569.72,11964.2,Sale,Captured
T00001604,O0000248,P00531,2026-01-27 17:35:00,4,319.02,43.36,61.64,1294.36,Sale,Refunded
T00001605,O0000142,P00422,2024-04-10 10:40:00,5,563.18,0.0,140.79,2956.69,Sale,Captured
T00001606,O0000377,P00440,2025-07-11 04:52:00,3,1708.73,0.0,1435.33,6561.52,Sale,Failed
T00001607,O0001411,P00563,2023-03-29 11:37:00,3,379.38,59.11,302.13,1381.16,Refund,Authorized
T00001608,O0000823,P00058,2023-01-06 13:46:00,4,484.62,0.0,542.77,2481.25,Sale,Captured
T00001609,O0001039,P00467,2023-02-22 13:18:00,1,1637.97,31.42,80.33,1686.88,Sale,Captured
T00001610,O0001042,P00407,2023-05-07 17:34:00,5,991.18,105.23,242.53,5093.2,Sale,Refunded
T00001611,O0001407,P00337,2023-10-23 19:26:00,3,938.34,0.0,337.8,3152.82,Sale,Captured
T00001612,O0001497,P00123,2023-10-23 22:04:00,4,554.02,95.5,381.7,2502.28,Sale,Captured
T00001613,O0000833,P00495,2026-04-12 09:43:00,3,394.24,22.8,208.79,1368.71,Refund,Refunded
T00001614,O0000911,P00113,2024-08-01 22:33:00,1,513.94,70.28,53.24,496.9,Refund,Captured
T00001615,O0000934,P00268,2024-03-09 05:53:00,4,1310.72,31.69,1459.13,6670.32,Sale,Settled
T00001616,O0000456,P00409,2023-12-27 21:34:00,3,978.33,66.89,143.41,3011.51,Sale,Refunded
T00001617,O0001264,P00419,2023-10-20 08:21:00,2,748.38,0.0,179.61,1676.37,Sale,Authorized
T00001618,O0000553,P00174,2024-12-01 23:49:00,1,1271.88,32.41,223.1,1462.57,Sale,Refunded
T00001619,O0000116,P00540,2023-03-15 11:04:00,4,1169.87,69.99,553.14,5162.63,Sale,Refunded
T00001620,O0001347,P99999,2024-12-23 04:28:00,5,3031.05,39.17,1813.93,16930.01,Sale,Settled
T00001621,O0000597,P00147,2024-04-25 04:19:00,2,856.3,30.34,84.11,1766.37,Refund,Failed
T00001622,O0000312,P00082,2024-10-05 19:25:00,1,497.06,0.0,89.47,586.53,Refund,Authorized
T00001623,O0001154,P00551,2026-03-23 08:12:00,3,3149.21,0.0,472.38,9920.01,Exchange,Refunded
T00001624,O0001071,P00427,2025-01-23 13:15:00,2,1459.88,110.4,140.47,2949.83,Refund,Settled
T00001625,O0000664,P00385,2025-11-26 11:14:00,5,3602.73,124.75,2146.67,20035.57,Refund,Settled
T00001626,O0000138,P00542,2025-04-21 07:22:00,4,1230.15,126.49,575.29,5369.4,Sale,Authorized
T00001627,O0001002,P00054,2025-12-18 06:57:00,4,806.86,0.0,903.68,4131.12,Sale,Settled
T00001628,O0001462,P00092,2023-08-25 12:04:00,1,,53.23,73.76,337.18,Exchange,Failed
T00001629,O0000878,P00264,2024-10-17 15:28:00,3,297.25,35.49,42.81,899.07,Sale,Failed
T00001630,O0000046,P00045,2025-09-27 08:02:00,3,667.98,45.71,352.48,2310.71,Sale,Failed
T00001631,O0000154,P00250,2024-05-17 21:22:00,5,430.86,62.98,250.96,2342.28,Sale,Refunded
T00001632,O0000786,P00103,2024-08-01 06:34:00,4,,50.62,187.44,,Sale,Authorized
T00001633,O0001295,P00361,2024-06-22 16:27:00,1,1208.87,15.61,59.66,1252.92,Exchange,Authorized
T00001634,O0000462,P00570,2023-04-05 19:06:00,2,1939.55,0.0,193.96,4073.06,Sale,Authorized
T00001635,O0000047,P00588,2025-12-02 20:14:00,5,732.6,0.0,439.56,4102.56,Refund,Refunded
T00001636,O0001300,P00116,2025-11-30 23:09:00,1,584.26,0.0,70.11,654.37,Sale,Refunded
T00001637,O0000491,P00383,2025-08-10 22:02:00,2,1443.48,0.0,346.44,3233.4,Sale,Authorized
T00001638,O0001290,P00549,2025-06-22 15:25:00,4,1188.72,27.92,850.85,5577.81,Exchange,Refunded
T00001639,O0000021,P00525,2023-09-26 00:58:00,3,869.63,35.55,720.54,3293.88,Exchange,Settled
T00001640,O0000770,P00363,2025-03-31 14:54:00,4,600.7,108.61,275.3,2569.49,Exchange,Failed
T00001641,O9999999,P00537,2024-02-24 17:34:00,1,814.71,0.0,146.65,961.36,Sale,Authorized
T00001642,O0001092,P00216,2026-02-10 09:50:00,3,625.34,0.0,337.68,2213.7,Sale,Failed
T00001643,O0000925,P00400,2024-01-18 11:30:00,1,721.11,62.22,79.07,737.96,Refund,Refunded
T00001644,O0000474,P00375,2025-05-25 01:16:00,2,663.73,68.03,151.13,1410.56,Exchange,Authorized
T00001645,O0001383,P00008,2026-02-21 18:32:00,1,300.57,0.0,54.1,354.67,Sale,Captured
T00001646,O0000742,P00509,2024-12-27 20:04:00,3,356.66,0.0,192.6,1262.58,Exchange,Settled
T00001647,O0000455,P00646,2026-02-05 11:08:00,5,1613.91,0.0,2259.47,10329.02,Sale,Settled
T00001648,O0000376,P00361,2024-06-15 16:09:00,4,1208.87,80.42,237.75,4992.81,Sale,Captured
T00001649,O0001033,P00535,2024-03-03 19:54:00,5,982.51,82.59,1352.39,6182.35,Refund,Authorized
T00001650,O0000278,P00403,2024-06-28 21:48:00,2,849.51,0.0,84.95,1783.97,Exchange,Settled
T00001651,O0000835,P00617,2023-05-07 07:27:00,1,2610.78,0.0,731.02,3341.8,Exchange,Refunded
T00001652,O0000797,P00226,2024-02-16 14:18:00,1,1204.05,51.24,322.79,1475.6,Exchange,Settled
T00001653,O0001188,P00018,2024-08-15 01:36:00,3,2347.83,0.0,1267.83,8311.32,Sale,Refunded
T00001654,O0000950,P00204,2024-04-19 14:48:00,1,971.97,0.0,48.6,1020.57,Sale,Settled
T00001655,O0001395,P00259,2026-01-17 23:23:00,1,739.57,0.0,207.08,946.65,Sale,Refunded
T00001656,O0001023,P00071,2023-05-26 00:08:00,5,490.29,0.0,441.26,2892.71,Sale,Settled
T00001657,O0000216,P00578,2025-03-12 02:22:00,2,728.06,66.68,69.47,1458.91,Exchange,Authorized
T00001658,O0001045,P00453,2023-03-06 00:55:00,5,500.8,146.41,660.13,3017.72,Sale,Authorized
T00001659,O0000683,P00626,2023-12-31 06:54:00,1,342.71,0.0,17.14,359.85,Sale,Settled
T00001660,O0000951,P00646,2025-02-17 10:08:00,1,1613.91,0.0,451.89,2065.8,Exchange,Captured
T00001661,O0000327,P00334,2025-11-21 22:38:00,5,3441.41,0.0,860.35,18067.4,Sale,Settled
T00001662,O0000145,P00406,2024-05-14 08:01:00,5,931.19,0.0,232.8,4888.75,Exchange,Settled
T00001663,O0000091,P00143,2026-02-26 03:43:00,4,2031.9,0.0,406.38,8533.98,Sale,Refunded
T00001664,O0001184,P00324,2023-05-02 14:10:00,2,2636.79,27.83,1468.81,6714.56,Sale,Captured
T00001665,O0000450,P00023,2023-10-19 00:20:00,2,621.95,31.76,145.46,1357.6,Sale,Captured
T00001666,O0001174,P00480,2023-11-03 07:09:00,5,325.93,94.69,276.29,1811.25,Exchange,Captured
T00001667,O0000355,P00008,2024-10-15 02:15:00,3,300.57,0.0,162.31,1064.02,Exchange,Failed
T00001668,O0000369,P00418,2025-08-30 00:13:00,3,647.45,31.59,95.54,2006.3,Sale,Settled
T00001669,O0000314,P00113,2025-09-20 11:52:00,4,513.94,0.0,370.04,2425.8,Exchange,Authorized
T00001670,O0001177,P00051,2023-10-28 09:03:00,4,826.59,102.3,384.49,3588.55,Refund,Failed
T00001671,O0000222,P00541,2026-02-09 19:51:00,4,320.93,51.33,221.83,1454.22,Sale,Authorized
T00001672,O0000758,P00443,2025-04-21 06:23:00,4,419.5,81.7,79.81,1676.11,Sale,Settled
T00001673,O0000060,P00462,2024-10-10 11:39:00,4,942.97,0.0,188.59,3960.47,Sale,Authorized
T00001674,O0001470,P00513,2023-11-27 00:49:00,1,2118.92,0.0,105.95,2224.87,Sale,Failed
T00001675,O0000660,P00192,2024-08-13 04:40:00,2,2651.28,0.0,265.13,5567.69,Exchange,Captured
T00001676,O0001047,P00299,2025-04-20 13:00:00,2,5385.02,14.27,1936.04,12691.81,Sale,Refunded
T00001677,O0000477,P00100,2025-08-27 04:46:00,2,1098.48,30.98,389.88,2555.86,Sale,Settled
T00001678,O0000846,P00502,2025-01-05 17:08:00,4,826.7,0.0,925.9,4232.7,Refund,Authorized
T00001679,O0001376,P00221,2023-11-19 12:13:00,5,511.68,63.08,449.16,2944.48,Sale,Failed
T00001680,O0001357,P00412,2026-01-26 02:10:00,5,2875.16,0.0,718.79,15094.59,Sale,Refunded
T00001681,O0001429,P00030,2025-08-06 20:50:00,1,3177.88,76.95,868.26,3969.19,Exchange,Settled
T00001682,O0000813,P00448,2024-06-12 09:06:00,1,525.43,71.29,81.75,535.89,Sale,Failed
T00001683,O0001229,P00541,2026-01-08 03:32:00,2,320.93,28.73,73.58,686.71,Exchange,Settled
T00001684,O0000563,P00325,2023-03-13 14:06:00,4,390.36,0.0,281.06,1842.5,Exchange,Authorized
T00001685,O0000884,P00381,2024-12-29 13:16:00,2,2393.2,0.0,861.55,5647.95,Sale,Refunded
T00001686,O0000362,P00433,2024-01-15 18:37:00,3,431.69,108.68,332.19,1518.58,Sale,Authorized
T00001687,O0000448,P00622,2025-06-20 23:27:00,1,399.15,0.0,47.9,447.05,Sale,Authorized
T00001688,O0000971,P00304,2023-06-29 22:48:00,2,1836.07,0.0,440.66,4112.8,Sale,Captured
T00001689,O0001276,P00454,2025-12-31 11:19:00,1,1848.03,103.54,314.01,2058.5,Refund,Settled
T00001690,O0000218,P00575,2023-10-04 18:30:00,4,1562.2,30.62,1119.27,7337.45,Sale,Failed
T00001691,O0000314,P00413,2023-11-01 14:44:00,1,1558.22,95.11,409.67,1872.78,Sale,Captured
T00001692,O0000249,P00043,2025-09-30 01:19:00,2,635.71,0.0,63.57,1334.99,Refund,Captured
T00001693,O0000766,P00139,2023-04-06 15:58:00,1,266.95,30.71,28.35,264.59,Sale,Authorized
T00001694,O0000256,P00434,2025-07-13 15:07:00,2,2264.35,72.27,222.82,4679.25,Refund,Settled
T00001695,O0000105,P00415,2024-10-01 08:42:00,3,757.43,104.94,390.12,2557.47,Exchange,Refunded
T00001696,O0000726,P00228,2023-12-19 13:21:00,5,1471.82,59.47,364.98,7664.61,Refund,Captured
T00001697,O0000353,P00324,2024-01-09 02:05:00,3,2636.79,33.24,945.26,8822.39,Exchange,Failed
T00001698,O9999999,P00220,2025-10-03 15:04:00,3,2869.55,58.78,2393.96,10943.83,Exchange,Refunded
T00001699,O0000484,P00310,2025-12-22 16:40:00,2,3433.54,0.0,824.05,7691.13,Sale,Authorized
T00001700,O0000976,P00181,2023-07-21 02:40:00,3,2233.41,90.3,793.19,7403.12,Exchange,Failed
T00001701,O0000711,P00648,2023-09-15 15:23:00,3,897.1,67.04,734.79,3359.05,Sale,Authorized
T00001702,O0001322,P99999,2025-08-19 09:51:00,2,2328.36,42.27,553.73,5168.18,Sale,Captured
T00001703,O0000492,P00327,2024-04-27 17:13:00,5,731.08,65.52,1005.17,4595.05,Sale,Failed
T00001704,O0000806,P00626,2023-07-28 06:50:00,5,342.71,0.0,479.79,2193.34,Sale,Failed
T00001705,O0000239,P00649,2026-02-13 08:25:00,1,6279.48,0.0,1130.31,7409.79,Sale,Captured
T00001706,O0000190,P00459,2024-07-07 00:33:00,4,1275.1,64.51,906.46,5942.35,Sale,Failed
T00001707,O0001047,P00025,2024-08-31 00:01:00,5,1937.72,36.91,482.58,10134.27,Sale,Authorized
T00001708,O0000206,P00486,2025-07-10 23:21:00,2,1691.0,73.86,595.47,3903.61,Sale,Failed
T00001709,O0000071,P00096,2024-05-31 20:35:00,1,353.22,0.0,63.58,416.8,Sale,Captured
T00001710,O0000747,P00591,2025-08-26 18:42:00,3,858.73,0.0,128.81,2705.0,Exchange,Authorized
T00001711,O0000769,P00637,2025-08-15 01:43:00,1,603.75,0.0,72.45,676.2,Exchange,Refunded
T00001712,O0000833,P00348,2025-04-15 08:27:00,1,1248.15,105.1,137.17,1280.22,Sale,Settled
T00001713,O0000153,P00604,2024-01-18 10:34:00,1,,0.0,102.78,2158.46,Refund,Failed
T00001714,O0001347,P00254,2023-04-09 00:47:00,1,1966.76,0.0,550.69,2517.45,Refund,Failed
T00001715,O0000553,P00265,2024-05-20 08:34:00,5,1026.13,0.0,615.68,5746.33,Refund,Refunded
T00001716,O0000031,P00628,2025-10-16 21:23:00,4,2328.36,21.58,464.59,9756.45,Sale,Failed
T00001717,O0000475,P00308,2024-08-11 07:40:00,1,779.47,0.0,93.54,873.01,Sale,Failed
T00001718,O0001050,P00384,2024-01-22 19:16:00,4,2405.35,28.24,479.66,10072.82,Sale,Failed
T00001719,O0000181,P00386,2025-07-28 04:49:00,2,3100.73,0.0,310.07,6511.53,Sale,Failed
T00001720,O0000716,P00214,2024-04-09 19:32:00,2,2780.21,41.39,1545.33,7064.36,Sale,Settled
T00001721,O0000005,P00626,2023-04-19 01:45:00,5,342.71,64.98,461.6,2110.17,Sale,Settled
T00001722,O0000201,P00499,2023-03-06 14:22:00,4,610.27,0.0,292.93,2734.01,Refund,Settled
T00001723,O0001447,P00571,2024-06-14 00:06:00,1,350.54,0.0,42.06,392.6,Sale,Refunded
T00001724,O0000660,P00316,2025-09-27 08:00:00,2,3092.88,0.0,1732.01,7917.77,Sale,Captured
T00001725,O0000584,P00072,2025-05-08 01:56:00,1,626.2,48.35,69.34,647.19,Sale,Authorized
T00001726,O0000163,P00207,2024-02-26 05:28:00,1,2263.16,17.15,404.28,2650.29,Sale,Authorized
T00001727,O0000281,P00613,2025-08-16 10:19:00,5,991.92,105.45,242.71,5096.86,Sale,Captured
T00001728,O0000319,P00101,2024-09-08 15:19:00,3,4112.23,0.0,1480.4,13817.09,Refund,Refunded
T00001729,O0001129,P00359,2024-12-20 22:51:00,3,2650.85,0.0,954.31,8906.86,Refund,Refunded
T00001730,O0001145,P00507,2025-08-23 19:41:00,5,2313.64,0.0,3239.1,14807.3,Refund,Refunded
T00001731,O0001219,P00601,2024-02-26 10:10:00,3,922.2,0.0,138.33,2904.93,Sale,Authorized
T00001732,O0000855,P00542,2024-05-14 02:13:00,1,1230.15,67.39,139.53,1302.29,Sale,Refunded
T00001733,O0001424,P00138,2023-04-01 08:06:00,3,1422.69,31.19,211.84,4448.72,Sale,Authorized
T00001734,O0000014,P00073,2024-04-11 19:44:00,4,1357.29,0.0,271.46,5700.62,Sale,Authorized
T00001735,O0000895,P00628,2023-08-09 09:41:00,1,2328.36,141.49,109.34,,Sale,Captured
T00001736,O0000520,P00295,2025-05-09 23:18:00,1,1135.15,52.09,303.26,1386.32,Sale,Refunded
T00001737,O0000677,P00396,2024-03-30 02:21:00,5,2086.55,0.0,1877.89,12310.64,Sale,Settled
T00001738,O0001060,P00159,2024-05-11 08:57:00,2,1994.44,83.22,1093.58,4999.24,Refund,Captured
T00001739,O0000214,P00609,2025-06-27 21:57:00,2,543.13,20.45,127.9,1193.71,Sale,Authorized
T00001740,O0001384,P00259,2023-01-26 22:10:00,1,739.57,0.0,36.98,776.55,Sale,Authorized
T00001741,O0001288,P00391,2025-10-19 22:20:00,4,926.58,0.0,1037.77,4744.09,Sale,Captured
T00001742,O0000681,P00446,2023-03-05 02:47:00,3,945.95,0.0,141.89,2979.74,Exchange,Captured
T00001743,O0000097,P00599,2024-02-17 12:17:00,2,657.29,75.54,223.03,1462.07,Sale,Refunded
T00001744,O0000092,P00388,2024-07-08 00:59:00,4,396.28,27.65,280.34,1837.81,Sale,Failed
T00001745,O0000949,P00097,2023-01-26 04:33:00,4,1947.59,0.0,389.52,8179.88,Sale,Refunded
T00001746,O0000672,P00043,2026-01-20 00:12:00,4,635.71,98.59,293.31,2737.56,Sale,Authorized
T00001747,O0000008,P00337,2023-04-14 07:46:00,4,938.34,71.63,1030.88,4712.61,Refund,Settled
T00001748,O0000314,P00118,2025-10-21 13:36:00,4,343.36,118.34,150.61,1405.71,Exchange,Captured
T00001749,O0000655,P00635,2023-09-14 04:51:00,4,722.72,0.0,809.45,3700.33,Sale,Failed
T00001750,O0000938,P00608,2023-02-18 01:04:00,3,674.67,0.0,101.2,2125.21,Sale,Captured
T00001751,O9999999,P00489,2023-04-27 04:51:00,5,1259.88,0.0,314.97,6614.37,Exchange,Failed
T00001752,O0000905,P00535,2023-11-04 21:56:00,5,982.51,42.59,584.4,5454.36,Sale,Settled
T00001753,O0000470,P00163,2025-04-02 01:05:00,2,2433.02,0.0,583.92,5449.96,Exchange,Refunded
T00001754,O0000343,P00062,2023-11-02 06:19:00,5,2811.2,43.5,2522.25,16534.75,Sale,Failed
T00001755,O0000680,P00416,2023-02-17 04:45:00,4,2578.8,42.51,1232.72,11505.41,Sale,Refunded
T00001756,O0000163,P00276,2023-11-12 03:15:00,4,965.7,0.0,193.14,4055.94,Sale,Failed
T00001757,O0000397,P00120,2024-07-03 07:16:00,4,1114.75,102.26,1219.89,5576.63,Sale,Failed
T00001758,O0000761,P00086,2024-06-17 10:38:00,3,823.97,0.0,692.13,3164.04,Sale,Authorized
T00001759,O0000504,P00524,2024-09-08 00:40:00,4,2658.53,83.27,1899.15,12450.0,Sale,Captured
T00001760,O0001237,P00370,2025-04-27 00:00:00,2,358.44,0.0,129.04,845.92,Sale,Authorized
T00001761,O0000743,P00582,2023-04-07 14:51:00,4,898.82,65.78,988.26,4517.76,Sale,Authorized
T00001762,O0000477,P00647,2024-05-26 11:45:00,1,4699.55,0.0,563.95,5263.5,Sale,Settled
T00001763,O0000687,P00409,2023-07-24 05:05:00,1,978.33,24.39,171.71,1125.65,Sale,Settled
T00001764,O0000383,P00172,2026-01-05 08:13:00,2,1174.46,74.08,409.47,2684.31,Sale,Refunded
T00001765,O0000112,P00470,2023-07-15 11:40:00,5,3117.11,57.93,2794.97,18322.59,Sale,Refunded
T00001766,O0000759,P00205,2025-01-17 20:12:00,3,994.41,77.46,145.29,3051.06,Sale,Refunded
T00001767,O0000558,P00155,2024-10-15 05:45:00,3,,0.0,51.39,1079.19,Refund,Settled
T00001768,O0000251,P00641,2024-01-14 08:25:00,3,2777.24,32.35,995.92,9295.29,Exchange,Captured
T00001769,O0000888,P00206,2023-07-31 05:45:00,5,1195.08,53.87,296.08,6217.61,Sale,Authorized
T00001770,O0000573,P00173,2026-01-11 02:57:00,3,2215.3,0.0,797.51,7443.41,Sale,Captured
T00001771,O0001499,P00609,2023-11-18 19:29:00,1,543.13,34.1,142.53,651.56,Sale,Refunded
T00001772,O0000265,P00601,2023-08-28 22:11:00,4,922.2,21.39,183.37,3850.78,Sale,Captured
T00001773,O0000984,P00428,2025-10-20 15:30:00,1,1494.47,49.41,173.41,1618.47,Sale,Settled
T00001774,O0000311,P00045,2025-10-07 23:33:00,5,667.98,32.53,595.33,3902.7,Sale,Captured
T00001775,O0000305,P00133,2024-05-29 06:07:00,4,,0.0,566.86,3716.1,Sale,Authorized
T00001776,O9999999,P00067,2023-12-22 05:17:00,4,1531.06,65.61,727.04,6785.67,Exchange,Settled
T00001777,O0001020,P00302,2025-04-13 04:56:00,5,815.65,0.0,203.91,4282.16,Sale,Refunded
T00001778,O0000053,P00144,2025-09-07 13:54:00,5,1638.95,0.0,983.37,9178.12,Sale,Refunded
T00001779,O0000842,P00335,2025-11-14 11:50:00,5,951.56,18.95,568.66,5307.51,Exchange,Failed
T00001780,O0000231,P00530,2025-07-13 12:37:00,1,2887.29,0.0,144.36,3031.65,Sale,Settled
T00001781,O0000224,P00561,2025-07-29 11:15:00,5,1495.15,36.8,2082.91,9521.86,Sale,Refunded
T00001782,O0001341,P00250,2024-02-08 23:20:00,2,430.86,57.44,96.51,900.79,Sale,Settled
T00001783,O9999999,P00021,2023-12-27 15:34:00,2,1447.36,0.0,144.74,3039.46,Sale,Refunded
T00001784,O0000833,P00495,2025-03-26 23:32:00,5,394.24,25.38,233.5,2179.32,Sale,Authorized
T00001785,O0000863,P00058,2023-01-25 22:41:00,4,484.62,0.0,542.77,2481.25,Refund,Settled
T00001786,O0000183,P00285,2023-06-05 09:20:00,2,3076.57,109.97,1692.09,7735.26,Exchange,Captured
T00001787,O0001055,P00066,2023-09-06 18:01:00,3,1721.99,0.0,258.3,5424.27,Sale,Refunded
T00001788,O0000650,P00517,2024-04-08 10:22:00,1,720.85,30.45,193.31,883.71,Sale,Settled
T00001789,O0000853,P00381,2024-10-09 17:54:00,5,2393.2,22.94,1433.17,13376.23,Sale,Settled
T00001790,O0000786,P00023,2025-09-01 14:56:00,1,621.95,25.46,167.02,763.51,Sale,Captured
T00001791,O0000508,P00451,2024-08-31 23:14:00,4,1456.88,86.13,1607.59,7348.98,Refund,Failed
T00001792,O0000820,P00169,2026-02-18 12:10:00,3,3192.33,0.0,1149.24,10726.23,Refund,Refunded
T00001793,O0001314,P00479,2023-09-26 15:22:00,3,2517.76,0.0,2114.92,9668.2,Sale,Refunded
T00001794,O0000048,P00484,2025-09-01 21:29:00,1,407.54,102.43,54.92,360.03,Sale,Failed
T00001795,O0000505,P00630,2025-04-15 09:52:00,2,1376.55,0.0,330.37,3083.47,Sale,Authorized
T00001796,O0001412,P00160,2024-09-21 00:45:00,1,2470.79,134.52,654.16,2990.43,Sale,Authorized
T00001797,O0000839,P00001,2025-11-07 14:42:00,3,957.69,40.75,793.05,3625.37,Sale,Refunded
T00001798,O0001002,P00411,2024-12-12 06:48:00,5,521.91,0.0,730.67,3340.22,Sale,Refunded
T00001799,O0001018,P00450,2025-09-26 09:44:00,3,456.44,0.0,383.41,1752.73,Sale,Authorized
T00001800,O0000036,P00570,2024-12-04 23:48:00,1,1939.55,0.0,232.75,2172.3,Refund,Authorized
T00001801,O0001285,P00443,2024-03-30 00:02:00,1,419.5,88.94,59.5,390.06,Sale,Authorized
T00001802,O0001360,P00158,2023-05-02 19:18:00,1,856.77,31.07,99.08,924.78,Exchange,Authorized
T00001803,O0001448,P00361,2025-05-05 00:01:00,2,1208.87,0.0,290.13,2707.87,Refund,Settled
T00001804,O0000791,P00076,2023-03-02 12:09:00,5,1439.58,112.27,850.28,7935.91,Exchange,Captured
T00001805,O0000330,P00575,2024-12-13 10:09:00,2,1562.2,0.0,874.83,3999.23,Sale,Refunded
T00001806,O0000723,P00105,2024-11-25 22:19:00,3,1116.4,0.0,167.46,3516.66,Sale,Settled
T00001807,O0000077,P00455,2024-12-07 02:16:00,1,472.52,0.0,56.7,529.22,Refund,Settled
T00001808,O0001486,P00568,2025-04-17 05:00:00,3,578.72,120.77,452.31,2067.7,Sale,Refunded
T00001809,O0000435,P00467,2025-03-13 03:30:00,1,1637.97,0.0,458.63,2096.6,Sale,Authorized
T00001810,O0000380,P00369,2023-02-15 03:34:00,3,1194.11,0.0,644.82,,Exchange,Authorized
T00001811,O0000350,P00388,2023-07-29 19:37:00,2,396.28,59.02,36.68,770.22,Sale,Refunded
T00001812,O0000001,P00218,2023-05-15 17:59:00,5,400.81,37.56,550.62,2517.11,Refund,Authorized
T00001813,O0001385,P00382,2023-03-30 05:16:00,5,1510.94,112.97,893.01,8334.74,Sale,Captured
T00001814,O0000965,P00298,2023-01-20 09:54:00,2,948.1,24.79,224.57,2095.98,Exchange,Captured
T00001815,O0000346,P00093,2026-01-29 12:57:00,2,833.2,0.0,199.97,1866.37,Refund,Failed
T00001816,O0000861,P00103,2024-08-02 15:52:00,1,949.88,0.0,47.49,997.37,Exchange,Captured
T00001817,O0000429,P00073,2024-08-22 09:45:00,5,1357.29,91.14,1205.16,7900.47,Exchange,Captured
T00001818,O0000584,P00501,2023-08-06 15:29:00,1,791.16,26.33,38.24,803.07,Exchange,Failed
T00001819,O0000742,P00028,2023-06-20 09:48:00,1,849.75,0.0,152.96,1002.71,Sale,Authorized
T00001820,O0000630,P00251,2023-07-25 16:14:00,3,1353.72,58.58,1120.72,5123.3,Refund,Refunded
T00001821,O0001252,P00105,2025-07-02 17:55:00,1,1116.4,68.66,293.37,1341.11,Sale,Refunded
T00001822,O0000176,P00632,2025-08-04 13:53:00,2,775.91,88.2,73.18,1536.8,Sale,Refunded
T00001823,O0001076,P00441,2023-09-01 10:41:00,2,1987.94,32.15,1104.24,5047.97,Sale,Authorized
T00001824,O0001498,P00639,2023-05-21 03:44:00,1,854.95,25.86,232.15,1061.24,Refund,Failed
T00001825,O0001345,P00476,2025-09-16 09:43:00,1,292.44,0.0,35.09,327.53,Sale,Authorized
T00001826,O0000892,P00172,2026-01-17 23:13:00,1,1174.46,107.41,128.05,1195.1,Sale,Failed
T00001827,O0000908,P00063,2024-10-31 03:06:00,4,1009.6,31.42,1121.95,5128.93,Sale,Captured
T00001828,O0000935,P99999,2023-04-07 03:29:00,4,731.08,46.0,143.92,3022.24,Refund,Refunded
T00001829,O0000849,P00078,2025-03-31 19:55:00,3,1094.96,50.66,582.16,3816.38,Sale,Refunded
T00001830,O0000392,P00320,2024-09-26 23:08:00,3,2042.1,34.45,1705.72,7797.57,Exchange,Authorized
T00001831,O0000977,P00579,2025-12-05 20:38:00,1,461.39,33.34,119.85,547.9,Exchange,Captured
T00001832,O0000493,P00633,2025-10-05 20:54:00,4,992.11,0.0,198.42,4166.86,Sale,Authorized
T00001833,O0000346,P00336,2023-07-11 23:07:00,1,540.61,71.29,56.32,525.64,Sale,Refunded
T00001834,O0001203,P00097,2024-08-01 07:13:00,3,1947.59,96.82,1034.27,6780.22,Sale,Settled
T00001835,O0000566,P00300,2025-11-19 20:41:00,2,1156.14,0.0,647.44,2959.72,Sale,Refunded
T00001836,O0001223,P00277,2025-08-02 05:15:00,1,673.38,92.95,162.52,742.95,Sale,Settled
T00001837,O0000951,P00223,2024-08-14 20:13:00,5,584.47,0.0,350.68,3273.03,Sale,Authorized
T00001838,O0000013,P00631,2025-04-19 06:50:00,3,351.26,19.42,186.18,1220.54,Refund,Authorized
T00001839,O0000018,P00006,2023-12-25 20:59:00,4,1321.73,0.0,264.35,5551.27,Sale,Captured
T00001840,O0001113,P00114,2023-09-27 06:29:00,3,971.24,23.57,520.23,3410.38,Exchange,Authorized
T00001841,O0000944,P00384,2024-03-02 22:44:00,3,2405.35,128.24,850.54,7938.35,Sale,Captured
T00001842,O0000212,P00120,2024-12-27 21:32:00,2,1114.75,36.79,109.64,2302.35,Sale,Authorized
T00001843,O0000212,P00045,2023-04-11 12:26:00,5,667.98,50.03,592.18,3882.05,Sale,Settled
T00001844,O0000554,P00060,2023-09-22 20:56:00,1,,0.0,1538.81,10087.75,Exchange,Refunded
T00001845,O0000629,P00269,2023-12-21 04:18:00,4,373.57,18.79,265.59,1741.08,Exchange,Refunded
T00001846,O0001166,P00124,2023-06-18 22:26:00,4,1134.84,22.38,813.06,5330.04,Sale,Settled
T00001847,O0000108,P00428,2025-06-27 16:40:00,2,1494.47,0.0,836.9,3825.84,Refund,Failed
T00001848,O0000707,P00593,2024-05-14 04:40:00,5,770.03,107.34,1047.99,4790.8,Sale,Authorized
T00001849,O0000723,P00092,2025-02-24 04:26:00,1,316.65,19.0,14.88,312.53,Sale,Settled
T00001850,O0000684,P00590,2026-03-26 14:49:00,5,1035.11,52.02,256.18,5379.71,Exchange,Captured
T00001851,O0000323,P00539,2025-04-26 17:05:00,4,731.66,0.0,819.46,3746.1,Sale,Authorized
T00001852,O0001023,P00319,2025-05-09 10:41:00,1,1114.92,54.47,127.25,1187.7,Sale,Authorized
T00001853,O0000936,P00570,2024-01-13 00:32:00,5,1939.55,38.55,1159.1,10818.3,Sale,Failed
T00001854,O0000798,P00050,2025-11-07 02:05:00,2,1341.81,34.85,741.66,3390.43,Exchange,Authorized
T00001855,O0000905,P00249,2025-08-03 18:56:00,2,2451.32,0.0,1372.74,6275.38,Sale,Refunded
T00001856,O0000370,P99999,2023-10-29 13:50:00,4,814.71,51.4,898.08,4105.52,Refund,Refunded
T00001857,O0001232,P00447,2023-08-03 23:44:00,4,2194.11,0.0,1579.76,10356.2,Refund,Refunded
T00001858,O0001079,P00552,2025-06-20 22:09:00,4,2060.17,33.09,2298.13,10505.72,Sale,Authorized
T00001859,O0000974,P00447,2025-12-30 18:08:00,2,2194.11,24.07,523.7,4887.85,Sale,Settled
T00001860,O0000740,P00622,2024-12-08 07:10:00,5,399.15,0.0,99.79,2095.54,Sale,Settled
T00001861,O0000670,P00524,2024-04-18 21:32:00,4,2658.53,0.0,1276.09,11910.21,Sale,Failed
T00001862,O0000169,P00526,2025-02-13 21:58:00,4,3415.98,62.11,3808.51,17410.32,Refund,Settled
T00001863,O0001379,P00047,2024-05-19 20:49:00,5,428.55,0.0,107.14,2249.89,Refund,Settled
T00001864,O0000088,P00050,2023-04-25 00:47:00,3,,0.0,724.58,4750.01,Refund,Refunded
T00001865,O0000771,P00239,2024-10-17 17:32:00,3,1013.12,0.0,851.02,3890.38,Sale,Authorized
T00001866,O0000806,P00620,2023-02-03 14:33:00,2,1221.81,0.0,684.21,3127.83,Sale,Authorized
T00001867,O0000307,P00397,2023-06-15 15:39:00,1,323.39,0.0,38.81,362.2,Refund,Failed
T00001868,O0001019,P00306,2023-01-19 01:04:00,-2,660.17,0.0,0.0,0.0,Refund,Captured
T00001869,O0001260,P00618,2023-01-10 23:46:00,1,356.72,103.61,70.87,323.98,Sale,Captured
T00001870,O0001307,P00424,2023-03-15 20:40:00,2,2715.27,0.0,977.5,6408.04,Sale,Captured
T00001871,O0000290,P00129,2023-09-24 00:30:00,1,1764.17,0.0,317.55,2081.72,Sale,Settled
T00001872,O0000861,P00126,2023-03-23 03:50:00,5,382.58,70.22,515.95,2358.63,Sale,Authorized
T00001873,O0000868,P00156,2025-11-25 22:40:00,1,637.81,0.0,114.81,752.62,Refund,Refunded
T00001874,O0001493,P00101,2025-03-29 17:54:00,4,4112.23,26.33,1970.71,18393.3,Sale,Settled
T00001875,O0000177,P00303,2023-07-12 15:12:00,3,713.89,0.0,107.08,2248.75,Sale,Authorized
T00001876,O0000862,P00080,2024-11-25 10:28:00,2,1101.88,102.16,252.19,2353.79,Sale,Refunded
T00001877,O0000758,P00588,2023-10-09 11:15:00,3,732.6,0.0,395.6,2593.4,Refund,Settled
T00001878,O0000664,P00288,2026-02-20 19:09:00,-3,366.46,0.0,0.0,0.0,Sale,Settled
T00001879,O0001319,P00437,2025-09-06 04:42:00,2,487.39,36.77,262.64,1200.65,Exchange,Captured
T00001880,O0001209,P00344,2024-01-01 12:14:00,2,6262.46,74.21,622.54,13073.25,Sale,Settled
T00001881,O0001325,P00498,2024-01-26 17:34:00,1,2853.81,81.9,498.94,3270.85,Sale,Authorized
T00001882,O0001029,P00580,2024-03-11 16:09:00,3,1099.87,37.21,587.23,3849.63,Refund,Settled
T00001883,O0000927,P00386,2023-04-03 11:07:00,5,3100.73,26.88,773.84,16250.61,Sale,Refunded
T00001884,O0001285,P00513,2023-12-14 07:24:00,4,2118.92,0.0,2373.19,10848.87,Sale,Refunded
T00001885,O0001204,P00558,2025-09-24 11:33:00,1,3367.52,56.85,595.92,3906.59,Refund,Refunded
T00001886,O0001419,P00470,2025-08-05 02:33:00,3,3117.11,0.0,1683.24,11034.57,Sale,Authorized
T00001887,O0000108,P00252,2023-07-20 14:40:00,3,991.21,115.9,514.39,3372.12,Exchange,Settled
T00001888,O0001429,P00517,2023-10-30 19:32:00,2,720.85,148.62,64.65,1357.73,Sale,Refunded
T00001889,O0000606,P00414,2023-03-05 02:35:00,1,722.08,50.06,188.17,860.19,Sale,Authorized
T00001890,O0001109,P00252,2024-05-29 17:31:00,-4,991.21,44.0,-7.92,-51.92,Sale,Captured
T00001891,O0000836,P00180,2025-07-23 09:13:00,3,355.01,26.54,124.62,1163.11,Exchange,Captured
T00001892,O0001030,P00501,2023-10-08 01:51:00,3,791.16,0.0,427.23,2800.71,Exchange,Authorized
T00001893,O0000432,P00292,2025-02-02 00:38:00,3,335.25,133.37,104.69,977.07,Exchange,Captured
T00001894,O0001481,P00166,2023-06-27 16:59:00,4,5253.6,0.0,3782.59,24796.99,Exchange,Failed
T00001895,O0000446,P00440,2024-03-02 04:59:00,1,1708.73,53.4,198.64,1853.97,Sale,Settled
T00001896,O9999999,P00150,2025-12-30 13:27:00,4,676.34,86.96,733.15,3351.55,Sale,Settled
T00001897,O0000008,P00465,2026-03-18 19:09:00,1,5699.3,0.0,1025.87,6725.17,Exchange,Refunded
T00001898,O0000182,P00521,2023-09-18 06:04:00,4,3714.61,50.28,2665.47,17473.63,Sale,Settled
T00001899,O0001051,P00611,2024-10-28 10:01:00,3,1260.46,74.57,1037.91,4744.72,Sale,Captured
T00001900,O0001027,P00145,2023-06-12 11:19:00,3,2996.97,43.22,447.38,9395.07,Sale,Authorized
T00001901,O0000760,P00221,2023-11-05 16:35:00,3,511.68,0.0,184.2,1719.24,Sale,Captured
T00001902,O0001437,P00297,2026-02-09 14:42:00,5,703.12,0.0,984.37,4499.97,Sale,Authorized
T00001903,O0000931,P00405,2025-06-05 06:02:00,1,8401.89,103.69,2323.5,10621.7,Refund,Settled
T00001904,O0001350,P00570,2025-08-09 19:57:00,1,1939.55,107.9,329.7,2161.35,Exchange,Failed
T00001905,O0000483,P00570,2026-04-11 07:57:00,3,1939.55,63.36,287.76,6043.05,Exchange,Refunded
T00001906,O0001360,P00005,2025-10-06 22:17:00,5,892.69,73.83,526.75,4916.37,Sale,Settled
T00001907,O0000851,P00242,2026-01-20 11:21:00,1,1047.96,56.51,178.46,1169.91,Exchange,Captured
T00001908,O0000304,P00257,2026-04-08 12:17:00,1,964.2,0.0,269.98,1234.18,Exchange,Authorized
T00001909,O0000345,P00588,2023-01-17 08:12:00,4,732.6,0.0,351.65,3282.05,Sale,Captured
T00001910,O0000664,P00008,2023-08-03 15:14:00,5,300.57,37.71,410.24,1875.38,Exchange,Failed
T00001911,O0000905,P00161,2025-03-07 05:20:00,1,367.66,0.0,18.38,386.04,Sale,Failed
T00001912,O0001094,P00032,2023-11-14 10:36:00,5,2315.84,143.31,3202.05,14637.94,Exchange,Refunded
T00001913,O0001017,P00324,2023-12-13 15:01:00,1,2636.79,71.32,128.27,2693.74,Refund,Settled
T00001914,O0000139,P00645,2024-01-24 21:57:00,1,343.35,0.0,41.2,384.55,Sale,Settled
T00001915,O0001401,P00058,2025-09-30 09:34:00,1,484.62,32.94,22.58,474.26,Exchange,Refunded
T00001916,O0001131,P00273,2024-10-23 18:41:00,4,2698.11,88.81,2997.02,13700.65,Sale,Captured
T00001917,O0000539,P00650,2024-06-06 05:31:00,5,811.17,79.97,198.79,4174.67,Exchange,Authorized
T00001918,O0000657,P00307,2024-03-20 14:44:00,3,464.47,32.53,381.05,1741.93,Exchange,Captured
T00001919,O0000546,P00123,2023-01-24 12:01:00,5,554.02,0.0,138.5,2908.6,Refund,Failed
T00001920,O0001042,P00131,2023-03-05 21:36:00,5,3867.82,71.56,963.38,20230.92,Sale,Refunded
T00001921,O0000650,P00506,2023-11-20 02:34:00,1,2232.8,108.83,594.71,2718.68,Sale,Failed
T00001922,O0000984,P00337,2023-03-29 07:25:00,2,938.34,0.0,525.47,2402.15,Sale,Refunded
T00001923,O0000328,P00599,2026-04-15 10:28:00,5,657.29,0.0,164.32,3450.77,Sale,Authorized
T00001924,O0000754,P00389,2026-01-28 18:43:00,3,1152.22,0.0,967.86,4424.52,Exchange,Failed
T00001925,O0000428,P00197,2023-09-23 02:20:00,1,1399.17,115.51,64.18,1347.84,Sale,Authorized
T00001926,O0000841,P00103,2025-08-25 07:05:00,4,949.88,0.0,683.91,4483.43,Sale,Authorized
T00001927,O0000229,P00417,2026-02-14 17:43:00,1,975.29,0.0,117.03,1092.32,Sale,Authorized
T00001928,O0001239,P00418,2024-05-06 22:00:00,4,647.45,21.21,719.21,3287.8,Refund,Refunded
T00001929,O0000284,P00454,2025-06-08 12:11:00,2,1848.03,107.01,1004.93,4593.98,Sale,Authorized
T00001930,O0000429,P00601,2025-09-21 06:48:00,1,922.2,0.0,258.22,1180.42,Sale,Authorized
T00001931,O0001348,P00226,2025-07-03 08:32:00,1,1204.05,0.0,60.2,1264.25,Exchange,Captured
T00001932,O0000859,P00479,2023-02-07 03:17:00,2,2517.76,102.25,246.66,5179.93,Sale,Failed
T00001933,O0000102,P00529,2023-08-04 11:50:00,5,2632.47,59.32,655.15,13758.18,Exchange,Refunded
T00001934,O0000040,P00418,2024-05-03 20:34:00,5,647.45,18.62,579.35,3797.98,Sale,Settled
T00001935,O0000375,P00064,2025-03-18 22:48:00,2,701.5,56.64,67.32,1413.68,Refund,Settled
T00001936,O0000327,P00249,2024-08-01 14:39:00,3,2451.32,69.78,2039.57,9323.75,Refund,Settled
T00001937,O0000493,P00367,2023-07-29 10:44:00,1,699.03,63.88,31.76,666.91,Sale,Refunded
T00001938,O0000076,P00466,2025-04-28 07:56:00,3,1521.86,42.15,542.81,5066.24,Exchange,Authorized
T00001939,O0001300,P00345,2024-03-23 07:38:00,4,2652.43,0.0,1909.75,12519.47,Refund,Captured
T00001940,O0001244,P00229,2025-03-22 03:39:00,4,429.68,92.29,81.32,1707.75,Sale,Authorized
T00001941,O0000136,P00422,2023-06-29 01:21:00,4,563.18,73.12,392.33,2571.93,Sale,Settled
T00001942,O0000561,P00135,2024-01-01 20:29:00,1,625.43,70.71,99.85,654.57,Sale,Failed
T00001943,O0000819,P00313,2024-06-23 07:26:00,5,1062.9,94.13,261.02,5481.39,Refund,Authorized
T00001944,O0001225,P00012,2023-05-02 04:23:00,5,3578.69,29.74,893.19,18756.9,Exchange,Authorized
T00001945,O0000343,P00334,2023-01-03 05:11:00,2,3441.41,0.0,344.14,7226.96,Refund,Authorized
T00001946,O0000286,P00153,2023-01-04 23:59:00,5,619.2,71.65,846.82,3871.17,Sale,Failed
T00001947,O0000401,P00228,2023-12-15 17:44:00,1,1471.82,0.0,176.62,1648.44,Sale,Failed
T00001948,O0000193,P00495,2024-07-04 18:43:00,3,394.24,13.59,327.36,1496.49,Refund,Refunded
T00001949,O0000348,P00607,2024-07-03 10:02:00,1,1106.86,0.0,55.34,1162.2,Sale,Failed
T00001950,O0000272,P00469,2024-11-09 06:36:00,5,1328.21,83.88,786.86,7344.03,Sale,Captured
T00001951,O0000382,P99999,2025-05-02 09:12:00,5,8520.28,26.8,7663.43,50238.03,Sale,Refunded
T00001952,O0000299,P00270,2025-07-09 19:03:00,5,452.01,103.18,258.82,2415.69,Sale,Settled
T00001953,O0001144,P00337,2025-06-11 12:59:00,3,938.34,138.24,321.21,2997.99,Sale,Captured
T00001954,O0001379,P00566,2024-06-20 19:19:00,1,7675.14,17.94,918.86,8576.06,Sale,Settled
T00001955,O0000726,P00171,2025-07-13 12:46:00,4,549.04,0.0,109.81,2305.97,Refund,Failed
T00001956,O0001249,P00347,2023-10-09 00:45:00,3,474.59,0.0,170.85,1594.62,Refund,Refunded
T00001957,O0001199,P00369,2024-10-04 15:01:00,1,1194.11,109.22,54.24,1139.13,Sale,Refunded
T00001958,O0000121,P00056,2023-08-13 01:35:00,1,1034.64,0.0,51.73,1086.37,Exchange,Captured
T00001959,O0000008,P00203,2024-11-15 03:57:00,5,2094.39,49.05,521.14,10944.04,Sale,Failed
T00001960,O0000161,P00404,2025-01-20 11:58:00,2,1478.94,63.95,520.91,3414.84,Exchange,Authorized
T00001961,O0000359,P00053,2025-08-19 02:44:00,3,660.72,0.0,237.86,2220.02,Sale,Settled
T00001962,O0000372,P00272,2025-09-20 05:38:00,2,1386.16,22.62,494.95,3244.65,Sale,Refunded
T00001963,O0000598,P00230,2025-06-23 23:01:00,1,1153.03,0.0,57.65,1210.68,Sale,Authorized
T00001964,O0001262,P00221,2024-06-30 05:13:00,3,511.68,98.41,258.59,1695.22,Sale,Authorized
T00001965,O0000252,P00241,2025-01-11 02:42:00,3,1292.19,78.17,189.92,3988.32,Exchange,Authorized
T00001966,O0001338,P00593,2025-10-09 04:35:00,5,770.03,0.0,693.03,4543.18,Sale,Refunded
T00001967,O0001483,P00569,2023-10-19 08:14:00,2,1806.43,120.46,977.87,4470.27,Refund,Captured
T00001968,O0001157,P00235,2024-11-17 23:20:00,2,4590.46,0.0,459.05,9639.97,Sale,Authorized
T00001969,O0000021,P00401,2026-02-17 09:19:00,2,711.86,92.16,66.58,1398.14,Refund,Failed
T00001970,O0001080,P00577,2024-08-19 06:14:00,4,2755.34,0.0,3085.98,14107.34,Exchange,Refunded
T00001971,O0000703,P00160,2026-03-14 20:25:00,3,2470.79,50.59,1325.12,8686.9,Sale,Refunded
T00001972,O0000232,P00336,2024-02-03 02:13:00,2,540.61,0.0,54.06,1135.28,Exchange,Settled
T00001973,O0000156,P00461,2025-04-20 04:05:00,3,614.75,144.67,203.95,1903.53,Sale,Authorized
T00001974,O0000876,P00377,not_a_date,3,2027.92,57.9,1687.24,7713.1,Refund,Authorized
T00001975,O0000235,P00019,2024-09-15 20:53:00,4,824.63,0.0,593.73,3892.25,Sale,Authorized
T00001976,O0000228,P00095,2024-02-03 00:25:00,1,2338.52,128.12,110.52,2320.92,Sale,Settled
T00001977,O0000125,P00254,2023-10-01 22:29:00,4,1966.76,61.09,1405.07,9211.02,Refund,Failed
T00001978,O0000430,P00156,2024-12-20 18:17:00,5,637.81,27.99,158.05,3319.11,Sale,Failed
T00001979,O0000664,P00607,2024-01-05 15:44:00,5,1106.86,0.0,996.17,6530.47,Refund,Authorized
T00001980,O0001394,P00401,2023-12-03 07:00:00,3,,0.0,597.96,2733.54,Sale,Settled
T00001981,O0000089,P00540,2025-11-16 17:47:00,2,1169.87,0.0,655.13,2994.87,Sale,Authorized
T00001982,O0000406,P00522,2024-07-15 02:42:00,4,1779.6,37.77,1274.51,8355.14,Sale,Failed
T00001983,O0000296,P00641,2023-01-08 06:09:00,1,2777.24,40.4,766.32,3503.16,Exchange,Authorized
T00001984,O0000685,P00317,2026-04-13 22:35:00,2,1430.04,0.0,343.21,3203.29,Exchange,Failed
T00001985,O0000176,P00191,2025-03-23 00:44:00,3,1210.77,0.0,435.88,4068.19,Sale,Captured
T00001986,O0000337,P00256,2024-11-07 09:00:00,2,305.5,74.64,96.54,632.9,Exchange,Refunded
T00001987,O0000573,P00564,2025-03-23 21:36:00,1,446.03,32.35,74.46,488.14,Exchange,Authorized
T00001988,O0000656,P00340,2024-04-24 08:11:00,4,975.69,22.11,194.03,4074.68,Sale,Captured
T00001989,O0000973,P00093,2024-12-11 02:47:00,3,833.2,0.0,124.98,2624.58,Sale,Settled
T00001990,O0000871,P00121,2025-04-22 20:05:00,1,1215.4,37.77,211.97,1389.6,Sale,Captured
T00001991,O0000857,P00146,2025-08-28 12:42:00,3,631.65,0.0,227.39,2122.34,Sale,Refunded
T00001992,O0000221,P00016,2024-03-17 01:58:00,2,1626.04,0.0,585.37,3837.45,Exchange,Captured
T00001993,O0000972,P00416,2023-05-19 20:11:00,5,2578.8,0.0,644.7,13538.7,Sale,Refunded
T00001994,O0000348,P00621,2024-02-16 01:27:00,3,1796.2,0.0,269.43,5658.03,Sale,Captured
T00001995,O0000425,P00224,2023-06-01 06:27:00,3,393.28,107.45,53.62,1126.01,Exchange,Settled
T00001996,O0000266,P00123,2025-07-18 03:35:00,3,554.02,0.0,199.45,1861.51,Refund,Failed
T00001997,O0000873,P00161,2023-02-08 15:43:00,3,367.66,102.62,280.1,1280.46,Exchange,Refunded
T00001998,O0000116,P00361,2025-08-16 09:54:00,2,1208.87,0.0,120.89,2538.63,Exchange,Settled
T00001999,O0000004,P00043,2024-05-05 18:31:00,5,635.71,0.0,381.43,3559.98,Exchange,Authorized
T00002000,O0001362,P00216,2026-04-07 16:43:00,1,625.34,76.02,65.92,615.24,Refund,Refunded
T00002001,O0001476,P99999,2023-03-28 18:07:00,2,1314.22,78.54,127.5,2677.4,Sale,Authorized
T00002002,O0001281,P00364,2024-07-22 16:25:00,1,2420.65,0.0,290.48,2711.13,Refund,Settled
T00002003,O0000038,P00497,2026-01-28 00:18:00,3,384.93,25.08,316.32,1446.03,Exchange,Authorized
T00002004,O0001291,P00195,2026-01-12 14:59:00,5,1391.59,43.14,1936.15,8850.96,Sale,Refunded
T00002005,O0001000,P00057,2023-08-07 08:42:00,3,1219.37,0.0,1024.27,4682.38,Sale,Refunded
T00002006,O0000547,P00538,2024-12-28 23:54:00,1,863.83,0.0,103.66,967.49,Sale,Settled
T00002007,O0000057,P00317,2023-06-24 22:58:00,2,1430.04,0.0,343.21,3203.29,Exchange,Refunded
T00002008,O0000522,P00026,2023-04-03 04:37:00,2,1193.76,146.34,403.41,2644.59,Exchange,Captured
T00002009,O0000251,P00019,2025-09-01 04:36:00,1,824.63,103.98,129.72,850.37,Sale,Authorized
T00002010,O0000836,P00146,2023-10-17 22:25:00,2,631.65,0.0,353.72,1617.02,Sale,Settled
T00002011,O0000529,P00078,2025-08-23 04:30:00,3,1094.96,47.72,161.86,3399.02,Exchange,Settled
T00002012,O0001290,P00057,2025-02-27 13:11:00,1,1219.37,65.96,138.41,1291.82,Exchange,Captured
T00002013,O0001324,P00391,2025-04-19 23:02:00,4,926.58,57.73,656.75,4305.34,Exchange,Settled
T00002014,O0001006,P00026,2024-03-10 08:07:00,2,1193.76,0.0,429.75,2817.27,Exchange,Failed
T00002015,O0000498,P00429,2024-01-19 01:37:00,5,885.71,0.0,797.14,5225.69,Sale,Settled
T00002016,O0000215,P00356,2024-09-11 21:19:00,3,454.95,34.37,159.66,1490.14,Sale,Refunded
T00002017,O0000136,P00311,2023-04-21 14:16:00,2,775.66,0.0,186.16,1737.48,Refund,Captured
T00002018,O0000280,P00176,2026-01-29 00:29:00,4,1562.8,31.91,1741.4,,Refund,Failed
T00002019,O0000423,P00534,2024-04-27 06:33:00,5,1348.52,25.46,1880.8,8597.94,Exchange,Refunded
T00002020,O0000906,P00155,2024-12-29 03:12:00,2,342.6,0.0,34.26,719.46,Refund,Authorized
T00002021,O0000368,P00216,2024-07-04 07:04:00,5,625.34,95.23,151.57,3183.04,Sale,Authorized
T00002022,O0001034,P00249,2023-03-25 11:29:00,2,2451.32,47.11,242.78,5098.31,Sale,Authorized
T00002023,O0001261,P00573,2026-01-22 18:35:00,1,484.07,118.49,18.28,383.86,Sale,Authorized
T00002024,O0000991,P00101,2023-08-08 02:21:00,3,4112.23,59.73,613.85,12890.81,Sale,Captured
T00002025,O0000870,P00598,2024-10-04 06:01:00,1,1444.94,95.94,242.82,1591.82,Refund,Authorized
T00002026,O0000841,P00549,2025-04-10 01:39:00,2,1188.72,24.86,282.31,2634.89,Refund,Settled
T00002027,O0000761,P00412,2025-04-04 19:09:00,5,2875.16,33.27,717.13,15059.66,Refund,Refunded
T00002028,O0001378,P00224,2025-06-28 12:25:00,1,393.28,0.0,47.19,440.47,Sale,Settled
T00002029,O0000574,P00450,2024-02-01 02:29:00,-1,456.44,25.4,-7.11,-32.51,Sale,Captured
T00002030,O0001379,P00124,2024-12-27 21:06:00,1,,0.0,317.76,1452.6,Refund,Captured
T00002031,O0000770,P00206,2023-02-11 04:49:00,3,1195.08,0.0,645.34,4230.58,Sale,Failed
T00002032,O0000354,P00444,2024-05-11 12:07:00,1,2184.05,0.0,393.13,2577.18,Sale,Refunded
T00002033,O0000301,P00298,2025-11-09 10:28:00,2,948.1,65.28,91.55,1922.47,Sale,Failed
T00002034,O0000840,P00108,2024-09-27 17:55:00,2,619.06,0.0,148.57,1386.69,Sale,Captured
T00002035,O0000914,P00643,2024-12-17 15:50:00,1,1827.15,0.0,219.26,2046.41,Exchange,Refunded
T00002036,O0000625,P00096,2026-01-24 05:39:00,2,353.22,123.64,69.94,652.74,Sale,Captured
T00002037,O0000685,P00562,2023-06-06 13:02:00,1,1506.43,25.56,74.04,1554.91,Sale,Captured
T00002038,O0000281,P00364,2023-11-09 07:33:00,5,2420.65,80.79,3366.29,15388.75,Sale,Refunded
T00002039,O0000466,P00419,2024-11-19 01:36:00,5,748.38,0.0,449.03,4190.93,Refund,Refunded
T00002040,O0001427,P00274,not_a_date,2,2291.79,0.0,229.18,4812.76,Sale,Settled
T00002041,O0001273,P00550,2024-09-02 09:46:00,5,1074.84,15.49,267.94,5626.65,Sale,Settled
T00002042,O0000605,P00014,2025-10-21 03:53:00,3,706.94,0.0,593.83,2714.65,Sale,Failed
T00002043,O0001440,P99999,not_a_date,2,2634.78,0.0,1475.48,6745.04,Sale,Settled
T00002044,O0000997,P00090,2023-12-20 19:59:00,3,1526.39,133.18,533.52,4979.51,Sale,Refunded
T00002045,O0000604,P00567,2025-07-19 05:27:00,2,954.17,87.08,327.83,2149.09,Sale,Authorized
T00002046,O0000063,P00624,2026-01-08 05:34:00,4,1264.8,70.89,1396.73,6385.04,Exchange,Settled
T00002047,O0000858,P00131,2024-08-01 03:00:00,1,3867.82,0.0,464.14,4331.96,Sale,Authorized
T00002048,O0000226,P00072,2025-11-20 09:37:00,2,626.2,0.0,350.67,1603.07,Sale,Settled
T00002049,O0000729,P00246,2023-06-17 19:00:00,5,360.55,58.63,209.29,1953.41,Refund,Authorized
T00002050,O0000114,P00275,2024-06-10 23:48:00,2,1047.21,60.23,366.15,2400.34,Sale,Settled
T00002051,O0000156,P00015,2025-01-07 06:40:00,4,904.35,55.52,178.09,3739.97,Sale,Settled
T00002052,O0000945,P00106,2025-05-26 08:48:00,1,1601.92,99.8,270.38,1772.5,Exchange,Refunded
T00002053,O0001060,P00317,2026-03-16 01:44:00,1,1430.04,0.0,400.41,1830.45,Sale,Settled
T00002054,O0000552,P00113,2025-06-27 11:02:00,4,513.94,55.11,240.08,2240.73,Sale,Authorized
T00002055,O0000051,P00016,2024-08-07 16:59:00,3,1626.04,68.74,1346.63,6156.01,Refund,Refunded
T00002056,O0001164,P00057,2024-04-26 15:22:00,2,1219.37,0.0,292.65,2731.39,Sale,Captured
T00002057,O0000279,P00092,2024-10-23 14:04:00,4,316.65,60.22,217.15,1423.53,Sale,Refunded
T00002058,O0000796,P00581,2024-03-11 13:04:00,1,7332.84,63.21,1308.53,8578.16,Refund,Refunded
T00002059,O0000380,P00333,2025-08-20 15:15:00,5,1608.04,62.93,398.86,8376.13,Sale,Failed
T00002060,O0000124,P00353,2024-04-23 02:32:00,2,1523.37,0.0,853.09,3899.83,Sale,Failed
T00002061,O0001106,P00450,2023-09-09 02:27:00,5,456.44,0.0,410.8,2693.0,Sale,Authorized
T00002062,O0000043,P00325,2026-04-14 13:36:00,2,390.36,0.0,218.6,999.32,Exchange,Refunded
T00002063,O0000958,P00572,2024-06-19 03:48:00,2,356.01,0.0,35.6,747.62,Refund,Settled
T00002064,O0001159,P00493,2024-05-03 02:56:00,1,1150.39,0.0,57.52,1207.91,Refund,Authorized
T00002065,O0001408,P00484,2024-12-10 12:00:00,5,407.54,0.0,366.79,2404.49,Sale,Captured
T00002066,O0000091,P00155,2024-07-09 01:15:00,2,342.6,113.9,102.83,674.13,Exchange,Settled
T00002067,O0000329,P00642,2024-10-03 20:53:00,4,263.5,0.0,295.12,1349.12,Sale,Settled
T00002068,O0001162,P00390,2025-04-19 08:31:00,1,1046.09,14.05,288.97,1321.01,Refund,Refunded
T00002069,O0000607,P00608,2025-12-07 01:01:00,4,674.67,62.14,738.23,3374.77,Exchange,Failed
T00002070,O0000890,P00238,2023-07-05 23:02:00,1,3482.03,139.67,401.08,3743.44,Sale,Captured
T00002071,O0001480,P00385,2025-05-24 22:04:00,5,3602.73,0.0,900.68,18914.33,Sale,Settled
T00002072,O0000307,P00176,2024-11-25 16:35:00,2,1562.8,63.54,857.38,3919.44,Exchange,Failed
T00002073,O0000069,P00310,2023-06-06 23:12:00,5,3433.54,0.0,4806.96,21974.66,Exchange,Failed
T00002074,O0001256,P00306,2023-06-15 20:29:00,5,660.17,34.6,391.95,3658.2,Refund,Failed
T00002075,O0000733,P00532,2023-04-18 00:05:00,1,490.37,69.55,117.83,538.65,Sale,Authorized
T00002076,O0000913,P00404,2024-01-09 21:51:00,5,1478.94,20.24,2064.85,9439.31,Exchange,Settled
T00002077,O0000352,P00133,2024-10-20 08:52:00,5,787.31,51.48,466.21,4351.28,Exchange,Settled
T00002078,O0000945,P00239,2024-12-26 07:05:00,4,1013.12,0.0,202.62,4255.1,Sale,Refunded
T00002079,O0000184,P00035,2025-01-31 09:44:00,1,742.31,27.26,200.21,915.26,Sale,Captured
T00002080,O0001316,P00520,2025-08-27 04:32:00,3,325.81,108.03,43.47,912.87,Sale,Refunded
T00002081,O0000351,P00312,2024-05-05 07:13:00,1,519.0,60.17,55.06,513.89,Exchange,Failed
T00002082,O0000729,P00352,2023-09-22 14:39:00,2,980.55,0.0,235.33,2196.43,Sale,Authorized
T00002083,O0000094,P00565,2025-07-16 05:41:00,3,690.67,135.31,96.83,2033.53,Exchange,Captured
T00002084,O0000189,P00577,2023-03-11 11:08:00,5,2755.34,37.29,2473.09,16212.5,Sale,Failed
T00002085,O0000630,P00214,2023-01-21 18:04:00,2,2780.21,0.0,1000.88,6561.3,Sale,Authorized
T00002086,O0000507,P00423,2024-11-04 00:22:00,2,1943.59,70.08,458.05,4275.15,Sale,Captured
T00002087,O0001063,P00272,2024-08-28 08:27:00,2,1386.16,38.24,492.13,3226.21,Sale,Captured
T00002088,O0001024,P00600,2023-11-29 22:05:00,4,683.35,0.0,328.01,3061.41,Sale,Refunded
T00002089,O0000074,P00469,2023-12-19 19:02:00,3,1328.21,0.0,1115.7,5100.33,Refund,Settled
T00002090,O0000650,P00375,2025-06-17 12:04:00,4,663.73,18.42,316.38,2952.88,Refund,Refunded
T00002091,O0001492,P00428,2024-04-26 04:18:00,3,1494.47,82.97,1232.12,5632.56,Sale,Settled
T00002092,O0000186,P00098,2025-11-12 21:49:00,5,992.9,0.0,893.61,5858.11,Sale,Authorized
T00002093,O0000304,P00287,2025-02-07 14:58:00,3,1028.88,0.0,370.4,3457.04,Sale,Settled
T00002094,O0000270,P00166,2024-02-07 00:11:00,5,5253.6,67.06,1310.05,27510.99,Sale,Settled
T00002095,O0001316,P00026,2025-03-16 05:52:00,1,1193.76,0.0,214.88,1408.64,Exchange,Captured
T00002096,O0000992,P00181,2023-12-09 21:01:00,3,2233.41,0.0,1876.06,8576.29,Sale,Settled
T00002097,O0000786,P00150,2026-02-15 09:35:00,5,676.34,0.0,608.71,3990.41,Exchange,Failed
T00002098,O0001009,P00445,2023-01-07 16:51:00,5,450.95,0.0,112.74,2367.49,Sale,Failed
T00002099,O0001246,P00113,2024-06-24 23:54:00,4,513.94,60.81,239.39,2234.34,Refund,Settled
T00002100,O0000818,P00393,2025-10-08 13:41:00,3,817.39,12.78,121.97,2561.36,Sale,Authorized
T00002101,O0000289,P00472,2024-09-25 19:19:00,2,1853.51,66.81,1019.26,4659.47,Sale,Failed
T00002102,O0001305,P00328,2024-07-10 19:18:00,2,1190.02,0.0,428.41,2808.45,Exchange,Authorized
T00002103,O0000289,P00161,2026-02-25 19:28:00,5,367.66,78.35,316.79,,Sale,Settled
T00002104,O0001070,P00623,2025-05-14 19:36:00,1,917.94,0.0,257.02,1174.96,Sale,Authorized
T00002105,O0000873,P00591,2025-02-10 15:46:00,1,858.73,0.0,103.05,961.78,Exchange,Captured
T00002106,O0001024,P00276,2023-12-16 05:32:00,5,965.7,39.78,861.97,5650.69,Refund,Captured
T00002107,O0001262,P00240,2023-03-12 08:13:00,4,1093.73,40.78,520.1,4854.24,Refund,Captured
T00002108,O0001279,P00615,2025-03-10 20:33:00,4,3255.89,0.0,2344.24,15367.8,Refund,Failed
T00002109,O0001349,P00330,2025-01-08 22:12:00,4,2473.61,139.95,2731.26,12485.75,Sale,Refunded
T00002110,O0001334,P00110,2025-04-27 23:22:00,5,713.85,0.0,642.47,4211.72,Exchange,Refunded
T00002111,O0000106,P00375,2023-01-04 10:16:00,5,663.73,0.0,398.24,3716.89,Sale,Settled
T00002112,O0000991,P00234,2024-06-20 07:45:00,5,969.08,16.35,1352.13,6181.18,Sale,Refunded
T00002113,O0000137,P00246,2023-02-18 08:19:00,3,360.55,0.0,194.7,1276.35,Sale,Authorized
T00002114,O0000884,P00133,2023-08-21 20:06:00,1,787.31,39.97,37.37,784.71,Sale,Refunded
T00002115,O0000842,P00046,2024-10-03 01:39:00,3,1515.56,12.51,544.1,5078.27,Exchange,Refunded
T00002116,O0000809,P00088,2023-03-24 04:45:00,4,350.14,119.46,358.71,1639.81,Sale,Failed
T00002117,O0000010,P00258,2023-01-29 03:00:00,1,1558.8,0.0,187.06,1745.86,Exchange,Settled
T00002118,O0000080,P00009,2024-07-21 23:20:00,2,1116.34,0.0,267.92,2500.6,Sale,Failed
T00002119,O0000930,P00636,2023-06-20 12:41:00,2,951.46,116.72,89.31,1875.51,Sale,Failed
T00002120,O0000444,P00189,2025-11-16 17:08:00,4,707.89,90.49,137.05,2878.12,Refund,Failed
T00002121,O0000600,P00380,2025-03-17 13:56:00,5,1495.09,67.19,370.41,7778.67,Refund,Settled
T00002122,O0000601,P00338,2023-08-19 13:34:00,2,1221.04,84.61,424.34,2781.81,Sale,Authorized
T00002123,O0000958,P00183,2025-07-11 01:59:00,2,,0.0,621.32,5799.02,Refund,Settled
T00002124,O0000355,P00257,2025-12-18 18:40:00,2,964.2,0.0,347.11,2275.51,Sale,Settled
T00002125,O0001386,P00447,2025-05-01 06:19:00,1,2194.11,0.0,614.35,2808.46,Exchange,Settled
T00002126,O0000645,P00526,2023-02-22 03:14:00,1,3415.98,44.66,404.56,3775.88,Exchange,Failed
T00002127,O0001167,P99999,2025-09-30 23:35:00,3,757.43,0.0,636.24,2908.53,Sale,Settled
T00002128,O0000435,P00620,2025-02-10 15:42:00,1,1221.81,0.0,61.09,1282.9,Exchange,Captured
T00002129,O0001271,P00057,2023-02-10 14:29:00,4,,0.0,243.87,5121.35,Sale,Authorized
T00002130,O0001196,P00223,2024-02-08 16:40:00,1,584.47,37.59,98.44,645.32,Sale,Refunded
T00002131,O0000185,P00121,2024-07-10 05:38:00,5,1215.4,98.36,1674.02,7652.66,Refund,Authorized
T00002132,O0000237,P00117,2025-01-08 09:57:00,3,599.39,28.69,318.51,2087.99,Exchange,Authorized
T00002133,O0000701,P00506,2024-01-12 11:14:00,4,2232.8,0.0,2500.74,11431.94,Sale,Captured
T00002134,O0000111,P00274,2023-07-18 21:08:00,3,2291.79,72.19,1224.57,8027.75,Sale,Failed
T00002135,O0000058,P00344,2025-09-02 20:01:00,3,6262.46,71.91,935.77,19651.24,Sale,Authorized
T00002136,O0001490,P00469,2026-01-10 14:32:00,5,1328.21,99.21,785.02,7326.86,Sale,Captured
T00002137,O0000428,P00383,2025-05-12 05:20:00,3,1443.48,109.22,1181.94,5403.16,Sale,Captured
T00002138,O0000405,P00006,2023-11-16 06:57:00,2,1321.73,0.0,317.22,2960.68,Sale,Authorized
T00002139,O0001357,P00082,2023-03-28 20:30:00,1,497.06,0.0,89.47,586.53,Sale,Refunded
T00002140,O0001143,P00593,2023-04-10 01:58:00,1,770.03,47.21,130.11,852.93,Exchange,Authorized
T00002141,O0000264,P00033,not_a_date,2,759.93,44.77,177.01,1652.1,Sale,Failed
T00002142,O0000271,P99999,2024-08-21 13:38:00,1,963.16,37.46,166.63,1092.33,Sale,Captured
T00002143,O0000494,P99999,2024-07-08 08:54:00,5,1848.03,93.64,457.33,9603.84,Sale,Refunded
T00002144,O0000442,P00339,2025-09-21 06:42:00,5,1347.35,49.44,802.48,7489.79,Exchange,Refunded
T00002145,O0000673,P00331,2023-08-02 02:40:00,1,812.24,0.0,40.61,852.85,Sale,Captured
T00002146,O0000643,P00252,2023-12-10 23:15:00,3,991.21,117.89,514.03,3369.77,Refund,Settled
T00002147,O0000197,P00129,2024-09-17 18:05:00,5,1764.17,132.54,1042.6,9730.91,Refund,Authorized
T00002148,O0000831,P00331,2026-02-03 18:15:00,5,812.24,70.51,478.88,4469.57,Sale,Failed
T00002149,O0000370,P00388,2023-02-10 14:07:00,2,396.28,57.96,132.23,866.83,Sale,Captured
T00002150,O0000997,P00115,2023-03-08 02:20:00,1,1928.25,36.94,226.96,2118.27,Sale,Authorized
T00002151,O0000046,P00150,2025-11-13 04:17:00,4,676.34,23.81,134.08,2815.63,Sale,Refunded
T00002152,O0000054,P00043,2023-09-16 19:29:00,5,635.71,0.0,572.14,3750.69,Sale,Failed
T00002153,O0000429,P00126,2023-12-21 20:29:00,2,382.58,33.12,36.6,768.64,Sale,Authorized
T00002154,O0000889,P00132,2025-04-08 03:43:00,5,1612.31,65.16,399.82,8396.21,Sale,Refunded
T00002155,O0000633,P00406,2023-04-26 15:54:00,3,931.19,91.05,324.3,3026.82,Sale,Authorized
T00002156,O0000545,P00644,2023-06-14 10:13:00,4,778.94,52.65,857.67,3920.78,Sale,Failed
T00002157,O0001036,P00108,2023-09-06 23:34:00,4,619.06,0.0,297.15,2773.39,Refund,Failed
T00002158,O0001020,P00325,2023-06-17 13:41:00,2,390.36,32.45,134.69,882.96,Refund,Authorized
T00002159,O0000222,P00339,2025-02-03 14:39:00,4,1347.35,0.0,269.47,5658.87,Exchange,Captured
T00002160,O0001121,P00174,2023-11-12 07:43:00,1,1271.88,50.14,146.61,1368.35,Sale,Captured
T00002161,O0000320,P00571,2024-03-23 05:20:00,4,350.54,29.84,384.25,1756.57,Refund,Authorized
T00002162,O0000498,P00613,2024-09-10 08:15:00,3,991.92,43.66,351.85,3283.95,Sale,Refunded
T00002163,O0000579,P00375,2025-09-29 02:22:00,1,663.73,26.15,31.88,669.46,Exchange,Settled
T00002164,O0000789,P00130,2026-02-11 05:55:00,2,528.17,0.0,295.78,1352.12,Sale,Failed
T00002165,O0000667,P00584,2024-11-03 15:56:00,4,2272.63,0.0,454.53,9545.05,Refund,Settled
T00002166,O0000440,P00612,2023-01-09 23:28:00,5,665.04,54.26,392.51,3663.45,Refund,Failed
T00002167,O0001421,P00371,2024-09-06 15:07:00,2,724.58,30.86,170.2,1588.5,Sale,Failed
T00002168,O0001478,P00577,2023-01-29 12:27:00,1,2755.34,0.0,771.5,3526.84,Exchange,Authorized
T00002169,O0000331,P00090,2024-10-05 10:50:00,1,1526.39,0.0,76.32,1602.71,Exchange,Captured
T00002170,O0000934,P00002,2024-04-30 05:30:00,3,473.19,34.74,387.75,1772.58,Exchange,Captured
T00002171,O0001318,P00505,2024-12-13 21:11:00,3,810.42,0.0,680.75,3112.01,Refund,Refunded
T00002172,O0000689,P00312,2025-04-30 16:17:00,2,519.0,14.76,51.16,1074.4,Exchange,Captured
T00002173,O0000636,P00599,2024-10-29 22:13:00,3,657.29,0.0,98.59,2070.46,Sale,Refunded
T00002174,O0001295,P00345,2023-06-11 00:35:00,1,2652.43,56.64,129.79,2725.58,Sale,Failed
T00002175,O0001265,P00315,2025-02-09 22:24:00,4,792.17,17.31,378.16,3529.53,Exchange,Refunded
T00002176,O0000968,P00005,2024-01-15 20:21:00,2,892.69,30.96,87.72,1842.14,Refund,Settled
T00002177,O0001013,P00430,2025-09-21 08:46:00,4,1504.8,0.0,1685.38,7704.58,Sale,Authorized
T00002178,O0000737,P00047,2024-11-24 11:24:00,3,428.55,25.79,151.18,1411.04,Sale,Settled
T00002179,O0001137,P00463,2025-02-13 09:31:00,2,2646.28,78.99,260.68,5474.25,Sale,Settled
T00002180,O0001322,P00417,2025-09-08 22:58:00,1,975.29,0.0,117.03,1092.32,Sale,Captured
T00002181,O0000063,P00040,2024-11-19 19:27:00,5,446.72,0.0,625.41,2859.01,Sale,Settled
T00002182,O0000356,P00217,2024-01-30 09:28:00,2,723.16,0.0,260.34,1706.66,Sale,Captured
T00002183,O0000266,P00588,2023-03-14 16:33:00,5,732.6,89.64,1000.54,4573.9,Sale,Refunded
T00002184,O0001237,P00646,2025-01-29 09:30:00,1,1613.91,37.53,189.17,1765.55,Sale,Settled
T00002185,O0000585,P00005,2024-05-20 20:47:00,5,892.69,0.0,803.42,5266.87,Refund,Authorized
T00002186,O0000200,P00594,2025-06-13 19:23:00,5,478.97,0.0,119.74,2514.59,Sale,Refunded
T00002187,O0001340,P00521,2024-06-30 09:01:00,4,3714.61,0.0,1783.01,16641.45,Sale,Authorized
T00002188,O0000248,P00568,2025-06-27 04:14:00,5,578.72,0.0,144.68,3038.28,Exchange,Authorized
T00002189,O0001229,P00343,2024-06-01 19:22:00,5,734.04,0.0,1027.66,4697.86,Sale,Settled
T00002190,O0000805,P00274,2025-03-05 19:22:00,1,2291.79,0.0,275.01,2566.8,Exchange,Settled
T00002191,O0001444,P00402,2024-03-21 18:32:00,1,757.34,27.81,87.54,817.07,Sale,Authorized
T00002192,O0001323,P00072,2024-10-03 20:15:00,5,626.2,0.0,876.68,4007.68,Sale,Authorized
T00002193,O0000830,P00552,2023-09-14 19:47:00,1,2060.17,0.0,103.01,2163.18,Exchange,Refunded
T00002194,O0000131,P00262,2024-03-17 02:19:00,3,2361.96,84.64,1960.35,8961.59,Sale,Settled
T00002195,O0000200,P00373,2024-02-12 19:08:00,1,1576.81,27.09,278.95,1828.67,Sale,Captured
T00002196,O0000514,P00536,2025-10-19 01:50:00,5,909.18,68.48,223.87,4701.29,Sale,Refunded
T00002197,O0000370,P00540,2023-11-04 06:17:00,2,1169.87,0.0,421.15,2760.89,Refund,Authorized
T00002198,O0000334,P00340,2025-11-20 11:02:00,4,975.69,23.83,193.95,4072.88,Refund,Captured
T00002199,O0000026,P00492,2023-03-19 06:28:00,1,1244.51,60.41,331.55,1515.65,Sale,Settled
T00002200,O0000833,P00478,2024-03-03 21:06:00,4,533.52,0.0,106.7,2240.78,Sale,Captured
T00000031,O0001137,P00420,2023-05-07 14:16:00,5,2909.81,0.0,1745.89,16294.94,Sale,Settled
T00000331,O0000930,P00296,2025-12-01 06:35:00,5,2094.71,84.65,2908.89,13297.79,Sale,Captured
T00001331,O0000468,P00161,2025-06-11 21:26:00,4,367.66,80.71,166.79,1556.72,Sale,Captured
